{
"type": "FeatureCollection",
"name": "parcelas",
"crs": { "type": "name", "properties": { "name": "urn:ogc:def:crs:OGC:1.3:CRS84" } },
"features": [
{ "type": "Feature", "properties": { "id_original": 0, "id_parcela": 1, "linha": 1, "coluna": 1, "area_m2": 11.598369266281264, "code": null, "description": null, "edificio": null }, "geometry": { "type": "Polygon", "coordinates": [ [ [ 32.637244969035144, -25.772850463926684 ], [ 32.637278267237981, -25.77284133162177 ], [ 32.6372879, -25.7728701 ], [ 32.637254565475345, -25.772879150346046 ], [ 32.637244969035144, -25.772850463926684 ] ] ] } },
{ "type": "Feature", "properties": { "id_original": 0, "id_parcela": 2, "linha": 1, "coluna": 2, "area_m2": 11.612525140554666, "code": null, "description": null, "edificio": null }, "geometry": { "type": "Polygon", "coordinates": [ [ [ 32.637244969035144, -25.772850463926684 ], [ 32.637235344433577, -25.772821693310874 ], [ 32.637268634480542, -25.772812563242855 ], [ 32.637278267237981, -25.77284133162177 ], [ 32.637244969035144, -25.772850463926684 ] ] ] } },
{ "type": "Feature", "properties": { "id_original": 0, "id_parcela": 3, "linha": 1, "coluna": 3, "area_m2": 11.609683044730328, "code": null, "description": null, "edificio": null }, "geometry": { "type": "Polygon", "coordinates": [ [ [ 32.637235344433577, -25.772821693310874 ], [ 32.637225719836579, -25.772792922694375 ], [ 32.637259001727649, -25.772783794863251 ], [ 32.637268634480542, -25.772812563242855 ], [ 32.637235344433577, -25.772821693310874 ] ] ] } },
{ "type": "Feature", "properties": { "id_original": 0, "id_parcela": 4, "linha": 1, "coluna": 4, "area_m2": 11.606840952069129, "code": null, "description": null, "edificio": null }, "geometry": { "type": "Polygon", "coordinates": [ [ [ 32.637225719836579, -25.772792922694375 ], [ 32.637216095244128, -25.772764152077169 ], [ 32.637249368979347, -25.77275502648293 ], [ 32.637259001727649, -25.772783794863251 ], [ 32.637225719836579, -25.772792922694375 ] ] ] } },
{ "type": "Feature", "properties": { "id_original": 0, "id_parcela": 5, "linha": 1, "coluna": 5, "area_m2": 11.603998859301063, "code": null, "description": null, "edificio": null }, "geometry": { "type": "Polygon", "coordinates": [ [ [ 32.637216095244128, -25.772764152077169 ], [ 32.637206470656253, -25.772735381459263 ], [ 32.637239736235585, -25.772726258101908 ], [ 32.637249368979347, -25.77275502648293 ], [ 32.637216095244128, -25.772764152077169 ] ] ] } },
{ "type": "Feature", "properties": { "id_original": 0, "id_parcela": 6, "linha": 1, "coluna": 6, "area_m2": 11.601156762469742, "code": null, "description": null, "edificio": null }, "geometry": { "type": "Polygon", "coordinates": [ [ [ 32.637206470656253, -25.772735381459263 ], [ 32.637196846072911, -25.772706610840665 ], [ 32.637230103496378, -25.772697489720191 ], [ 32.637239736235585, -25.772726258101908 ], [ 32.637206470656253, -25.772735381459263 ] ] ] } },
{ "type": "Feature", "properties": { "id_original": 0, "id_parcela": 7, "linha": 1, "coluna": 7, "area_m2": 11.598314668858718, "code": null, "description": null, "edificio": null }, "geometry": { "type": "Polygon", "coordinates": [ [ [ 32.637196846072911, -25.772706610840665 ], [ 32.637187221494145, -25.772677840221355 ], [ 32.637220470761754, -25.772668721337777 ], [ 32.637230103496378, -25.772697489720191 ], [ 32.637196846072911, -25.772706610840665 ] ] ] } },
{ "type": "Feature", "properties": { "id_original": 0, "id_parcela": 8, "linha": 1, "coluna": 8, "area_m2": 11.595472578094618, "code": null, "description": null, "edificio": null }, "geometry": { "type": "Polygon", "coordinates": [ [ [ 32.637187221494145, -25.772677840221355 ], [ 32.63717759691994, -25.772649069601346 ], [ 32.637210838031677, -25.772639952954645 ], [ 32.637220470761754, -25.772668721337777 ], [ 32.637187221494145, -25.772677840221355 ] ] ] } },
{ "type": "Feature", "properties": { "id_original": 0, "id_parcela": 9, "linha": 1, "coluna": 9, "area_m2": 11.592630481322679, "code": null, "description": null, "edificio": null }, "geometry": { "type": "Polygon", "coordinates": [ [ [ 32.63717759691994, -25.772649069601346 ], [ 32.637167972350284, -25.772620298980637 ], [ 32.637201205306177, -25.772611184570824 ], [ 32.637210838031677, -25.772639952954645 ], [ 32.63717759691994, -25.772649069601346 ] ] ] } },
{ "type": "Feature", "properties": { "id_original": 0, "id_parcela": 10, "linha": 1, "coluna": 10, "area_m2": 11.589788387604882, "code": null, "description": null, "edificio": null }, "geometry": { "type": "Polygon", "coordinates": [ [ [ 32.637167972350284, -25.772620298980637 ], [ 32.637158347785196, -25.772591528359232 ], [ 32.637191572585238, -25.7725824161863 ], [ 32.637201205306177, -25.772611184570824 ], [ 32.637167972350284, -25.772620298980637 ] ] ] } },
{ "type": "Feature", "properties": { "id_original": 0, "id_parcela": 11, "linha": 1, "coluna": 11, "area_m2": 11.586946292730875, "code": null, "description": null, "edificio": null }, "geometry": { "type": "Polygon", "coordinates": [ [ [ 32.637158347785196, -25.772591528359232 ], [ 32.637148723224655, -25.772562757737131 ], [ 32.637181939868839, -25.772553647801079 ], [ 32.637191572585238, -25.7725824161863 ], [ 32.637158347785196, -25.772591528359232 ] ] ] } },
{ "type": "Feature", "properties": { "id_original": 0, "id_parcela": 12, "linha": 1, "coluna": 12, "area_m2": 11.584104199120276, "code": null, "description": null, "edificio": null }, "geometry": { "type": "Polygon", "coordinates": [ [ [ 32.637148723224655, -25.772562757737131 ], [ 32.637139098668683, -25.772533987114322 ], [ 32.637172307157037, -25.772524879415151 ], [ 32.637181939868839, -25.772553647801079 ], [ 32.637148723224655, -25.772562757737131 ] ] ] } },
{ "type": "Feature", "properties": { "id_original": 0, "id_parcela": 13, "linha": 1, "coluna": 13, "area_m2": 11.581262106350348, "code": null, "description": null, "edificio": null }, "geometry": { "type": "Polygon", "coordinates": [ [ [ 32.637139098668683, -25.772533987114322 ], [ 32.637129474117273, -25.772505216490817 ], [ 32.637162674449776, -25.772496111028527 ], [ 32.637172307157037, -25.772524879415151 ], [ 32.637139098668683, -25.772533987114322 ] ] ] } },
{ "type": "Feature", "properties": { "id_original": 0, "id_parcela": 14, "linha": 1, "coluna": 14, "area_m2": 11.578420009581274, "code": null, "description": null, "edificio": null }, "geometry": { "type": "Polygon", "coordinates": [ [ [ 32.637129474117273, -25.772505216490817 ], [ 32.637119849570418, -25.772476445866623 ], [ 32.637153041747084, -25.772467342641196 ], [ 32.637162674449776, -25.772496111028527 ], [ 32.637129474117273, -25.772505216490817 ] ] ] } },
{ "type": "Feature", "properties": { "id_original": 0, "id_parcela": 15, "linha": 1, "coluna": 15, "area_m2": 11.575577919867863, "code": null, "description": null, "edificio": null }, "geometry": { "type": "Polygon", "coordinates": [ [ [ 32.637119849570418, -25.772476445866623 ], [ 32.637110225028117, -25.772447675241711 ], [ 32.637143409048953, -25.772438574253162 ], [ 32.637153041747084, -25.772467342641196 ], [ 32.637119849570418, -25.772476445866623 ] ] ] } },
{ "type": "Feature", "properties": { "id_original": 0, "id_parcela": 16, "linha": 1, "coluna": 16, "area_m2": 11.572735822992009, "code": null, "description": null, "edificio": null }, "geometry": { "type": "Polygon", "coordinates": [ [ [ 32.637110225028117, -25.772447675241711 ], [ 32.637100600490378, -25.772418904616099 ], [ 32.637133776355377, -25.772409805864442 ], [ 32.637143409048953, -25.772438574253162 ], [ 32.637110225028117, -25.772447675241711 ] ] ] } },
{ "type": "Feature", "properties": { "id_original": 0, "id_parcela": 17, "linha": 1, "coluna": 17, "area_m2": 11.569893729466804, "code": null, "description": null, "edificio": null }, "geometry": { "type": "Polygon", "coordinates": [ [ [ 32.637100600490378, -25.772418904616099 ], [ 32.6370909759572, -25.772390133989795 ], [ 32.637124143666377, -25.772381037474993 ], [ 32.637133776355377, -25.772409805864442 ], [ 32.637100600490378, -25.772418904616099 ] ] ] } },
{ "type": "Feature", "properties": { "id_original": 0, "id_parcela": 18, "linha": 1, "coluna": 18, "area_m2": 11.567051634655098, "code": null, "description": null, "edificio": null }, "geometry": { "type": "Polygon", "coordinates": [ [ [ 32.6370909759572, -25.772390133989795 ], [ 32.637081351428584, -25.772361363362783 ], [ 32.637114510981938, -25.772352269084863 ], [ 32.637124143666377, -25.772381037474993 ], [ 32.6370909759572, -25.772390133989795 ] ] ] } },
{ "type": "Feature", "properties": { "id_original": 0, "id_parcela": 19, "linha": 1, "coluna": 19, "area_m2": 11.56420953984415, "code": null, "description": null, "edificio": null }, "geometry": { "type": "Polygon", "coordinates": [ [ [ 32.637081351428584, -25.772361363362783 ], [ 32.63707172690453, -25.772332592735083 ], [ 32.637104878302054, -25.772323500694036 ], [ 32.637114510981938, -25.772352269084863 ], [ 32.637081351428584, -25.772361363362783 ] ] ] } },
{ "type": "Feature", "properties": { "id_original": 0, "id_parcela": 20, "linha": 1, "coluna": 20, "area_m2": 11.561367447117549, "code": null, "description": null, "edificio": null }, "geometry": { "type": "Polygon", "coordinates": [ [ [ 32.63707172690453, -25.772332592735083 ], [ 32.637062102385023, -25.772303822106672 ], [ 32.637095245626732, -25.772294732302498 ], [ 32.637104878302054, -25.772323500694036 ], [ 32.63707172690453, -25.772332592735083 ] ] ] } },
{ "type": "Feature", "properties": { "id_original": 0, "id_parcela": 21, "linha": 1, "coluna": 21, "area_m2": 11.558525353399634, "code": null, "description": null, "edificio": null }, "geometry": { "type": "Polygon", "coordinates": [ [ [ 32.637062102385023, -25.772303822106672 ], [ 32.637052477870071, -25.772275051477568 ], [ 32.637085612955985, -25.772265963910264 ], [ 32.637095245626732, -25.772294732302498 ], [ 32.637062102385023, -25.772303822106672 ] ] ] } },
{ "type": "Feature", "properties": { "id_original": 0, "id_parcela": 22, "linha": 1, "coluna": 22, "area_m2": 11.555683260589054, "code": null, "description": null, "edificio": null }, "geometry": { "type": "Polygon", "coordinates": [ [ [ 32.637052477870071, -25.772275051477568 ], [ 32.637042853359695, -25.772246280847764 ], [ 32.637075980289787, -25.77223719551732 ], [ 32.637085612955985, -25.772265963910264 ], [ 32.637052477870071, -25.772275051477568 ] ] ] } },
{ "type": "Feature", "properties": { "id_original": 0, "id_parcela": 23, "linha": 1, "coluna": 23, "area_m2": 11.552841165823409, "code": null, "description": null, "edificio": null }, "geometry": { "type": "Polygon", "coordinates": [ [ [ 32.637042853359695, -25.772246280847764 ], [ 32.637033228853873, -25.772217510217253 ], [ 32.637066347628156, -25.772208427123687 ], [ 32.637075980289787, -25.77223719551732 ], [ 32.637042853359695, -25.772246280847764 ] ] ] } },
{ "type": "Feature", "properties": { "id_original": 0, "id_parcela": 24, "linha": 1, "coluna": 24, "area_m2": 11.549999071095861, "code": null, "description": null, "edificio": null }, "geometry": { "type": "Polygon", "coordinates": [ [ [ 32.637033228853873, -25.772217510217253 ], [ 32.637023604352606, -25.772188739586046 ], [ 32.637056714971081, -25.772179658729343 ], [ 32.637066347628156, -25.772208427123687 ], [ 32.637033228853873, -25.772217510217253 ] ] ] } },
{ "type": "Feature", "properties": { "id_original": 0, "id_parcela": 25, "linha": 1, "coluna": 25, "area_m2": 11.547156975423112, "code": null, "description": null, "edificio": null }, "geometry": { "type": "Polygon", "coordinates": [ [ [ 32.637023604352606, -25.772188739586046 ], [ 32.637013979855908, -25.772159968954131 ], [ 32.637047082318581, -25.772150890334306 ], [ 32.637056714971081, -25.772179658729343 ], [ 32.637023604352606, -25.772188739586046 ] ] ] } },
{ "type": "Feature", "properties": { "id_original": 0, "id_parcela": 26, "linha": 1, "coluna": 26, "area_m2": 11.544314881705315, "code": null, "description": null, "edificio": null }, "geometry": { "type": "Polygon", "coordinates": [ [ [ 32.637013979855908, -25.772159968954131 ], [ 32.63700435536375, -25.772131198321524 ], [ 32.637037449670643, -25.772122121938565 ], [ 32.637047082318581, -25.772150890334306 ], [ 32.637013979855908, -25.772159968954131 ] ] ] } },
{ "type": "Feature", "properties": { "id_original": 0, "id_parcela": 27, "linha": 1, "coluna": 27, "area_m2": 11.340434620408478, "code": null, "description": null, "edificio": null }, "geometry": { "type": "Polygon", "coordinates": [ [ [ 32.63700435536375, -25.772131198321524 ], [ 32.636994883392148, -25.772102883606781 ], [ 32.637028, -25.7720939 ], [ 32.637037449670643, -25.772122121938565 ], [ 32.63700435536375, -25.772131198321524 ] ] ] } },
{ "type": "Feature", "properties": { "id_original": 4, "id_parcela": 704, "linha": 3, "coluna": 2, "area_m2": 10.763000038866648, "code": null, "description": "Stand de entrada 6x3 m", "edificio": null }, "geometry": { "type": "Polygon", "coordinates": [ [ [ 32.635834093271448, -25.772218898910314 ], [ 32.635801225972372, -25.772212399893895 ], [ 32.635768358676977, -25.772205900870073 ], [ 32.635775147583452, -25.772177752972937 ], [ 32.635808014871515, -25.772184251995157 ], [ 32.635840882163237, -25.772190751009997 ], [ 32.635834093271448, -25.772218898910314 ] ] ] } },
{ "type": "Feature", "properties": { "id_original": 3, "id_parcela": 566, "linha": 3, "coluna": 26, "area_m2": 10.820077227628676, "code": null, "description": "Stand de entrada 6x3 m", "edificio": null }, "geometry": { "type": "Polygon", "coordinates": [ [ [ 32.636126951151951, -25.772218901520418 ], [ 32.636124087494068, -25.772247627434659 ], [ 32.636090440796515, -25.772244877511252 ], [ 32.636056794100632, -25.772242127580089 ], [ 32.636059657774553, -25.772213401667319 ], [ 32.636093304462413, -25.772216151597753 ], [ 32.636126951151951, -25.772218901520418 ] ] ] } },
{ "type": "Feature", "properties": { "id_original": 2, "id_parcela": 404, "linha": 3, "coluna": 26, "area_m2": 12.613954027790498, "code": null, "description": "Stand de entrada 6x3 m", "edificio": null }, "geometry": { "type": "Polygon", "coordinates": [ [ [ 32.636340478554757, -25.772229286520353 ], [ 32.636375961416739, -25.772228452731916 ], [ 32.636411444278323, -25.77222761893481 ], [ 32.636412361267013, -25.772259611582328 ], [ 32.636376878395907, -25.772260445379541 ], [ 32.636341395524411, -25.772261279168106 ], [ 32.636340478554757, -25.772229286520353 ] ] ] } },
{ "type": "Feature", "properties": { "id_original": 1, "id_parcela": 218, "linha": 3, "coluna": 2, "area_m2": 11.780857082635983, "code": null, "description": "Stand de entrada 6x3 m", "edificio": null }, "geometry": { "type": "Polygon", "coordinates": [ [ [ 32.636630815056748, -25.772242645141276 ], [ 32.636625731253851, -25.772212665905645 ], [ 32.63666030498505, -25.772207859227038 ], [ 32.636694878713563, -25.772203052540188 ], [ 32.636699962533491, -25.772233031773631 ], [ 32.636665388796452, -25.772237838461582 ], [ 32.636630815056748, -25.772242645141276 ] ] ] } },
{ "type": "Feature", "properties": { "id_original": 0, "id_parcela": 80, "linha": 3, "coluna": 26, "area_m2": 11.616788281842634, "code": null, "description": "Stand de entrada 6x3 m", "edificio": null }, "geometry": { "type": "Polygon", "coordinates": [ [ [ 32.636904436831024, -25.772158601737921 ], [ 32.636937743013611, -25.772149467273483 ], [ 32.636971049191189, -25.772140332801349 ], [ 32.636980673675986, -25.772169103436049 ], [ 32.636947367491054, -25.772178237910268 ], [ 32.63691406130112, -25.772187372376795 ], [ 32.636904436831024, -25.772158601737921 ] ] ] } },
{ "type": "Feature", "properties": { "id_original": 0, "id_parcela": 56, "linha": 3, "coluna": 2, "area_m2": 11.616788281842634, "code": null, "description": null, "edificio": null }, "geometry": { "type": "Polygon", "coordinates": [ [ [ 32.637178356317378, -25.772868732983049 ], [ 32.637168731730526, -25.772839962363069 ], [ 32.637202038084567, -25.77283082784081 ], [ 32.637211662678773, -25.772859598458709 ], [ 32.637178356317378, -25.772868732983049 ] ] ] } },
{ "type": "Feature", "properties": { "id_original": 0, "id_parcela": 57, "linha": 3, "coluna": 3, "area_m2": 11.616788279835308, "code": null, "description": null, "edificio": null }, "geometry": { "type": "Polygon", "coordinates": [ [ [ 32.637168731730526, -25.772839962363069 ], [ 32.637159107148221, -25.772811191742388 ], [ 32.637192413494908, -25.772802057222229 ], [ 32.637202038084567, -25.77283082784081 ], [ 32.637168731730526, -25.772839962363069 ] ] ] } },
{ "type": "Feature", "properties": { "id_original": 0, "id_parcela": 58, "linha": 3, "coluna": 4, "area_m2": 11.61678828093568, "code": null, "description": null, "edificio": null }, "geometry": { "type": "Polygon", "coordinates": [ [ [ 32.637159107148221, -25.772811191742388 ], [ 32.637149482570486, -25.772782421120993 ], [ 32.637182788909818, -25.772773286602931 ], [ 32.637192413494908, -25.772802057222229 ], [ 32.637159107148221, -25.772811191742388 ] ] ] } },
{ "type": "Feature", "properties": { "id_original": 0, "id_parcela": 59, "linha": 3, "coluna": 5, "area_m2": 11.61678828093568, "code": null, "description": null, "edificio": null }, "geometry": { "type": "Polygon", "coordinates": [ [ [ 32.637149482570486, -25.772782421120993 ], [ 32.637139857997305, -25.772753650498913 ], [ 32.637173164329283, -25.772744515982936 ], [ 32.637182788909818, -25.772773286602931 ], [ 32.637149482570486, -25.772782421120993 ] ] ] } },
{ "type": "Feature", "properties": { "id_original": 0, "id_parcela": 60, "linha": 3, "coluna": 6, "area_m2": 11.616788280785972, "code": null, "description": null, "edificio": null }, "geometry": { "type": "Polygon", "coordinates": [ [ [ 32.637139857997305, -25.772753650498913 ], [ 32.637130233428671, -25.77272487987614 ], [ 32.637163539753303, -25.772715745362245 ], [ 32.637173164329283, -25.772744515982936 ], [ 32.637139857997305, -25.772753650498913 ] ] ] } },
{ "type": "Feature", "properties": { "id_original": 0, "id_parcela": 61, "linha": 3, "coluna": 7, "area_m2": 11.616788281842634, "code": null, "description": null, "edificio": null }, "geometry": { "type": "Polygon", "coordinates": [ [ [ 32.637130233428671, -25.77272487987614 ], [ 32.637120608864613, -25.772696109252657 ], [ 32.637153915181891, -25.772686974740843 ], [ 32.637163539753303, -25.772715745362245 ], [ 32.637130233428671, -25.77272487987614 ] ] ] } },
{ "type": "Feature", "properties": { "id_original": 0, "id_parcela": 62, "linha": 3, "coluna": 8, "area_m2": 11.616788279835308, "code": null, "description": null, "edificio": null }, "geometry": { "type": "Polygon", "coordinates": [ [ [ 32.637120608864613, -25.772696109252657 ], [ 32.63711098430511, -25.772667338628469 ], [ 32.637144290615034, -25.772658204118763 ], [ 32.637153915181891, -25.772686974740843 ], [ 32.637120608864613, -25.772696109252657 ] ] ] } },
{ "type": "Feature", "properties": { "id_original": 0, "id_parcela": 63, "linha": 3, "coluna": 9, "area_m2": 11.616788279835308, "code": null, "description": null, "edificio": null }, "geometry": { "type": "Polygon", "coordinates": [ [ [ 32.63711098430511, -25.772667338628469 ], [ 32.637101359750169, -25.7726385680036 ], [ 32.637134666052731, -25.772629433495965 ], [ 32.637144290615034, -25.772658204118763 ], [ 32.63711098430511, -25.772667338628469 ] ] ] } },
{ "type": "Feature", "properties": { "id_original": 0, "id_parcela": 64, "linha": 3, "coluna": 10, "area_m2": 11.616788281842634, "code": null, "description": null, "edificio": null }, "geometry": { "type": "Polygon", "coordinates": [ [ [ 32.637101359750169, -25.7726385680036 ], [ 32.637091735199782, -25.77260979737801 ], [ 32.637125041494997, -25.772600662872463 ], [ 32.637134666052731, -25.772629433495965 ], [ 32.637101359750169, -25.7726385680036 ] ] ] } },
{ "type": "Feature", "properties": { "id_original": 0, "id_parcela": 65, "linha": 3, "coluna": 11, "area_m2": 11.616788280785972, "code": null, "description": null, "edificio": null }, "geometry": { "type": "Polygon", "coordinates": [ [ [ 32.637091735199782, -25.77260979737801 ], [ 32.637082110653942, -25.772581026751727 ], [ 32.637115416941811, -25.772571892248283 ], [ 32.637125041494997, -25.772600662872463 ], [ 32.637091735199782, -25.77260979737801 ] ] ] } },
{ "type": "Feature", "properties": { "id_original": 0, "id_parcela": 66, "linha": 3, "coluna": 12, "area_m2": 11.61678828093568, "code": null, "description": null, "edificio": null }, "geometry": { "type": "Polygon", "coordinates": [ [ [ 32.637082110653942, -25.772581026751727 ], [ 32.637072486112672, -25.772552256124744 ], [ 32.637105792393193, -25.772543121623386 ], [ 32.637115416941811, -25.772571892248283 ], [ 32.637082110653942, -25.772581026751727 ] ] ] } },
{ "type": "Feature", "properties": { "id_original": 0, "id_parcela": 67, "linha": 3, "coluna": 13, "area_m2": 11.61678828093568, "code": null, "description": null, "edificio": null }, "geometry": { "type": "Polygon", "coordinates": [ [ [ 32.637072486112672, -25.772552256124744 ], [ 32.63706286157597, -25.772523485497057 ], [ 32.63709616784913, -25.772514350997788 ], [ 32.637105792393193, -25.772543121623386 ], [ 32.637072486112672, -25.772552256124744 ] ] ] } },
{ "type": "Feature", "properties": { "id_original": 4, "id_parcela": 704, "linha": 3, "coluna": 2, "area_m2": 10.763000038866648, "code": null, "description": null, "edificio": null }, "geometry": { "type": "Polygon", "coordinates": [ [ [ 32.635956020668381, -25.771538174452736 ], [ 32.635989662226315, -25.771538080328504 ], [ 32.636023303784285, -25.77153798619651 ], [ 32.636023402118411, -25.7715667973455 ], [ 32.635989760552306, -25.771566891477452 ], [ 32.63595611898625, -25.771566985601623 ], [ 32.635956020668381, -25.771538174452736 ] ] ] } },
{ "type": "Feature", "properties": { "id_original": 0, "id_parcela": 69, "linha": 3, "coluna": 15, "area_m2": 11.616788281842634, "code": null, "description": null, "edificio": null }, "geometry": { "type": "Polygon", "coordinates": [ [ [ 32.637053237043823, -25.772494714868682 ], [ 32.637043612516223, -25.772465944239599 ], [ 32.637076918774682, -25.772456809744497 ], [ 32.637086543309621, -25.772485580371487 ], [ 32.637053237043823, -25.772494714868682 ] ] ] } },
{ "type": "Feature", "properties": { "id_original": 0, "id_parcela": 70, "linha": 3, "coluna": 16, "area_m2": 11.616788280785972, "code": null, "description": null, "edificio": null }, "geometry": { "type": "Polygon", "coordinates": [ [ [ 32.637043612516223, -25.772465944239599 ], [ 32.637033987993185, -25.772437173609809 ], [ 32.637067294244297, -25.772428039116804 ], [ 32.637076918774682, -25.772456809744497 ], [ 32.637043612516223, -25.772465944239599 ] ] ] } },
{ "type": "Feature", "properties": { "id_original": 0, "id_parcela": 71, "linha": 3, "coluna": 17, "area_m2": 11.616788279835308, "code": null, "description": null, "edificio": null }, "geometry": { "type": "Polygon", "coordinates": [ [ [ 32.637033987993185, -25.772437173609809 ], [ 32.637024363474715, -25.772408402979341 ], [ 32.637057669718466, -25.772399268488407 ], [ 32.637067294244297, -25.772428039116804 ], [ 32.637033987993185, -25.772437173609809 ] ] ] } },
{ "type": "Feature", "properties": { "id_original": 0, "id_parcela": 72, "linha": 3, "coluna": 18, "area_m2": 11.616788281842634, "code": null, "description": null, "edificio": null }, "geometry": { "type": "Polygon", "coordinates": [ [ [ 32.637024363474715, -25.772408402979341 ], [ 32.637014738960808, -25.772379632348152 ], [ 32.637048045197204, -25.772370497859313 ], [ 32.637057669718466, -25.772399268488407 ], [ 32.637024363474715, -25.772408402979341 ] ] ] } },
{ "type": "Feature", "properties": { "id_original": 0, "id_parcela": 73, "linha": 3, "coluna": 19, "area_m2": 11.616788279835308, "code": null, "description": null, "edificio": null }, "geometry": { "type": "Polygon", "coordinates": [ [ [ 32.637014738960808, -25.772379632348152 ], [ 32.637005114451448, -25.772350861716269 ], [ 32.637038420680497, -25.772341727229524 ], [ 32.637048045197204, -25.772370497859313 ], [ 32.637014738960808, -25.772379632348152 ] ] ] } },
{ "type": "Feature", "properties": { "id_original": 0, "id_parcela": 74, "linha": 3, "coluna": 20, "area_m2": 11.61678828093568, "code": null, "description": null, "edificio": null }, "geometry": { "type": "Polygon", "coordinates": [ [ [ 32.637005114451448, -25.772350861716269 ], [ 32.636995489946656, -25.772322091083684 ], [ 32.637028796168345, -25.772312956599023 ], [ 32.637038420680497, -25.772341727229524 ], [ 32.637005114451448, -25.772350861716269 ] ] ] } },
{ "type": "Feature", "properties": { "id_original": 0, "id_parcela": 75, "linha": 3, "coluna": 21, "area_m2": 11.61678828093568, "code": null, "description": null, "edificio": null }, "geometry": { "type": "Polygon", "coordinates": [ [ [ 32.636995489946656, -25.772322091083684 ], [ 32.63698586544642, -25.772293320450395 ], [ 32.637019171660761, -25.77228418596783 ], [ 32.637028796168345, -25.772312956599023 ], [ 32.636995489946656, -25.772322091083684 ] ] ] } },
{ "type": "Feature", "properties": { "id_original": 0, "id_parcela": 76, "linha": 3, "coluna": 22, "area_m2": 11.616788280785972, "code": null, "description": null, "edificio": null }, "geometry": { "type": "Polygon", "coordinates": [ [ [ 32.63698586544642, -25.772293320450395 ], [ 32.63697624095073, -25.77226454981642 ], [ 32.637009547157724, -25.77225541533593 ], [ 32.637019171660761, -25.77228418596783 ], [ 32.63698586544642, -25.772293320450395 ] ] ] } },
{ "type": "Feature", "properties": { "id_original": 0, "id_parcela": 77, "linha": 3, "coluna": 23, "area_m2": 11.616788281842634, "code": null, "description": null, "edificio": null }, "geometry": { "type": "Polygon", "coordinates": [ [ [ 32.63697624095073, -25.77226454981642 ], [ 32.63696661645961, -25.772235779181738 ], [ 32.63699992265925, -25.772226644703334 ], [ 32.637009547157724, -25.77225541533593 ], [ 32.63697624095073, -25.77226454981642 ] ] ] } },
{ "type": "Feature", "properties": { "id_original": 0, "id_parcela": 78, "linha": 3, "coluna": 24, "area_m2": 11.616788281842634, "code": null, "description": null, "edificio": null }, "geometry": { "type": "Polygon", "coordinates": [ [ [ 32.63696661645961, -25.772235779181738 ], [ 32.636956991973051, -25.772207008546346 ], [ 32.636990298165344, -25.772197874070038 ], [ 32.63699992265925, -25.772226644703334 ], [ 32.63696661645961, -25.772235779181738 ] ] ] } },
{ "type": "Feature", "properties": { "id_original": 0, "id_parcela": 79, "linha": 3, "coluna": 25, "area_m2": 11.616788278734937, "code": null, "description": null, "edificio": null }, "geometry": { "type": "Polygon", "coordinates": [ [ [ 32.636956991973051, -25.772207008546346 ], [ 32.636947367491054, -25.772178237910268 ], [ 32.636980673675986, -25.772169103436049 ], [ 32.636990298165344, -25.772197874070038 ], [ 32.636956991973051, -25.772207008546346 ] ] ] } },
{ "type": "Feature", "properties": { "id_original": 0, "id_parcela": 83, "linha": 4, "coluna": 2, "area_m2": 11.616788277970862, "code": null, "description": null, "edificio": null }, "geometry": { "type": "Polygon", "coordinates": [ [ [ 32.637145049950995, -25.772877867499695 ], [ 32.637135425371483, -25.772849096877618 ], [ 32.637168731730526, -25.772839962363069 ], [ 32.637178356317378, -25.772868732983049 ], [ 32.637145049950995, -25.772877867499695 ] ] ] } },
{ "type": "Feature", "properties": { "id_original": 0, "id_parcela": 84, "linha": 4, "coluna": 3, "area_m2": 11.616788277970862, "code": null, "description": null, "edificio": null }, "geometry": { "type": "Polygon", "coordinates": [ [ [ 32.637135425371483, -25.772849096877618 ], [ 32.637125800796539, -25.772820326254848 ], [ 32.637159107148221, -25.772811191742388 ], [ 32.637168731730526, -25.772839962363069 ], [ 32.637135425371483, -25.772849096877618 ] ] ] } },
{ "type": "Feature", "properties": { "id_original": 0, "id_parcela": 85, "linha": 4, "coluna": 4, "area_m2": 11.616788277970862, "code": null, "description": null, "edificio": null }, "geometry": { "type": "Polygon", "coordinates": [ [ [ 32.637125800796539, -25.772820326254848 ], [ 32.637116176226151, -25.772791555631382 ], [ 32.637149482570486, -25.772782421120993 ], [ 32.637159107148221, -25.772811191742388 ], [ 32.637125800796539, -25.772820326254848 ] ] ] } },
{ "type": "Feature", "properties": { "id_original": 0, "id_parcela": 86, "linha": 4, "coluna": 5, "area_m2": 11.616788276870492, "code": null, "description": null, "edificio": null }, "geometry": { "type": "Polygon", "coordinates": [ [ [ 32.637116176226151, -25.772791555631382 ], [ 32.637106551660324, -25.77276278500721 ], [ 32.637139857997305, -25.772753650498913 ], [ 32.637149482570486, -25.772782421120993 ], [ 32.637116176226151, -25.772791555631382 ] ] ] } },
{ "type": "Feature", "properties": { "id_original": 0, "id_parcela": 87, "linha": 4, "coluna": 6, "area_m2": 11.616788277821154, "code": null, "description": null, "edificio": null }, "geometry": { "type": "Polygon", "coordinates": [ [ [ 32.637106551660324, -25.77276278500721 ], [ 32.637096927099044, -25.77273401438234 ], [ 32.637130233428671, -25.77272487987614 ], [ 32.637139857997305, -25.772753650498913 ], [ 32.637106551660324, -25.77276278500721 ] ] ] } },
{ "type": "Feature", "properties": { "id_original": 0, "id_parcela": 88, "linha": 4, "coluna": 7, "area_m2": 11.616788277970862, "code": null, "description": null, "edificio": null }, "geometry": { "type": "Polygon", "coordinates": [ [ [ 32.637096927099044, -25.77273401438234 ], [ 32.637087302542334, -25.772705243756764 ], [ 32.637120608864613, -25.772696109252657 ], [ 32.637130233428671, -25.77272487987614 ], [ 32.637096927099044, -25.77273401438234 ] ] ] } },
{ "type": "Feature", "properties": { "id_original": 0, "id_parcela": 89, "linha": 4, "coluna": 8, "area_m2": 11.616788276870492, "code": null, "description": null, "edificio": null }, "geometry": { "type": "Polygon", "coordinates": [ [ [ 32.637087302542334, -25.772705243756764 ], [ 32.637077677990185, -25.772676473130506 ], [ 32.63711098430511, -25.772667338628469 ], [ 32.637120608864613, -25.772696109252657 ], [ 32.637087302542334, -25.772705243756764 ] ] ] } },
{ "type": "Feature", "properties": { "id_original": 0, "id_parcela": 90, "linha": 4, "coluna": 9, "area_m2": 11.616788276870492, "code": null, "description": null, "edificio": null }, "geometry": { "type": "Polygon", "coordinates": [ [ [ 32.637077677990185, -25.772676473130506 ], [ 32.637068053442597, -25.772647702503534 ], [ 32.637101359750169, -25.7726385680036 ], [ 32.63711098430511, -25.772667338628469 ], [ 32.637077677990185, -25.772676473130506 ] ] ] } },
{ "type": "Feature", "properties": { "id_original": 0, "id_parcela": 91, "linha": 4, "coluna": 10, "area_m2": 11.616788277970862, "code": null, "description": null, "edificio": null }, "geometry": { "type": "Polygon", "coordinates": [ [ [ 32.637068053442597, -25.772647702503534 ], [ 32.637058428899564, -25.772618931875861 ], [ 32.637091735199782, -25.77260979737801 ], [ 32.637101359750169, -25.7726385680036 ], [ 32.637068053442597, -25.772647702503534 ] ] ] } },
{ "type": "Feature", "properties": { "id_original": 0, "id_parcela": 92, "linha": 4, "coluna": 11, "area_m2": 11.616788278921526, "code": null, "description": null, "edificio": null }, "geometry": { "type": "Polygon", "coordinates": [ [ [ 32.637058428899564, -25.772618931875861 ], [ 32.637048804361079, -25.772590161247486 ], [ 32.637082110653942, -25.772581026751727 ], [ 32.637091735199782, -25.77260979737801 ], [ 32.637058428899564, -25.772618931875861 ] ] ] } },
{ "type": "Feature", "properties": { "id_original": 0, "id_parcela": 93, "linha": 4, "coluna": 12, "area_m2": 11.616788277970862, "code": null, "description": null, "edificio": null }, "geometry": { "type": "Polygon", "coordinates": [ [ [ 32.637048804361079, -25.772590161247486 ], [ 32.637039179827163, -25.772561390618417 ], [ 32.637072486112672, -25.772552256124744 ], [ 32.637082110653942, -25.772581026751727 ], [ 32.637048804361079, -25.772590161247486 ] ] ] } },
{ "type": "Feature", "properties": { "id_original": 0, "id_parcela": 94, "linha": 4, "coluna": 13, "area_m2": 11.616788276870492, "code": null, "description": null, "edificio": null }, "geometry": { "type": "Polygon", "coordinates": [ [ [ 32.637039179827163, -25.772561390618417 ], [ 32.637029555297808, -25.772532619988652 ], [ 32.63706286157597, -25.772523485497057 ], [ 32.637072486112672, -25.772552256124744 ], [ 32.637039179827163, -25.772561390618417 ] ] ] } },
{ "type": "Feature", "properties": { "id_original": 4, "id_parcela": 649, "linha": 1, "coluna": 1, "area_m2": 10.538881032668643, "code": null, "description": null, "edificio": null }, "geometry": { "type": "Polygon", "coordinates": [ [ [ 32.636057043684559, -25.771566703205789 ], [ 32.63609048101145, -25.771566609629897 ], [ 32.636090570053071, -25.771594958110057 ], [ 32.636057140709291, -25.771595128376216 ], [ 32.636057043684559, -25.771566703205789 ] ] ] } },
{ "type": "Feature", "properties": { "id_original": 0, "id_parcela": 96, "linha": 4, "coluna": 15, "area_m2": 11.616788277970862, "code": null, "description": null, "edificio": null }, "geometry": { "type": "Polygon", "coordinates": [ [ [ 32.637019930773008, -25.772503849358184 ], [ 32.637010306252776, -25.772475078727005 ], [ 32.637043612516223, -25.772465944239599 ], [ 32.637053237043823, -25.772494714868682 ], [ 32.637019930773008, -25.772503849358184 ] ] ] } },
{ "type": "Feature", "properties": { "id_original": 0, "id_parcela": 97, "linha": 4, "coluna": 16, "area_m2": 11.616788277821154, "code": null, "description": null, "edificio": null }, "geometry": { "type": "Polygon", "coordinates": [ [ [ 32.637010306252776, -25.772475078727005 ], [ 32.637000681737078, -25.772446308095141 ], [ 32.637033987993185, -25.772437173609809 ], [ 32.637043612516223, -25.772465944239599 ], [ 32.637010306252776, -25.772475078727005 ] ] ] } },
{ "type": "Feature", "properties": { "id_original": 0, "id_parcela": 98, "linha": 4, "coluna": 17, "area_m2": 11.616788276870492, "code": null, "description": null, "edificio": null }, "geometry": { "type": "Polygon", "coordinates": [ [ [ 32.637000681737078, -25.772446308095141 ], [ 32.636991057225963, -25.772417537462573 ], [ 32.637024363474715, -25.772408402979341 ], [ 32.637033987993185, -25.772437173609809 ], [ 32.637000681737078, -25.772446308095141 ] ] ] } },
{ "type": "Feature", "properties": { "id_original": 0, "id_parcela": 99, "linha": 4, "coluna": 18, "area_m2": 11.616788277970862, "code": null, "description": null, "edificio": null }, "geometry": { "type": "Polygon", "coordinates": [ [ [ 32.636991057225963, -25.772417537462573 ], [ 32.636981432719402, -25.772388766829295 ], [ 32.637014738960808, -25.772379632348152 ], [ 32.637024363474715, -25.772408402979341 ], [ 32.636991057225963, -25.772417537462573 ] ] ] } },
{ "type": "Feature", "properties": { "id_original": 0, "id_parcela": 100, "linha": 4, "coluna": 19, "area_m2": 11.616788277970862, "code": null, "description": null, "edificio": null }, "geometry": { "type": "Polygon", "coordinates": [ [ [ 32.636981432719402, -25.772388766829295 ], [ 32.636971808217403, -25.772359996195323 ], [ 32.637005114451448, -25.772350861716269 ], [ 32.637014738960808, -25.772379632348152 ], [ 32.636981432719402, -25.772388766829295 ] ] ] } },
{ "type": "Feature", "properties": { "id_original": 0, "id_parcela": 101, "linha": 4, "coluna": 20, "area_m2": 11.616788277970862, "code": null, "description": null, "edificio": null }, "geometry": { "type": "Polygon", "coordinates": [ [ [ 32.636971808217403, -25.772359996195323 ], [ 32.636962183719959, -25.772331225560649 ], [ 32.636995489946656, -25.772322091083684 ], [ 32.637005114451448, -25.772350861716269 ], [ 32.636971808217403, -25.772359996195323 ] ] ] } },
{ "type": "Feature", "properties": { "id_original": 0, "id_parcela": 102, "linha": 4, "coluna": 21, "area_m2": 11.616788278828231, "code": null, "description": null, "edificio": null }, "geometry": { "type": "Polygon", "coordinates": [ [ [ 32.636962183719959, -25.772331225560649 ], [ 32.636952559227062, -25.772302454925278 ], [ 32.63698586544642, -25.772293320450395 ], [ 32.636995489946656, -25.772322091083684 ], [ 32.636962183719959, -25.772331225560649 ] ] ] } },
{ "type": "Feature", "properties": { "id_original": 0, "id_parcela": 103, "linha": 4, "coluna": 22, "area_m2": 11.616788278828231, "code": null, "description": null, "edificio": null }, "geometry": { "type": "Polygon", "coordinates": [ [ [ 32.636952559227062, -25.772302454925278 ], [ 32.636942934738741, -25.772273684289207 ], [ 32.63697624095073, -25.77226454981642 ], [ 32.63698586544642, -25.772293320450395 ], [ 32.636952559227062, -25.772302454925278 ] ] ] } },
{ "type": "Feature", "properties": { "id_original": 0, "id_parcela": 104, "linha": 4, "coluna": 23, "area_m2": 11.616788277970862, "code": null, "description": null, "edificio": null }, "geometry": { "type": "Polygon", "coordinates": [ [ [ 32.636942934738741, -25.772273684289207 ], [ 32.636933310254975, -25.772244913652436 ], [ 32.63696661645961, -25.772235779181738 ], [ 32.63697624095073, -25.77226454981642 ], [ 32.636942934738741, -25.772273684289207 ] ] ] } },
{ "type": "Feature", "properties": { "id_original": 0, "id_parcela": 105, "linha": 4, "coluna": 24, "area_m2": 11.616788276870492, "code": null, "description": null, "edificio": null }, "geometry": { "type": "Polygon", "coordinates": [ [ [ 32.636933310254975, -25.772244913652436 ], [ 32.63692368577577, -25.772216143014969 ], [ 32.636956991973051, -25.772207008546346 ], [ 32.63696661645961, -25.772235779181738 ], [ 32.636933310254975, -25.772244913652436 ] ] ] } },
{ "type": "Feature", "properties": { "id_original": 0, "id_parcela": 106, "linha": 4, "coluna": 25, "area_m2": 11.616788276870492, "code": null, "description": null, "edificio": null }, "geometry": { "type": "Polygon", "coordinates": [ [ [ 32.63692368577577, -25.772216143014969 ], [ 32.63691406130112, -25.772187372376795 ], [ 32.636947367491054, -25.772178237910268 ], [ 32.636956991973051, -25.772207008546346 ], [ 32.63692368577577, -25.772216143014969 ] ] ] } },
{ "type": "Feature", "properties": { "id_original": 0, "id_parcela": 136, "linha": 6, "coluna": 1, "area_m2": 11.427382895719829, "code": null, "description": null, "edificio": null }, "geometry": { "type": "Polygon", "coordinates": [ [ [ 32.637111743579581, -25.772887002008641 ], [ 32.6371212273271, -25.772915351653303 ], [ 32.6370879, -25.772924399999987 ], [ 32.637078444156693, -25.77289613460287 ], [ 32.637111743579581, -25.772887002008641 ] ] ] } },
{ "type": "Feature", "properties": { "id_original": 0, "id_parcela": 137, "linha": 6, "coluna": 2, "area_m2": 11.614409628884395, "code": null, "description": null, "edificio": null }, "geometry": { "type": "Polygon", "coordinates": [ [ [ 32.63710211900743, -25.772858231384493 ], [ 32.637111743579581, -25.772887002008641 ], [ 32.637078444156693, -25.77289613460287 ], [ 32.637068819324448, -25.772867364049965 ], [ 32.63710211900743, -25.772858231384493 ] ] ] } },
{ "type": "Feature", "properties": { "id_original": 0, "id_parcela": 138, "linha": 6, "coluna": 3, "area_m2": 11.614502909863136, "code": null, "description": null, "edificio": null }, "geometry": { "type": "Polygon", "coordinates": [ [ [ 32.637092494439834, -25.772829460759635 ], [ 32.63710211900743, -25.772858231384493 ], [ 32.637068819324448, -25.772867364049965 ], [ 32.637059194496764, -25.772838593496363 ], [ 32.637092494439834, -25.772829460759635 ] ] ] } },
{ "type": "Feature", "properties": { "id_original": 0, "id_parcela": 139, "linha": 6, "coluna": 4, "area_m2": 11.614596190599407, "code": null, "description": null, "edificio": null }, "geometry": { "type": "Polygon", "coordinates": [ [ [ 32.637082869876799, -25.772800690134073 ], [ 32.637092494439834, -25.772829460759635 ], [ 32.637059194496764, -25.772838593496363 ], [ 32.637049569673628, -25.772809822942079 ], [ 32.637082869876799, -25.772800690134073 ] ] ] } },
{ "type": "Feature", "properties": { "id_original": 0, "id_parcela": 140, "linha": 6, "coluna": 5, "area_m2": 11.614689471485253, "code": null, "description": null, "edificio": null }, "geometry": { "type": "Polygon", "coordinates": [ [ [ 32.637073245318319, -25.772771919507825 ], [ 32.637082869876799, -25.772800690134073 ], [ 32.637049569673628, -25.772809822942079 ], [ 32.637039944855069, -25.772781052387078 ], [ 32.637073245318319, -25.772771919507825 ] ] ] } },
{ "type": "Feature", "properties": { "id_original": 0, "id_parcela": 141, "linha": 6, "coluna": 6, "area_m2": 11.614782753414531, "code": null, "description": null, "edificio": null }, "geometry": { "type": "Polygon", "coordinates": [ [ [ 32.637063620764401, -25.772743148880863 ], [ 32.637073245318319, -25.772771919507825 ], [ 32.637039944855069, -25.772781052387078 ], [ 32.637030320041049, -25.772752281831384 ], [ 32.637063620764401, -25.772743148880863 ] ] ] } },
{ "type": "Feature", "properties": { "id_original": 0, "id_parcela": 142, "linha": 6, "coluna": 7, "area_m2": 11.614876032342728, "code": null, "description": null, "edificio": null }, "geometry": { "type": "Polygon", "coordinates": [ [ [ 32.637053996215045, -25.772714378253202 ], [ 32.637063620764401, -25.772743148880863 ], [ 32.637030320041049, -25.772752281831384 ], [ 32.637020695231598, -25.772723511274975 ], [ 32.637053996215045, -25.772714378253202 ] ] ] } },
{ "type": "Feature", "properties": { "id_original": 0, "id_parcela": 143, "linha": 6, "coluna": 8, "area_m2": 11.614969312221422, "code": null, "description": null, "edificio": null }, "geometry": { "type": "Polygon", "coordinates": [ [ [ 32.63704437167025, -25.77268560762484 ], [ 32.637053996215045, -25.772714378253202 ], [ 32.637020695231598, -25.772723511274975 ], [ 32.637011070426709, -25.772694740717878 ], [ 32.63704437167025, -25.77268560762484 ] ] ] } },
{ "type": "Feature", "properties": { "id_original": 0, "id_parcela": 144, "linha": 6, "coluna": 9, "area_m2": 11.615062590999983, "code": null, "description": null, "edificio": null }, "geometry": { "type": "Polygon", "coordinates": [ [ [ 32.637034747130002, -25.772656836995782 ], [ 32.63704437167025, -25.77268560762484 ], [ 32.637011070426709, -25.772694740717878 ], [ 32.637001445626382, -25.772665970160087 ], [ 32.637034747130002, -25.772656836995782 ] ] ] } },
{ "type": "Feature", "properties": { "id_original": 0, "id_parcela": 145, "linha": 6, "coluna": 10, "area_m2": 11.615155872836336, "code": null, "description": null, "edificio": null }, "geometry": { "type": "Polygon", "coordinates": [ [ [ 32.637025122594324, -25.772628066366028 ], [ 32.637034747130002, -25.772656836995782 ], [ 32.637001445626382, -25.772665970160087 ], [ 32.636991820830602, -25.772637199601586 ], [ 32.637025122594324, -25.772628066366028 ] ] ] } },
{ "type": "Feature", "properties": { "id_original": 0, "id_parcela": 146, "linha": 6, "coluna": 11, "area_m2": 11.615249155772858, "code": null, "description": null, "edificio": null }, "geometry": { "type": "Polygon", "coordinates": [ [ [ 32.637015498063192, -25.772599295735564 ], [ 32.637025122594324, -25.772628066366028 ], [ 32.636991820830602, -25.772637199601586 ], [ 32.636982196039384, -25.772608429042389 ], [ 32.637015498063192, -25.772599295735564 ] ] ] } },
{ "type": "Feature", "properties": { "id_original": 0, "id_parcela": 147, "linha": 6, "coluna": 12, "area_m2": 11.615342434701013, "code": null, "description": null, "edificio": null }, "geometry": { "type": "Polygon", "coordinates": [ [ [ 32.63700587353663, -25.772570525104406 ], [ 32.637015498063192, -25.772599295735564 ], [ 32.636982196039384, -25.772608429042389 ], [ 32.636972571252734, -25.772579658482485 ], [ 32.63700587353663, -25.772570525104406 ] ] ] } },
{ "type": "Feature", "properties": { "id_original": 0, "id_parcela": 148, "linha": 6, "coluna": 13, "area_m2": 11.615435712572559, "code": null, "description": null, "edificio": null }, "geometry": { "type": "Polygon", "coordinates": [ [ [ 32.636996249014622, -25.772541754472556 ], [ 32.63700587353663, -25.772570525104406 ], [ 32.636972571252734, -25.772579658482485 ], [ 32.636962946470639, -25.772550887921884 ], [ 32.636996249014622, -25.772541754472556 ] ] ] } },
{ "type": "Feature", "properties": { "id_original": 0, "id_parcela": 149, "linha": 6, "coluna": 14, "area_m2": 11.615528992451241, "code": null, "description": null, "edificio": null }, "geometry": { "type": "Polygon", "coordinates": [ [ [ 32.636986624497183, -25.772512983839992 ], [ 32.636996249014622, -25.772541754472556 ], [ 32.636962946470639, -25.772550887921884 ], [ 32.636953321693106, -25.772522117360591 ], [ 32.636986624497183, -25.772512983839992 ] ] ] } },
{ "type": "Feature", "properties": { "id_original": 0, "id_parcela": 150, "linha": 6, "coluna": 15, "area_m2": 11.61562227629479, "code": null, "description": null, "edificio": null }, "geometry": { "type": "Polygon", "coordinates": [ [ [ 32.636976999984299, -25.772484213206731 ], [ 32.636986624497183, -25.772512983839992 ], [ 32.636953321693106, -25.772522117360591 ], [ 32.636943696920127, -25.772493346798598 ], [ 32.636976999984299, -25.772484213206731 ] ] ] } },
{ "type": "Feature", "properties": { "id_original": 0, "id_parcela": 151, "linha": 6, "coluna": 16, "area_m2": 11.615715558131182, "code": null, "description": null, "edificio": null }, "geometry": { "type": "Polygon", "coordinates": [ [ [ 32.636967375475962, -25.77245544257277 ], [ 32.636976999984299, -25.772484213206731 ], [ 32.636943696920127, -25.772493346798598 ], [ 32.636934072151696, -25.772464576235897 ], [ 32.636967375475962, -25.77245544257277 ] ] ] } },
{ "type": "Feature", "properties": { "id_original": 0, "id_parcela": 152, "linha": 6, "coluna": 17, "area_m2": 11.615808837059301, "code": null, "description": null, "edificio": null }, "geometry": { "type": "Polygon", "coordinates": [ [ [ 32.636957750972194, -25.77242667193811 ], [ 32.636967375475962, -25.77245544257277 ], [ 32.636934072151696, -25.772464576235897 ], [ 32.636924447387841, -25.772435805672494 ], [ 32.636957750972194, -25.77242667193811 ] ] ] } },
{ "type": "Feature", "properties": { "id_original": 0, "id_parcela": 153, "linha": 6, "coluna": 18, "area_m2": 11.615902116937995, "code": null, "description": null, "edificio": null }, "geometry": { "type": "Polygon", "coordinates": [ [ [ 32.636948126472987, -25.772397901302753 ], [ 32.636957750972194, -25.77242667193811 ], [ 32.636924447387841, -25.772435805672494 ], [ 32.636914822628547, -25.77240703510839 ], [ 32.636948126472987, -25.772397901302753 ] ] ] } },
{ "type": "Feature", "properties": { "id_original": 0, "id_parcela": 154, "linha": 6, "coluna": 19, "area_m2": 11.615995393709206, "code": null, "description": null, "edificio": null }, "geometry": { "type": "Polygon", "coordinates": [ [ [ 32.636938501978335, -25.772369130666696 ], [ 32.636948126472987, -25.772397901302753 ], [ 32.636914822628547, -25.77240703510839 ], [ 32.636905197873809, -25.772378264543597 ], [ 32.636938501978335, -25.772369130666696 ] ] ] } },
{ "type": "Feature", "properties": { "id_original": 0, "id_parcela": 155, "linha": 6, "coluna": 20, "area_m2": 11.616088678653096, "code": null, "description": null, "edificio": null }, "geometry": { "type": "Polygon", "coordinates": [ [ [ 32.636928877488245, -25.772340360029933 ], [ 32.636938501978335, -25.772369130666696 ], [ 32.636905197873809, -25.772378264543597 ], [ 32.636895573123617, -25.772349493978094 ], [ 32.636928877488245, -25.772340360029933 ] ] ] } },
{ "type": "Feature", "properties": { "id_original": 0, "id_parcela": 156, "linha": 6, "coluna": 21, "area_m2": 11.616181956524542, "code": null, "description": null, "edificio": null }, "geometry": { "type": "Polygon", "coordinates": [ [ [ 32.636919253002702, -25.772311589392483 ], [ 32.636928877488245, -25.772340360029933 ], [ 32.636895573123617, -25.772349493978094 ], [ 32.636885948377994, -25.772320723411895 ], [ 32.636919253002702, -25.772311589392483 ] ] ] } },
{ "type": "Feature", "properties": { "id_original": 0, "id_parcela": 157, "linha": 6, "coluna": 22, "area_m2": 11.616275236403229, "code": null, "description": null, "edificio": null }, "geometry": { "type": "Polygon", "coordinates": [ [ [ 32.636909628521728, -25.77228281875432 ], [ 32.636919253002702, -25.772311589392483 ], [ 32.636885948377994, -25.772320723411895 ], [ 32.636876323636926, -25.772291952845006 ], [ 32.636909628521728, -25.77228281875432 ] ] ] } },
{ "type": "Feature", "properties": { "id_original": 0, "id_parcela": 158, "linha": 6, "coluna": 23, "area_m2": 11.616368520396591, "code": null, "description": null, "edificio": null }, "geometry": { "type": "Polygon", "coordinates": [ [ [ 32.636900004045316, -25.77225404811546 ], [ 32.636909628521728, -25.77228281875432 ], [ 32.636876323636926, -25.772291952845006 ], [ 32.63686669890042, -25.772263182277392 ], [ 32.636900004045316, -25.77225404811546 ] ] ] } },
{ "type": "Feature", "properties": { "id_original": 0, "id_parcela": 159, "linha": 6, "coluna": 24, "area_m2": 11.616461795209965, "code": null, "description": null, "edificio": null }, "geometry": { "type": "Polygon", "coordinates": [ [ [ 32.636890379573465, -25.772225277475894 ], [ 32.636900004045316, -25.77225404811546 ], [ 32.63686669890042, -25.772263182277392 ], [ 32.636857074168489, -25.7722344117091 ], [ 32.636890379573465, -25.772225277475894 ] ] ] } },
{ "type": "Feature", "properties": { "id_original": 0, "id_parcela": 160, "linha": 6, "coluna": 25, "area_m2": 11.616555078046588, "code": null, "description": null, "edificio": null }, "geometry": { "type": "Polygon", "coordinates": [ [ [ 32.636880755106169, -25.772196506835634 ], [ 32.636890379573465, -25.772225277475894 ], [ 32.636857074168489, -25.7722344117091 ], [ 32.636847449441099, -25.772205641140093 ], [ 32.636880755106169, -25.772196506835634 ] ] ] } },
{ "type": "Feature", "properties": { "id_original": 0, "id_parcela": 161, "linha": 6, "coluna": 26, "area_m2": 11.616648356925054, "code": null, "description": null, "edificio": null }, "geometry": { "type": "Polygon", "coordinates": [ [ [ 32.636871130643435, -25.772167736194682 ], [ 32.636880755106169, -25.772196506835634 ], [ 32.636847449441099, -25.772205641140093 ], [ 32.63683782471827, -25.772176870570394 ], [ 32.636871130643435, -25.772167736194682 ] ] ] } },
{ "type": "Feature", "properties": { "id_original": 0, "id_parcela": 162, "linha": 6, "coluna": 27, "area_m2": 11.598332903877379, "code": null, "description": null, "edificio": null }, "geometry": { "type": "Polygon", "coordinates": [ [ [ 32.636871130643435, -25.772167736194682 ], [ 32.63683782471827, -25.772176870570394 ], [ 32.6368282, -25.7721481 ], [ 32.63686153668835, -25.772139056736759 ], [ 32.636871130643435, -25.772167736194682 ] ] ] } },
{ "type": "Feature", "properties": { "id_original": 1, "id_parcela": 163, "linha": 1, "coluna": 1, "area_m2": 11.769241729734869, "code": null, "description": null, "edificio": null }, "geometry": { "type": "Polygon", "coordinates": [ [ [ 32.636591157519959, -25.772217472575996 ], [ 32.636556586591006, -25.772222278847778 ], [ 32.6365515, -25.7721923 ], [ 32.636586083339942, -25.772187550020632 ], [ 32.636591157519959, -25.772217472575996 ] ] ] } },
{ "type": "Feature", "properties": { "id_original": 1, "id_parcela": 164, "linha": 1, "coluna": 2, "area_m2": 11.779422064998883, "code": null, "description": null, "edificio": null }, "geometry": { "type": "Polygon", "coordinates": [ [ [ 32.636591157519959, -25.772217472575996 ], [ 32.636596241314336, -25.772247451812731 ], [ 32.636561673184481, -25.772252257695278 ], [ 32.636556586591006, -25.772222278847778 ], [ 32.636591157519959, -25.772217472575996 ] ] ] } },
{ "type": "Feature", "properties": { "id_original": 1, "id_parcela": 165, "linha": 1, "coluna": 3, "area_m2": 11.778465385611831, "code": null, "description": null, "edificio": null }, "geometry": { "type": "Polygon", "coordinates": [ [ [ 32.636596241314336, -25.772247451812731 ], [ 32.63660132511118, -25.772277431049194 ], [ 32.636566759780408, -25.772282236542509 ], [ 32.636561673184481, -25.772252257695278 ], [ 32.636596241314336, -25.772247451812731 ] ] ] } },
{ "type": "Feature", "properties": { "id_original": 1, "id_parcela": 166, "linha": 1, "coluna": 4, "area_m2": 11.777508706224825, "code": null, "description": null, "edificio": null }, "geometry": { "type": "Polygon", "coordinates": [ [ [ 32.63660132511118, -25.772277431049194 ], [ 32.63660640891046, -25.772307410285382 ], [ 32.636571846378786, -25.772312215389459 ], [ 32.636566759780408, -25.772282236542509 ], [ 32.63660132511118, -25.772277431049194 ] ] ] } },
{ "type": "Feature", "properties": { "id_original": 1, "id_parcela": 167, "linha": 1, "coluna": 5, "area_m2": 11.77655202419448, "code": null, "description": null, "edificio": null }, "geometry": { "type": "Polygon", "coordinates": [ [ [ 32.63660640891046, -25.772307410285382 ], [ 32.63661149271222, -25.772337389521294 ], [ 32.636576932979644, -25.772342194236128 ], [ 32.636571846378786, -25.772312215389459 ], [ 32.63660640891046, -25.772307410285382 ] ] ] } },
{ "type": "Feature", "properties": { "id_original": 1, "id_parcela": 168, "linha": 1, "coluna": 6, "area_m2": 11.775595346178843, "code": null, "description": null, "edificio": null }, "geometry": { "type": "Polygon", "coordinates": [ [ [ 32.63661149271222, -25.772337389521294 ], [ 32.636616576516431, -25.772367368756928 ], [ 32.636582019582953, -25.77237217308253 ], [ 32.636576932979644, -25.772342194236128 ], [ 32.63661149271222, -25.772337389521294 ] ] ] } },
{ "type": "Feature", "properties": { "id_original": 1, "id_parcela": 169, "linha": 1, "coluna": 7, "area_m2": 11.774638668589393, "code": null, "description": null, "edificio": null }, "geometry": { "type": "Polygon", "coordinates": [ [ [ 32.636616576516431, -25.772367368756928 ], [ 32.636621660323101, -25.7723973479923 ], [ 32.636587106188713, -25.772402151928667 ], [ 32.636582019582953, -25.77237217308253 ], [ 32.636616576516431, -25.772367368756928 ] ] ] } },
{ "type": "Feature", "properties": { "id_original": 1, "id_parcela": 170, "linha": 1, "coluna": 8, "area_m2": 11.773681989706802, "code": null, "description": null, "edificio": null }, "geometry": { "type": "Polygon", "coordinates": [ [ [ 32.636621660323101, -25.7723973479923 ], [ 32.636626744132236, -25.772427327227398 ], [ 32.636592192796947, -25.772432130774529 ], [ 32.636587106188713, -25.772402151928667 ], [ 32.636621660323101, -25.7723973479923 ] ] ] } },
{ "type": "Feature", "properties": { "id_original": 1, "id_parcela": 171, "linha": 1, "coluna": 9, "area_m2": 11.772725310319876, "code": null, "description": null, "edificio": null }, "geometry": { "type": "Polygon", "coordinates": [ [ [ 32.636626744132236, -25.772427327227398 ], [ 32.636631827943816, -25.772457306462211 ], [ 32.636597279407631, -25.772462109620111 ], [ 32.636592192796947, -25.772432130774529 ], [ 32.636626744132236, -25.772427327227398 ] ] ] } },
{ "type": "Feature", "properties": { "id_original": 1, "id_parcela": 172, "linha": 1, "coluna": 10, "area_m2": 11.771768632730424, "code": null, "description": null, "edificio": null }, "geometry": { "type": "Polygon", "coordinates": [ [ [ 32.636631827943816, -25.772457306462211 ], [ 32.636636911757861, -25.772487285696766 ], [ 32.636602366020767, -25.772492088465427 ], [ 32.636597279407631, -25.772462109620111 ], [ 32.636631827943816, -25.772457306462211 ] ] ] } },
{ "type": "Feature", "properties": { "id_original": 1, "id_parcela": 173, "linha": 1, "coluna": 11, "area_m2": 11.770811952554574, "code": null, "description": null, "edificio": null }, "geometry": { "type": "Polygon", "coordinates": [ [ [ 32.636636911757861, -25.772487285696766 ], [ 32.636641995574365, -25.772517264931036 ], [ 32.63660745263639, -25.772522067310462 ], [ 32.636602366020767, -25.772492088465427 ], [ 32.636636911757861, -25.772487285696766 ] ] ] } },
{ "type": "Feature", "properties": { "id_original": 1, "id_parcela": 174, "linha": 1, "coluna": 12, "area_m2": 11.769855271370293, "code": null, "description": null, "edificio": null }, "geometry": { "type": "Polygon", "coordinates": [ [ [ 32.636641995574365, -25.772517264931036 ], [ 32.636647079393327, -25.77254724416504 ], [ 32.63661253925445, -25.772552046155234 ], [ 32.63660745263639, -25.772522067310462 ], [ 32.636641995574365, -25.772517264931036 ] ] ] } },
{ "type": "Feature", "properties": { "id_original": 1, "id_parcela": 175, "linha": 1, "coluna": 13, "area_m2": 11.768898593780841, "code": null, "description": null, "edificio": null }, "geometry": { "type": "Polygon", "coordinates": [ [ [ 32.636647079393327, -25.77254724416504 ], [ 32.636652163214748, -25.77257722339877 ], [ 32.636617625874969, -25.772582024999725 ], [ 32.63661253925445, -25.772552046155234 ], [ 32.636647079393327, -25.77254724416504 ] ] ] } },
{ "type": "Feature", "properties": { "id_original": 1, "id_parcela": 176, "linha": 1, "coluna": 14, "area_m2": 11.767941914898129, "code": null, "description": null, "edificio": null }, "geometry": { "type": "Polygon", "coordinates": [ [ [ 32.636652163214748, -25.77257722339877 ], [ 32.63665724703862, -25.772607202632223 ], [ 32.63662271249796, -25.772612003843939 ], [ 32.636617625874969, -25.772582024999725 ], [ 32.636652163214748, -25.77257722339877 ] ] ] } },
{ "type": "Feature", "properties": { "id_original": 1, "id_parcela": 177, "linha": 1, "coluna": 15, "area_m2": 11.766985235511324, "code": null, "description": null, "edificio": null }, "geometry": { "type": "Polygon", "coordinates": [ [ [ 32.63665724703862, -25.772607202632223 ], [ 32.636662330864958, -25.772637181865399 ], [ 32.636627799123396, -25.772641982687887 ], [ 32.63662271249796, -25.772612003843939 ], [ 32.63665724703862, -25.772607202632223 ] ] ] } },
{ "type": "Feature", "properties": { "id_original": 1, "id_parcela": 178, "linha": 1, "coluna": 16, "area_m2": 11.766028554271243, "code": null, "description": null, "edificio": null }, "geometry": { "type": "Polygon", "coordinates": [ [ [ 32.636662330864958, -25.772637181865399 ], [ 32.636667414693747, -25.772667161098305 ], [ 32.636632885751304, -25.77267196153155 ], [ 32.636627799123396, -25.772641982687887 ], [ 32.636662330864958, -25.772637181865399 ] ] ] } },
{ "type": "Feature", "properties": { "id_original": 1, "id_parcela": 179, "linha": 1, "coluna": 17, "area_m2": 11.765071875465079, "code": null, "description": null, "edificio": null }, "geometry": { "type": "Polygon", "coordinates": [ [ [ 32.636667414693747, -25.772667161098305 ], [ 32.636672498524995, -25.772697140330941 ], [ 32.636637972381664, -25.772701940374947 ], [ 32.636632885751304, -25.77267196153155 ], [ 32.636667414693747, -25.772667161098305 ] ] ] } },
{ "type": "Feature", "properties": { "id_original": 1, "id_parcela": 180, "linha": 1, "coluna": 18, "area_m2": 11.764115196078336, "code": null, "description": null, "edificio": null }, "geometry": { "type": "Polygon", "coordinates": [ [ [ 32.636672498524995, -25.772697140330941 ], [ 32.636677582358708, -25.772727119563303 ], [ 32.636643059014489, -25.772731919218071 ], [ 32.636637972381664, -25.772701940374947 ], [ 32.636672498524995, -25.772697140330941 ] ] ] } },
{ "type": "Feature", "properties": { "id_original": 1, "id_parcela": 181, "linha": 1, "coluna": 19, "area_m2": 11.763158517195521, "code": null, "description": null, "edificio": null }, "geometry": { "type": "Polygon", "coordinates": [ [ [ 32.636677582358708, -25.772727119563303 ], [ 32.636682666194879, -25.772757098795388 ], [ 32.636648145649772, -25.772761898060924 ], [ 32.636643059014489, -25.772731919218071 ], [ 32.636677582358708, -25.772727119563303 ] ] ] } },
{ "type": "Feature", "properties": { "id_original": 1, "id_parcela": 182, "linha": 1, "coluna": 20, "area_m2": 11.762201837808819, "code": null, "description": null, "edificio": null }, "geometry": { "type": "Polygon", "coordinates": [ [ [ 32.636682666194879, -25.772757098795388 ], [ 32.636687750033502, -25.772787078027203 ], [ 32.636653232287514, -25.772791876903504 ], [ 32.636648145649772, -25.772761898060924 ], [ 32.636682666194879, -25.772757098795388 ] ] ] } },
{ "type": "Feature", "properties": { "id_original": 1, "id_parcela": 183, "linha": 1, "coluna": 21, "area_m2": 11.761245160219367, "code": null, "description": null, "edificio": null }, "geometry": { "type": "Polygon", "coordinates": [ [ [ 32.636687750033502, -25.772787078027203 ], [ 32.636692833874584, -25.772817057258745 ], [ 32.636658318927715, -25.772821855745804 ], [ 32.636653232287514, -25.772791876903504 ], [ 32.636687750033502, -25.772787078027203 ] ] ] } },
{ "type": "Feature", "properties": { "id_original": 1, "id_parcela": 184, "linha": 1, "coluna": 22, "area_m2": 11.76028848133649, "code": null, "description": null, "edificio": null }, "geometry": { "type": "Polygon", "coordinates": [ [ [ 32.636692833874584, -25.772817057258745 ], [ 32.636697917718131, -25.77284703649001 ], [ 32.636663405570374, -25.772851834587836 ], [ 32.636658318927715, -25.772821855745804 ], [ 32.636692833874584, -25.772817057258745 ] ] ] } },
{ "type": "Feature", "properties": { "id_original": 1, "id_parcela": 185, "linha": 1, "coluna": 23, "area_m2": 11.75933180194985, "code": null, "description": null, "edificio": null }, "geometry": { "type": "Polygon", "coordinates": [ [ [ 32.636697917718131, -25.77284703649001 ], [ 32.636703001564136, -25.772877015721004 ], [ 32.636668492215492, -25.772881813429592 ], [ 32.636663405570374, -25.772851834587836 ], [ 32.636697917718131, -25.77284703649001 ] ] ] } },
{ "type": "Feature", "properties": { "id_original": 1, "id_parcela": 186, "linha": 1, "coluna": 24, "area_m2": 11.758375123066934, "code": null, "description": null, "edificio": null }, "geometry": { "type": "Polygon", "coordinates": [ [ [ 32.636703001564136, -25.772877015721004 ], [ 32.6367080854126, -25.772906994951718 ], [ 32.636673578863082, -25.772911792271078 ], [ 32.636668492215492, -25.772881813429592 ], [ 32.636703001564136, -25.772877015721004 ] ] ] } },
{ "type": "Feature", "properties": { "id_original": 1, "id_parcela": 187, "linha": 1, "coluna": 25, "area_m2": 11.757418442386847, "code": null, "description": null, "edificio": null }, "geometry": { "type": "Polygon", "coordinates": [ [ [ 32.6367080854126, -25.772906994951718 ], [ 32.636713169263516, -25.772936974182166 ], [ 32.636678665513124, -25.772941771112286 ], [ 32.636673578863082, -25.772911792271078 ], [ 32.6367080854126, -25.772906994951718 ] ] ] } },
{ "type": "Feature", "properties": { "id_original": 1, "id_parcela": 188, "linha": 1, "coluna": 26, "area_m2": 11.75646176436887, "code": null, "description": null, "edificio": null }, "geometry": { "type": "Polygon", "coordinates": [ [ [ 32.636713169263516, -25.772936974182166 ], [ 32.636718253116889, -25.772966953412357 ], [ 32.636683752165617, -25.772971749953218 ], [ 32.636678665513124, -25.772941771112286 ], [ 32.636713169263516, -25.772936974182166 ] ] ] } },
{ "type": "Feature", "properties": { "id_original": 1, "id_parcela": 189, "linha": 1, "coluna": 27, "area_m2": 11.673255137230214, "code": null, "description": null, "edificio": null }, "geometry": { "type": "Polygon", "coordinates": [ [ [ 32.636718253116889, -25.772966953412357 ], [ 32.63672330462844, -25.772996741909758 ], [ 32.636688799999988, -25.7730015 ], [ 32.636683752165617, -25.772971749953218 ], [ 32.636718253116889, -25.772966953412357 ] ] ] } },
{ "type": "Feature", "properties": { "id_original": 1, "id_parcela": 219, "linha": 3, "coluna": 3, "area_m2": 11.780857082635983, "code": null, "description": null, "edificio": null }, "geometry": { "type": "Polygon", "coordinates": [ [ [ 32.636665388796452, -25.772237838461582 ], [ 32.636670472610319, -25.772267817695848 ], [ 32.636635898862103, -25.772272624376644 ], [ 32.636630815056748, -25.772242645141276 ], [ 32.636665388796452, -25.772237838461582 ] ] ] } },
{ "type": "Feature", "properties": { "id_original": 1, "id_parcela": 220, "linha": 3, "coluna": 4, "area_m2": 11.780857082131337, "code": null, "description": null, "edificio": null }, "geometry": { "type": "Polygon", "coordinates": [ [ [ 32.636670472610319, -25.772267817695848 ], [ 32.636675556426638, -25.772297796929841 ], [ 32.636640982669903, -25.772302603611728 ], [ 32.636635898862103, -25.772272624376644 ], [ 32.636670472610319, -25.772267817695848 ] ] ] } },
{ "type": "Feature", "properties": { "id_original": 1, "id_parcela": 221, "linha": 3, "coluna": 5, "area_m2": 11.780857082635983, "code": null, "description": null, "edificio": null }, "geometry": { "type": "Polygon", "coordinates": [ [ [ 32.636675556426638, -25.772297796929841 ], [ 32.636680640245416, -25.772327776163561 ], [ 32.636646066480161, -25.772332582846548 ], [ 32.636640982669903, -25.772302603611728 ], [ 32.636675556426638, -25.772297796929841 ] ] ] } },
{ "type": "Feature", "properties": { "id_original": 1, "id_parcela": 222, "linha": 3, "coluna": 6, "area_m2": 11.780857082635983, "code": null, "description": null, "edificio": null }, "geometry": { "type": "Polygon", "coordinates": [ [ [ 32.636680640245416, -25.772327776163561 ], [ 32.636685724066659, -25.772357755397014 ], [ 32.636651150292892, -25.772362562081099 ], [ 32.636646066480161, -25.772332582846548 ], [ 32.636680640245416, -25.772327776163561 ] ] ] } },
{ "type": "Feature", "properties": { "id_original": 1, "id_parcela": 223, "linha": 3, "coluna": 7, "area_m2": 11.780857082635983, "code": null, "description": null, "edificio": null }, "geometry": { "type": "Polygon", "coordinates": [ [ [ 32.636685724066659, -25.772357755397014 ], [ 32.636690807890353, -25.772387734630186 ], [ 32.636656234108074, -25.772392541315366 ], [ 32.636651150292892, -25.772362562081099 ], [ 32.636685724066659, -25.772357755397014 ] ] ] } },
{ "type": "Feature", "properties": { "id_original": 1, "id_parcela": 224, "linha": 3, "coluna": 8, "area_m2": 11.780857082635983, "code": null, "description": null, "edificio": null }, "geometry": { "type": "Polygon", "coordinates": [ [ [ 32.636690807890353, -25.772387734630186 ], [ 32.636695891716506, -25.772417713863089 ], [ 32.636661317925721, -25.772422520549359 ], [ 32.636656234108074, -25.772392541315366 ], [ 32.636690807890353, -25.772387734630186 ] ] ] } },
{ "type": "Feature", "properties": { "id_original": 1, "id_parcela": 225, "linha": 3, "coluna": 9, "area_m2": 11.780857082635983, "code": null, "description": null, "edificio": null }, "geometry": { "type": "Polygon", "coordinates": [ [ [ 32.636695891716506, -25.772417713863089 ], [ 32.636700975545132, -25.772447693095714 ], [ 32.636666401745821, -25.772452499783089 ], [ 32.636661317925721, -25.772422520549359 ], [ 32.636695891716506, -25.772417713863089 ] ] ] } },
{ "type": "Feature", "properties": { "id_original": 1, "id_parcela": 226, "linha": 3, "coluna": 10, "area_m2": 11.780857082635983, "code": null, "description": null, "edificio": null }, "geometry": { "type": "Polygon", "coordinates": [ [ [ 32.636700975545132, -25.772447693095714 ], [ 32.636706059376202, -25.772477672328062 ], [ 32.636671485568378, -25.772482479016539 ], [ 32.636666401745821, -25.772452499783089 ], [ 32.636700975545132, -25.772447693095714 ] ] ] } },
{ "type": "Feature", "properties": { "id_original": 1, "id_parcela": 227, "linha": 3, "coluna": 11, "area_m2": 11.780857082635983, "code": null, "description": null, "edificio": null }, "geometry": { "type": "Polygon", "coordinates": [ [ [ 32.636706059376202, -25.772477672328062 ], [ 32.63671114320973, -25.772507651560147 ], [ 32.636676569393401, -25.772512458249714 ], [ 32.636671485568378, -25.772482479016539 ], [ 32.636706059376202, -25.772477672328062 ] ] ] } },
{ "type": "Feature", "properties": { "id_original": 1, "id_parcela": 228, "linha": 3, "coluna": 12, "area_m2": 11.780857082635983, "code": null, "description": null, "edificio": null }, "geometry": { "type": "Polygon", "coordinates": [ [ [ 32.63671114320973, -25.772507651560147 ], [ 32.636716227045717, -25.772537630791955 ], [ 32.636681653220876, -25.77254243748262 ], [ 32.636676569393401, -25.772512458249714 ], [ 32.63671114320973, -25.772507651560147 ] ] ] } },
{ "type": "Feature", "properties": { "id_original": 1, "id_parcela": 229, "linha": 3, "coluna": 13, "area_m2": 11.780857082635983, "code": null, "description": null, "edificio": null }, "geometry": { "type": "Polygon", "coordinates": [ [ [ 32.636716227045717, -25.772537630791955 ], [ 32.63672131088417, -25.772567610023486 ], [ 32.636686737050809, -25.772572416715249 ], [ 32.636681653220876, -25.77254243748262 ], [ 32.636716227045717, -25.772537630791955 ] ] ] } },
{ "type": "Feature", "properties": { "id_original": 4, "id_parcela": 650, "linha": 1, "coluna": 2, "area_m2": 10.698914019168775, "code": null, "description": null, "edificio": null }, "geometry": { "type": "Polygon", "coordinates": [ [ [ 32.636057043684559, -25.771566703205789 ], [ 32.636056945342311, -25.771537892056713 ], [ 32.636090390516486, -25.77153779845877 ], [ 32.63609048101145, -25.771566609629897 ], [ 32.636057043684559, -25.771566703205789 ] ] ] } },
{ "type": "Feature", "properties": { "id_original": 1, "id_parcela": 231, "linha": 3, "coluna": 15, "area_m2": 11.780857082635983, "code": null, "description": null, "edificio": null }, "geometry": { "type": "Polygon", "coordinates": [ [ [ 32.636726394725081, -25.772597589254747 ], [ 32.636731478568436, -25.772627568485735 ], [ 32.63669690471805, -25.77263237517969 ], [ 32.6366918208832, -25.772602395947608 ], [ 32.636726394725081, -25.772597589254747 ] ] ] } },
{ "type": "Feature", "properties": { "id_original": 1, "id_parcela": 232, "linha": 3, "coluna": 16, "area_m2": 11.780857082131337, "code": null, "description": null, "edificio": null }, "geometry": { "type": "Polygon", "coordinates": [ [ [ 32.636731478568436, -25.772627568485735 ], [ 32.636736562414249, -25.772657547716449 ], [ 32.636701988555352, -25.772662354411501 ], [ 32.63669690471805, -25.77263237517969 ], [ 32.636731478568436, -25.772627568485735 ] ] ] } },
{ "type": "Feature", "properties": { "id_original": 1, "id_parcela": 233, "linha": 3, "coluna": 17, "area_m2": 11.780857082635983, "code": null, "description": null, "edificio": null }, "geometry": { "type": "Polygon", "coordinates": [ [ [ 32.636736562414249, -25.772657547716449 ], [ 32.636741646262536, -25.772687526946889 ], [ 32.636707072395119, -25.77269233364304 ], [ 32.636701988555352, -25.772662354411501 ], [ 32.636736562414249, -25.772657547716449 ] ] ] } },
{ "type": "Feature", "properties": { "id_original": 1, "id_parcela": 234, "linha": 3, "coluna": 18, "area_m2": 11.780857082635983, "code": null, "description": null, "edificio": null }, "geometry": { "type": "Polygon", "coordinates": [ [ [ 32.636741646262536, -25.772687526946889 ], [ 32.636746730113273, -25.772717506177059 ], [ 32.636712156237337, -25.772722312874304 ], [ 32.636707072395119, -25.77269233364304 ], [ 32.636741646262536, -25.772687526946889 ] ] ] } },
{ "type": "Feature", "properties": { "id_original": 1, "id_parcela": 235, "linha": 3, "coluna": 19, "area_m2": 11.780857082635983, "code": null, "description": null, "edificio": null }, "geometry": { "type": "Polygon", "coordinates": [ [ [ 32.636746730113273, -25.772717506177059 ], [ 32.636751813966477, -25.772747485406953 ], [ 32.636717240082021, -25.772752292105295 ], [ 32.636712156237337, -25.772722312874304 ], [ 32.636746730113273, -25.772717506177059 ] ] ] } },
{ "type": "Feature", "properties": { "id_original": 1, "id_parcela": 236, "linha": 3, "coluna": 20, "area_m2": 11.780857082635983, "code": null, "description": null, "edificio": null }, "geometry": { "type": "Polygon", "coordinates": [ [ [ 32.636751813966477, -25.772747485406953 ], [ 32.636756897822131, -25.772777464636569 ], [ 32.636722323929163, -25.772782271336013 ], [ 32.636717240082021, -25.772752292105295 ], [ 32.636751813966477, -25.772747485406953 ] ] ] } },
{ "type": "Feature", "properties": { "id_original": 1, "id_parcela": 237, "linha": 3, "coluna": 21, "area_m2": 11.780857082635983, "code": null, "description": null, "edificio": null }, "geometry": { "type": "Polygon", "coordinates": [ [ [ 32.636756897822131, -25.772777464636569 ], [ 32.636761981680245, -25.772807443865922 ], [ 32.636727407778764, -25.772812250566453 ], [ 32.636722323929163, -25.772782271336013 ], [ 32.636756897822131, -25.772777464636569 ] ] ] } },
{ "type": "Feature", "properties": { "id_original": 1, "id_parcela": 238, "linha": 3, "coluna": 22, "area_m2": 11.780857082635983, "code": null, "description": null, "edificio": null }, "geometry": { "type": "Polygon", "coordinates": [ [ [ 32.636761981680245, -25.772807443865922 ], [ 32.636767065540816, -25.772837423094991 ], [ 32.636732491630823, -25.772842229796623 ], [ 32.636727407778764, -25.772812250566453 ], [ 32.636761981680245, -25.772807443865922 ] ] ] } },
{ "type": "Feature", "properties": { "id_original": 1, "id_parcela": 239, "linha": 3, "coluna": 23, "area_m2": 11.780857082635983, "code": null, "description": null, "edificio": null }, "geometry": { "type": "Polygon", "coordinates": [ [ [ 32.636767065540816, -25.772837423094991 ], [ 32.636772149403839, -25.77286740232379 ], [ 32.636737575485334, -25.772872209026524 ], [ 32.636732491630823, -25.772842229796623 ], [ 32.636767065540816, -25.772837423094991 ] ] ] } },
{ "type": "Feature", "properties": { "id_original": 1, "id_parcela": 240, "linha": 3, "coluna": 24, "area_m2": 11.780857082635983, "code": null, "description": null, "edificio": null }, "geometry": { "type": "Polygon", "coordinates": [ [ [ 32.636772149403839, -25.77286740232379 ], [ 32.636777233269335, -25.772897381552319 ], [ 32.636742659342318, -25.77290218825614 ], [ 32.636737575485334, -25.772872209026524 ], [ 32.636772149403839, -25.77286740232379 ] ] ] } },
{ "type": "Feature", "properties": { "id_original": 1, "id_parcela": 241, "linha": 3, "coluna": 25, "area_m2": 11.780857082635983, "code": null, "description": null, "edificio": null }, "geometry": { "type": "Polygon", "coordinates": [ [ [ 32.636777233269335, -25.772897381552319 ], [ 32.636782317137275, -25.772927360780571 ], [ 32.636747743201745, -25.772932167485493 ], [ 32.636742659342318, -25.77290218825614 ], [ 32.636777233269335, -25.772897381552319 ] ] ] } },
{ "type": "Feature", "properties": { "id_original": 1, "id_parcela": 242, "linha": 3, "coluna": 26, "area_m2": 11.780857082635983, "code": null, "description": null, "edificio": null }, "geometry": { "type": "Polygon", "coordinates": [ [ [ 32.636782317137275, -25.772927360780571 ], [ 32.636787401007687, -25.772957340008553 ], [ 32.636752827063638, -25.772962146714569 ], [ 32.636747743201745, -25.772932167485493 ], [ 32.636782317137275, -25.772927360780571 ] ] ] } },
{ "type": "Feature", "properties": { "id_original": 1, "id_parcela": 246, "linha": 4, "coluna": 3, "area_m2": 11.780857085726616, "code": null, "description": null, "edificio": null }, "geometry": { "type": "Polygon", "coordinates": [ [ [ 32.636699962533491, -25.772233031773631 ], [ 32.636705046355871, -25.772263011006803 ], [ 32.636670472610319, -25.772267817695848 ], [ 32.636665388796452, -25.772237838461582 ], [ 32.636699962533491, -25.772233031773631 ] ] ] } },
{ "type": "Feature", "properties": { "id_original": 1, "id_parcela": 247, "linha": 4, "coluna": 4, "area_m2": 11.780857085221971, "code": null, "description": null, "edificio": null }, "geometry": { "type": "Polygon", "coordinates": [ [ [ 32.636705046355871, -25.772263011006803 ], [ 32.636710130180703, -25.772292990239702 ], [ 32.636675556426638, -25.772297796929841 ], [ 32.636670472610319, -25.772267817695848 ], [ 32.636705046355871, -25.772263011006803 ] ] ] } },
{ "type": "Feature", "properties": { "id_original": 1, "id_parcela": 248, "linha": 4, "coluna": 5, "area_m2": 11.780857085726616, "code": null, "description": null, "edificio": null }, "geometry": { "type": "Polygon", "coordinates": [ [ [ 32.636710130180703, -25.772292990239702 ], [ 32.636715214007992, -25.772322969472327 ], [ 32.636680640245416, -25.772327776163561 ], [ 32.636675556426638, -25.772297796929841 ], [ 32.636710130180703, -25.772292990239702 ] ] ] } },
{ "type": "Feature", "properties": { "id_original": 1, "id_parcela": 249, "linha": 4, "coluna": 6, "area_m2": 11.780857085726616, "code": null, "description": null, "edificio": null }, "geometry": { "type": "Polygon", "coordinates": [ [ [ 32.636715214007992, -25.772322969472327 ], [ 32.636720297837748, -25.772352948704683 ], [ 32.636685724066659, -25.772357755397014 ], [ 32.636680640245416, -25.772327776163561 ], [ 32.636715214007992, -25.772322969472327 ] ] ] } },
{ "type": "Feature", "properties": { "id_original": 1, "id_parcela": 250, "linha": 4, "coluna": 7, "area_m2": 11.780857085726616, "code": null, "description": null, "edificio": null }, "geometry": { "type": "Polygon", "coordinates": [ [ [ 32.636720297837748, -25.772352948704683 ], [ 32.636725381669962, -25.772382927936754 ], [ 32.636690807890353, -25.772387734630186 ], [ 32.636685724066659, -25.772357755397014 ], [ 32.636720297837748, -25.772352948704683 ] ] ] } },
{ "type": "Feature", "properties": { "id_original": 1, "id_parcela": 251, "linha": 4, "coluna": 8, "area_m2": 11.780857085726616, "code": null, "description": null, "edificio": null }, "geometry": { "type": "Polygon", "coordinates": [ [ [ 32.636725381669962, -25.772382927936754 ], [ 32.636730465504627, -25.772412907168558 ], [ 32.636695891716506, -25.772417713863089 ], [ 32.636690807890353, -25.772387734630186 ], [ 32.636725381669962, -25.772382927936754 ] ] ] } },
{ "type": "Feature", "properties": { "id_original": 1, "id_parcela": 252, "linha": 4, "coluna": 9, "area_m2": 11.780857085726616, "code": null, "description": null, "edificio": null }, "geometry": { "type": "Polygon", "coordinates": [ [ [ 32.636730465504627, -25.772412907168558 ], [ 32.636735549341765, -25.772442886400089 ], [ 32.636700975545132, -25.772447693095714 ], [ 32.636695891716506, -25.772417713863089 ], [ 32.636730465504627, -25.772412907168558 ] ] ] } },
{ "type": "Feature", "properties": { "id_original": 1, "id_parcela": 253, "linha": 4, "coluna": 10, "area_m2": 11.780857085726616, "code": null, "description": null, "edificio": null }, "geometry": { "type": "Polygon", "coordinates": [ [ [ 32.636735549341765, -25.772442886400089 ], [ 32.636740633181347, -25.77247286563135 ], [ 32.636706059376202, -25.772477672328062 ], [ 32.636700975545132, -25.772447693095714 ], [ 32.636735549341765, -25.772442886400089 ] ] ] } },
{ "type": "Feature", "properties": { "id_original": 1, "id_parcela": 254, "linha": 4, "coluna": 11, "area_m2": 11.780857085726616, "code": null, "description": null, "edificio": null }, "geometry": { "type": "Polygon", "coordinates": [ [ [ 32.636740633181347, -25.77247286563135 ], [ 32.636745717023395, -25.772502844862331 ], [ 32.63671114320973, -25.772507651560147 ], [ 32.636706059376202, -25.772477672328062 ], [ 32.636740633181347, -25.77247286563135 ] ] ] } },
{ "type": "Feature", "properties": { "id_original": 1, "id_parcela": 255, "linha": 4, "coluna": 12, "area_m2": 11.780857085726616, "code": null, "description": null, "edificio": null }, "geometry": { "type": "Polygon", "coordinates": [ [ [ 32.636745717023395, -25.772502844862331 ], [ 32.636750800867894, -25.772532824093041 ], [ 32.636716227045717, -25.772537630791955 ], [ 32.63671114320973, -25.772507651560147 ], [ 32.636745717023395, -25.772502844862331 ] ] ] } },
{ "type": "Feature", "properties": { "id_original": 1, "id_parcela": 256, "linha": 4, "coluna": 13, "area_m2": 11.780857085726616, "code": null, "description": null, "edificio": null }, "geometry": { "type": "Polygon", "coordinates": [ [ [ 32.636750800867894, -25.772532824093041 ], [ 32.636755884714866, -25.772562803323485 ], [ 32.63672131088417, -25.772567610023486 ], [ 32.636716227045717, -25.772537630791955 ], [ 32.636750800867894, -25.772532824093041 ] ] ] } },
{ "type": "Feature", "properties": { "id_original": 4, "id_parcela": 651, "linha": 1, "coluna": 3, "area_m2": 10.701427198080889, "code": null, "description": null, "edificio": null }, "geometry": { "type": "Polygon", "coordinates": [ [ [ 32.636056945342311, -25.771537892056713 ], [ 32.63605684700002, -25.771509080907524 ], [ 32.636090300021472, -25.771508987287529 ], [ 32.636090390516486, -25.77153779845877 ], [ 32.636056945342311, -25.771537892056713 ] ] ] } },
{ "type": "Feature", "properties": { "id_original": 1, "id_parcela": 258, "linha": 4, "coluna": 15, "area_m2": 11.780857085726616, "code": null, "description": null, "edificio": null }, "geometry": { "type": "Polygon", "coordinates": [ [ [ 32.636760968564282, -25.772592782553644 ], [ 32.636766052416164, -25.772622761783538 ], [ 32.636731478568436, -25.772627568485735 ], [ 32.636726394725081, -25.772597589254747 ], [ 32.636760968564282, -25.772592782553644 ] ] ] } },
{ "type": "Feature", "properties": { "id_original": 1, "id_parcela": 259, "linha": 4, "coluna": 16, "area_m2": 11.780857085221971, "code": null, "description": null, "edificio": null }, "geometry": { "type": "Polygon", "coordinates": [ [ [ 32.636766052416164, -25.772622761783538 ], [ 32.63677113627049, -25.772652741013157 ], [ 32.636736562414249, -25.772657547716449 ], [ 32.636731478568436, -25.772627568485735 ], [ 32.636766052416164, -25.772622761783538 ] ] ] } },
{ "type": "Feature", "properties": { "id_original": 1, "id_parcela": 260, "linha": 4, "coluna": 17, "area_m2": 11.780857085726616, "code": null, "description": null, "edificio": null }, "geometry": { "type": "Polygon", "coordinates": [ [ [ 32.63677113627049, -25.772652741013157 ], [ 32.636776220127281, -25.772682720242493 ], [ 32.636741646262536, -25.772687526946889 ], [ 32.636736562414249, -25.772657547716449 ], [ 32.63677113627049, -25.772652741013157 ] ] ] } },
{ "type": "Feature", "properties": { "id_original": 1, "id_parcela": 261, "linha": 4, "coluna": 18, "area_m2": 11.780857085726616, "code": null, "description": null, "edificio": null }, "geometry": { "type": "Polygon", "coordinates": [ [ [ 32.636776220127281, -25.772682720242493 ], [ 32.636781303986538, -25.772712699471565 ], [ 32.636746730113273, -25.772717506177059 ], [ 32.636741646262536, -25.772687526946889 ], [ 32.636776220127281, -25.772682720242493 ] ] ] } },
{ "type": "Feature", "properties": { "id_original": 1, "id_parcela": 262, "linha": 4, "coluna": 19, "area_m2": 11.780857085726616, "code": null, "description": null, "edificio": null }, "geometry": { "type": "Polygon", "coordinates": [ [ [ 32.636781303986538, -25.772712699471565 ], [ 32.636786387848247, -25.772742678700368 ], [ 32.636751813966477, -25.772747485406953 ], [ 32.636746730113273, -25.772717506177059 ], [ 32.636781303986538, -25.772712699471565 ] ] ] } },
{ "type": "Feature", "properties": { "id_original": 1, "id_parcela": 263, "linha": 4, "coluna": 20, "area_m2": 11.780857085726616, "code": null, "description": null, "edificio": null }, "geometry": { "type": "Polygon", "coordinates": [ [ [ 32.636786387848247, -25.772742678700368 ], [ 32.636791471712414, -25.772772657928886 ], [ 32.636756897822131, -25.772777464636569 ], [ 32.636751813966477, -25.772747485406953 ], [ 32.636786387848247, -25.772742678700368 ] ] ] } },
{ "type": "Feature", "properties": { "id_original": 1, "id_parcela": 264, "linha": 4, "coluna": 21, "area_m2": 11.780857085726616, "code": null, "description": null, "edificio": null }, "geometry": { "type": "Polygon", "coordinates": [ [ [ 32.636791471712414, -25.772772657928886 ], [ 32.636796555579046, -25.772802637157138 ], [ 32.636761981680245, -25.772807443865922 ], [ 32.636756897822131, -25.772777464636569 ], [ 32.636791471712414, -25.772772657928886 ] ] ] } },
{ "type": "Feature", "properties": { "id_original": 1, "id_parcela": 265, "linha": 4, "coluna": 22, "area_m2": 11.780857085726616, "code": null, "description": null, "edificio": null }, "geometry": { "type": "Polygon", "coordinates": [ [ [ 32.636796555579046, -25.772802637157138 ], [ 32.636801639448137, -25.772832616385116 ], [ 32.636767065540816, -25.772837423094991 ], [ 32.636761981680245, -25.772807443865922 ], [ 32.636796555579046, -25.772802637157138 ] ] ] } },
{ "type": "Feature", "properties": { "id_original": 1, "id_parcela": 266, "linha": 4, "coluna": 23, "area_m2": 11.780857085726616, "code": null, "description": null, "edificio": null }, "geometry": { "type": "Polygon", "coordinates": [ [ [ 32.636801639448137, -25.772832616385116 ], [ 32.63680672331968, -25.772862595612818 ], [ 32.636772149403839, -25.77286740232379 ], [ 32.636767065540816, -25.772837423094991 ], [ 32.636801639448137, -25.772832616385116 ] ] ] } },
{ "type": "Feature", "properties": { "id_original": 1, "id_parcela": 267, "linha": 4, "coluna": 24, "area_m2": 11.780857085726616, "code": null, "description": null, "edificio": null }, "geometry": { "type": "Polygon", "coordinates": [ [ [ 32.63680672331968, -25.772862595612818 ], [ 32.636811807193681, -25.772892574840249 ], [ 32.636777233269335, -25.772897381552319 ], [ 32.636772149403839, -25.77286740232379 ], [ 32.63680672331968, -25.772862595612818 ] ] ] } },
{ "type": "Feature", "properties": { "id_original": 1, "id_parcela": 268, "linha": 4, "coluna": 25, "area_m2": 11.780857085726616, "code": null, "description": null, "edificio": null }, "geometry": { "type": "Polygon", "coordinates": [ [ [ 32.636811807193681, -25.772892574840249 ], [ 32.636816891070147, -25.772922554067403 ], [ 32.636782317137275, -25.772927360780571 ], [ 32.636777233269335, -25.772897381552319 ], [ 32.636811807193681, -25.772892574840249 ] ] ] } },
{ "type": "Feature", "properties": { "id_original": 1, "id_parcela": 269, "linha": 4, "coluna": 26, "area_m2": 11.780857085726616, "code": null, "description": null, "edificio": null }, "geometry": { "type": "Polygon", "coordinates": [ [ [ 32.636816891070147, -25.772922554067403 ], [ 32.636821974949065, -25.772952533294287 ], [ 32.636787401007687, -25.772957340008553 ], [ 32.636782317137275, -25.772927360780571 ], [ 32.636816891070147, -25.772922554067403 ] ] ] } },
{ "type": "Feature", "properties": { "id_original": 1, "id_parcela": 298, "linha": 6, "coluna": 1, "area_m2": 11.65830846451491, "code": null, "description": null, "edificio": null }, "geometry": { "type": "Polygon", "coordinates": [ [ [ 32.636729452439411, -25.772198245845093 ], [ 32.636724416673275, -25.772168550020638 ], [ 32.636759, -25.7721638 ], [ 32.636764025916321, -25.772193439175982 ], [ 32.636729452439411, -25.772198245845093 ] ] ] } },
{ "type": "Feature", "properties": { "id_original": 1, "id_parcela": 299, "linha": 6, "coluna": 2, "area_m2": 11.780730742086245, "code": null, "description": null, "edificio": null }, "geometry": { "type": "Polygon", "coordinates": [ [ [ 32.636734536267845, -25.772228225077438 ], [ 32.636729452439411, -25.772198245845093 ], [ 32.636764025916321, -25.772193439175982 ], [ 32.636769109504193, -25.772223418441865 ], [ 32.636734536267845, -25.772228225077438 ] ] ] } },
{ "type": "Feature", "properties": { "id_original": 1, "id_parcela": 300, "linha": 6, "coluna": 3, "area_m2": 11.780645872318829, "code": null, "description": null, "edificio": null }, "geometry": { "type": "Polygon", "coordinates": [ [ [ 32.636739620098737, -25.772258204309523 ], [ 32.636734536267845, -25.772228225077438 ], [ 32.636769109504193, -25.772223418441865 ], [ 32.636774193094524, -25.77225339770748 ], [ 32.636739620098737, -25.772258204309523 ] ] ] } },
{ "type": "Feature", "properties": { "id_original": 1, "id_parcela": 301, "linha": 6, "coluna": 4, "area_m2": 11.780560996885328, "code": null, "description": null, "edificio": null }, "geometry": { "type": "Polygon", "coordinates": [ [ [ 32.636744703932081, -25.77228818354131 ], [ 32.636739620098737, -25.772258204309523 ], [ 32.636774193094524, -25.77225339770748 ], [ 32.636779276687314, -25.772283376972805 ], [ 32.636744703932081, -25.77228818354131 ] ] ] } },
{ "type": "Feature", "properties": { "id_original": 1, "id_parcela": 302, "linha": 6, "coluna": 5, "area_m2": 11.780476132568403, "code": null, "description": null, "edificio": null }, "geometry": { "type": "Polygon", "coordinates": [ [ [ 32.636749787767897, -25.772318162772844 ], [ 32.636744703932081, -25.77228818354131 ], [ 32.636779276687314, -25.772283376972805 ], [ 32.636784360282576, -25.772313356237859 ], [ 32.636749787767897, -25.772318162772844 ] ] ] } },
{ "type": "Feature", "properties": { "id_original": 1, "id_parcela": 303, "linha": 6, "coluna": 6, "area_m2": 11.780391260362155, "code": null, "description": null, "edificio": null }, "geometry": { "type": "Polygon", "coordinates": [ [ [ 32.636754871606158, -25.772348142004091 ], [ 32.636749787767897, -25.772318162772844 ], [ 32.636784360282576, -25.772313356237859 ], [ 32.636789443880275, -25.772343335502647 ], [ 32.636754871606158, -25.772348142004091 ] ] ] } },
{ "type": "Feature", "properties": { "id_original": 1, "id_parcela": 304, "linha": 6, "coluna": 7, "area_m2": 11.780306390594696, "code": null, "description": null, "edificio": null }, "geometry": { "type": "Polygon", "coordinates": [ [ [ 32.636759955446884, -25.772378121235082 ], [ 32.636754871606158, -25.772348142004091 ], [ 32.636789443880275, -25.772343335502647 ], [ 32.636794527480447, -25.772373314767158 ], [ 32.636759955446884, -25.772378121235082 ] ] ] } },
{ "type": "Feature", "properties": { "id_original": 1, "id_parcela": 305, "linha": 6, "coluna": 8, "area_m2": 11.7802215188931, "code": null, "description": null, "edificio": null }, "geometry": { "type": "Polygon", "coordinates": [ [ [ 32.636765039290076, -25.772408100465778 ], [ 32.636759955446884, -25.772378121235082 ], [ 32.636794527480447, -25.772373314767158 ], [ 32.636799611083077, -25.772403294031399 ], [ 32.636765039290076, -25.772408100465778 ] ] ] } },
{ "type": "Feature", "properties": { "id_original": 1, "id_parcela": 306, "linha": 6, "coluna": 9, "area_m2": 11.780136650418623, "code": null, "description": null, "edificio": null }, "geometry": { "type": "Polygon", "coordinates": [ [ [ 32.636770123135719, -25.772438079696222 ], [ 32.636765039290076, -25.772408100465778 ], [ 32.636799611083077, -25.772403294031399 ], [ 32.636804694688159, -25.772433273295359 ], [ 32.636770123135719, -25.772438079696222 ] ] ] } },
{ "type": "Feature", "properties": { "id_original": 1, "id_parcela": 307, "linha": 6, "coluna": 10, "area_m2": 11.780051778774597, "code": null, "description": null, "edificio": null }, "geometry": { "type": "Polygon", "coordinates": [ [ [ 32.636775206983813, -25.772468058926382 ], [ 32.636770123135719, -25.772438079696222 ], [ 32.636804694688159, -25.772433273295359 ], [ 32.636809778295692, -25.772463252559064 ], [ 32.636775206983813, -25.772468058926382 ] ] ] } },
{ "type": "Feature", "properties": { "id_original": 1, "id_parcela": 308, "linha": 6, "coluna": 11, "area_m2": 11.779966905780022, "code": null, "description": null, "edificio": null }, "geometry": { "type": "Polygon", "coordinates": [ [ [ 32.636780290834373, -25.772498038156272 ], [ 32.636775206983813, -25.772468058926382 ], [ 32.636809778295692, -25.772463252559064 ], [ 32.636814861905691, -25.77249323182247 ], [ 32.636780290834373, -25.772498038156272 ] ] ] } },
{ "type": "Feature", "properties": { "id_original": 1, "id_parcela": 309, "linha": 6, "coluna": 12, "area_m2": 11.779882039103132, "code": null, "description": null, "edificio": null }, "geometry": { "type": "Polygon", "coordinates": [ [ [ 32.636785374687399, -25.772528017385888 ], [ 32.636780290834373, -25.772498038156272 ], [ 32.636814861905691, -25.77249323182247 ], [ 32.636819945518162, -25.772523211085623 ], [ 32.636785374687399, -25.772528017385888 ] ] ] } },
{ "type": "Feature", "properties": { "id_original": 1, "id_parcela": 310, "linha": 6, "coluna": 13, "area_m2": 11.779797166896991, "code": null, "description": null, "edificio": null }, "geometry": { "type": "Polygon", "coordinates": [ [ [ 32.636790458542876, -25.772557996615227 ], [ 32.636785374687399, -25.772528017385888 ], [ 32.636819945518162, -25.772523211085623 ], [ 32.636825029133071, -25.772553190348489 ], [ 32.636790458542876, -25.772557996615227 ] ] ] } },
{ "type": "Feature", "properties": { "id_original": 1, "id_parcela": 311, "linha": 6, "coluna": 14, "area_m2": 11.779712297129439, "code": null, "description": null, "edificio": null }, "geometry": { "type": "Polygon", "coordinates": [ [ [ 32.636795542400804, -25.772587975844289 ], [ 32.636790458542876, -25.772557996615227 ], [ 32.636825029133071, -25.772553190348489 ], [ 32.636830112750452, -25.772583169611092 ], [ 32.636795542400804, -25.772587975844289 ] ] ] } },
{ "type": "Feature", "properties": { "id_original": 1, "id_parcela": 312, "linha": 6, "coluna": 15, "area_m2": 11.779627425427924, "code": null, "description": null, "edificio": null }, "geometry": { "type": "Polygon", "coordinates": [ [ [ 32.636800626261206, -25.772617955073088 ], [ 32.636795542400804, -25.772587975844289 ], [ 32.636830112750452, -25.772583169611092 ], [ 32.636835196370278, -25.772613148873415 ], [ 32.636800626261206, -25.772617955073088 ] ] ] } },
{ "type": "Feature", "properties": { "id_original": 1, "id_parcela": 313, "linha": 6, "coluna": 16, "area_m2": 11.779542556448778, "code": null, "description": null, "edificio": null }, "geometry": { "type": "Polygon", "coordinates": [ [ [ 32.636805710124037, -25.772647934301602 ], [ 32.636800626261206, -25.772617955073088 ], [ 32.636835196370278, -25.772613148873415 ], [ 32.636840279992569, -25.772643128135471 ], [ 32.636805710124037, -25.772647934301602 ] ] ] } },
{ "type": "Feature", "properties": { "id_original": 1, "id_parcela": 314, "linha": 6, "coluna": 17, "area_m2": 11.779457683454263, "code": null, "description": null, "edificio": null }, "geometry": { "type": "Polygon", "coordinates": [ [ [ 32.636810793989348, -25.772677913529851 ], [ 32.636805710124037, -25.772647934301602 ], [ 32.636840279992569, -25.772643128135471 ], [ 32.636845363617304, -25.772673107397242 ], [ 32.636810793989348, -25.772677913529851 ] ] ] } },
{ "type": "Feature", "properties": { "id_original": 1, "id_parcela": 315, "linha": 6, "coluna": 18, "area_m2": 11.779372814112456, "code": null, "description": null, "edificio": null }, "geometry": { "type": "Polygon", "coordinates": [ [ [ 32.636815877857117, -25.772707892757825 ], [ 32.636810793989348, -25.772677913529851 ], [ 32.636845363617304, -25.772673107397242 ], [ 32.63685044724452, -25.772703086658744 ], [ 32.636815877857117, -25.772707892757825 ] ] ] } },
{ "type": "Feature", "properties": { "id_original": 1, "id_parcela": 316, "linha": 6, "coluna": 19, "area_m2": 11.779287946930889, "code": null, "description": null, "edificio": null }, "geometry": { "type": "Polygon", "coordinates": [ [ [ 32.636820961727345, -25.772737871985527 ], [ 32.636815877857117, -25.772707892757825 ], [ 32.63685044724452, -25.772703086658744 ], [ 32.636855530874193, -25.772733065919983 ], [ 32.636820961727345, -25.772737871985527 ] ] ] } },
{ "type": "Feature", "properties": { "id_original": 1, "id_parcela": 317, "linha": 6, "coluna": 20, "area_m2": 11.77920307660122, "code": null, "description": null, "edificio": null }, "geometry": { "type": "Polygon", "coordinates": [ [ [ 32.636826045600031, -25.772767851212954 ], [ 32.636820961727345, -25.772737871985527 ], [ 32.636855530874193, -25.772733065919983 ], [ 32.636860614506311, -25.772763045180945 ], [ 32.636826045600031, -25.772767851212954 ] ] ] } },
{ "type": "Feature", "properties": { "id_original": 1, "id_parcela": 318, "linha": 6, "coluna": 21, "area_m2": 11.779118203102172, "code": null, "description": null, "edificio": null }, "geometry": { "type": "Polygon", "coordinates": [ [ [ 32.636831129475169, -25.772797830440112 ], [ 32.636826045600031, -25.772767851212954 ], [ 32.636860614506311, -25.772763045180945 ], [ 32.636865698140888, -25.772793024441633 ], [ 32.636831129475169, -25.772797830440112 ] ] ] } },
{ "type": "Feature", "properties": { "id_original": 1, "id_parcela": 319, "linha": 6, "coluna": 22, "area_m2": 11.779033331962747, "code": null, "description": null, "edificio": null }, "geometry": { "type": "Polygon", "coordinates": [ [ [ 32.636836213352773, -25.772827809666992 ], [ 32.636831129475169, -25.772797830440112 ], [ 32.636865698140888, -25.772793024441633 ], [ 32.63687078177793, -25.77282300370204 ], [ 32.636836213352773, -25.772827809666992 ] ] ] } },
{ "type": "Feature", "properties": { "id_original": 1, "id_parcela": 320, "linha": 6, "coluna": 23, "area_m2": 11.778948463488106, "code": null, "description": null, "edificio": null }, "geometry": { "type": "Polygon", "coordinates": [ [ [ 32.636841297232827, -25.772857788893596 ], [ 32.636836213352773, -25.772827809666992 ], [ 32.63687078177793, -25.77282300370204 ], [ 32.63687586541743, -25.772852982962174 ], [ 32.636841297232827, -25.772857788893596 ] ] ] } },
{ "type": "Feature", "properties": { "id_original": 1, "id_parcela": 321, "linha": 6, "coluna": 24, "area_m2": 11.778863591786696, "code": null, "description": null, "edificio": null }, "geometry": { "type": "Polygon", "coordinates": [ [ [ 32.636846381115348, -25.772887768119929 ], [ 32.636841297232827, -25.772857788893596 ], [ 32.63687586541743, -25.772852982962174 ], [ 32.636880949059382, -25.772882962222038 ], [ 32.636846381115348, -25.772887768119929 ] ] ] } },
{ "type": "Feature", "properties": { "id_original": 1, "id_parcela": 322, "linha": 6, "coluna": 25, "area_m2": 11.778778723312033, "code": null, "description": null, "edificio": null }, "geometry": { "type": "Polygon", "coordinates": [ [ [ 32.636851465000319, -25.772917747345986 ], [ 32.636846381115348, -25.772887768119929 ], [ 32.636880949059382, -25.772882962222038 ], [ 32.636886032703799, -25.772912941481639 ], [ 32.636851465000319, -25.772917747345986 ] ] ] } },
{ "type": "Feature", "properties": { "id_original": 1, "id_parcela": 323, "linha": 6, "coluna": 26, "area_m2": 11.778693851610647, "code": null, "description": null, "edificio": null }, "geometry": { "type": "Polygon", "coordinates": [ [ [ 32.636856548887756, -25.772947726571768 ], [ 32.636851465000319, -25.772917747345986 ], [ 32.636886032703799, -25.772912941481639 ], [ 32.636891116350675, -25.772942920740956 ], [ 32.636856548887756, -25.772947726571768 ] ] ] } },
{ "type": "Feature", "properties": { "id_original": 1, "id_parcela": 324, "linha": 6, "coluna": 27, "area_m2": 11.771116444036654, "code": null, "description": null, "edificio": null }, "geometry": { "type": "Polygon", "coordinates": [ [ [ 32.636856548887756, -25.772947726571768 ], [ 32.636891116350675, -25.772942920740956 ], [ 32.63689620000001, -25.7729729 ], [ 32.636861626309759, -25.772977667656733 ], [ 32.636856548887756, -25.772947726571768 ] ] ] } },
{ "type": "Feature", "properties": { "id_original": 2, "id_parcela": 325, "linha": 1, "coluna": 1, "area_m2": 12.594261167167989, "code": null, "description": null, "edificio": null }, "geometry": { "type": "Polygon", "coordinates": [ [ [ 32.6364698522084, -25.773026601271681 ], [ 32.63650528099808, -25.773025768730545 ], [ 32.636506195926181, -25.773057761423392 ], [ 32.636470769213879, -25.773058593838694 ], [ 32.6364698522084, -25.773026601271681 ] ] ] } },
{ "type": "Feature", "properties": { "id_original": 2, "id_parcela": 326, "linha": 1, "coluna": 2, "area_m2": 12.595018941511327, "code": null, "description": null, "edificio": null }, "geometry": { "type": "Polygon", "coordinates": [ [ [ 32.6364698522084, -25.773026601271681 ], [ 32.636468935201087, -25.77299460862767 ], [ 32.636504366070334, -25.772993776037559 ], [ 32.63650528099808, -25.773025768730545 ], [ 32.6364698522084, -25.773026601271681 ] ] ] } },
{ "type": "Feature", "properties": { "id_original": 2, "id_parcela": 327, "linha": 1, "coluna": 3, "area_m2": 12.595761589691728, "code": null, "description": null, "edificio": null }, "geometry": { "type": "Polygon", "coordinates": [ [ [ 32.636468935201087, -25.77299460862767 ], [ 32.636468018194165, -25.772962615983506 ], [ 32.636503451142971, -25.772961783344424 ], [ 32.636504366070334, -25.772993776037559 ], [ 32.636468935201087, -25.77299460862767 ] ] ] } },
{ "type": "Feature", "properties": { "id_original": 2, "id_parcela": 328, "linha": 1, "coluna": 4, "area_m2": 12.596504234654271, "code": null, "description": null, "edificio": null }, "geometry": { "type": "Polygon", "coordinates": [ [ [ 32.636468018194165, -25.772962615983506 ], [ 32.636467101187613, -25.772930623339214 ], [ 32.636502536215993, -25.772929790651158 ], [ 32.636503451142971, -25.772961783344424 ], [ 32.636468018194165, -25.772962615983506 ] ] ] } },
{ "type": "Feature", "properties": { "id_original": 2, "id_parcela": 329, "linha": 1, "coluna": 5, "area_m2": 12.597246879521613, "code": null, "description": null, "edificio": null }, "geometry": { "type": "Polygon", "coordinates": [ [ [ 32.636467101187613, -25.772930623339214 ], [ 32.636466184181458, -25.772898630694776 ], [ 32.636501621289391, -25.77289779795775 ], [ 32.636502536215993, -25.772929790651158 ], [ 32.636467101187613, -25.772930623339214 ] ] ] } },
{ "type": "Feature", "properties": { "id_original": 2, "id_parcela": 330, "linha": 1, "coluna": 6, "area_m2": 12.597989527892612, "code": null, "description": null, "edificio": null }, "geometry": { "type": "Polygon", "coordinates": [ [ [ 32.636466184181458, -25.772898630694776 ], [ 32.636465267175659, -25.772866638050193 ], [ 32.636500706363158, -25.772865805264193 ], [ 32.636501621289391, -25.77289779795775 ], [ 32.636466184181458, -25.772898630694776 ] ] ] } },
{ "type": "Feature", "properties": { "id_original": 2, "id_parcela": 331, "linha": 1, "coluna": 7, "area_m2": 12.598732171057488, "code": null, "description": null, "edificio": null }, "geometry": { "type": "Polygon", "coordinates": [ [ [ 32.636465267175659, -25.772866638050193 ], [ 32.636464350170257, -25.772834645405485 ], [ 32.636499791437316, -25.7728338125705 ], [ 32.636500706363158, -25.772865805264193 ], [ 32.636465267175659, -25.772866638050193 ] ] ] } },
{ "type": "Feature", "properties": { "id_original": 2, "id_parcela": 332, "linha": 1, "coluna": 8, "area_m2": 12.599474819328973, "code": null, "description": null, "edificio": null }, "geometry": { "type": "Polygon", "coordinates": [ [ [ 32.636464350170257, -25.772834645405485 ], [ 32.636463433165233, -25.772802652760625 ], [ 32.636498876511851, -25.772801819876673 ], [ 32.636499791437316, -25.7728338125705 ], [ 32.636464350170257, -25.772834645405485 ] ] ] } },
{ "type": "Feature", "properties": { "id_original": 2, "id_parcela": 333, "linha": 1, "coluna": 9, "area_m2": 12.600217464390957, "code": null, "description": null, "edificio": null }, "geometry": { "type": "Polygon", "coordinates": [ [ [ 32.636463433165233, -25.772802652760625 ], [ 32.636462516160577, -25.772770660115629 ], [ 32.636497961586748, -25.772769827182689 ], [ 32.636498876511851, -25.772801819876673 ], [ 32.636463433165233, -25.772802652760625 ] ] ] } },
{ "type": "Feature", "properties": { "id_original": 2, "id_parcela": 334, "linha": 1, "coluna": 10, "area_m2": 12.600960109262871, "code": null, "description": null, "edificio": null }, "geometry": { "type": "Polygon", "coordinates": [ [ [ 32.636462516160577, -25.772770660115629 ], [ 32.636461599156313, -25.772738667470477 ], [ 32.636497046662036, -25.772737834488577 ], [ 32.636497961586748, -25.772769827182689 ], [ 32.636462516160577, -25.772770660115629 ] ] ] } },
{ "type": "Feature", "properties": { "id_original": 2, "id_parcela": 335, "linha": 1, "coluna": 11, "area_m2": 12.601702754224654, "code": null, "description": null, "edificio": null }, "geometry": { "type": "Polygon", "coordinates": [ [ [ 32.636461599156313, -25.772738667470477 ], [ 32.636460682152411, -25.772706674825201 ], [ 32.636496131737701, -25.772705841794323 ], [ 32.636497046662036, -25.772737834488577 ], [ 32.636461599156313, -25.772738667470477 ] ] ] } },
{ "type": "Feature", "properties": { "id_original": 2, "id_parcela": 336, "linha": 1, "coluna": 12, "area_m2": 12.602445404103964, "code": null, "description": null, "edificio": null }, "geometry": { "type": "Polygon", "coordinates": [ [ [ 32.636460682152411, -25.772706674825201 ], [ 32.636459765148906, -25.772674682179773 ], [ 32.636495216813742, -25.772673849099924 ], [ 32.636496131737701, -25.772705841794323 ], [ 32.636460682152411, -25.772706674825201 ] ] ] } },
{ "type": "Feature", "properties": { "id_original": 2, "id_parcela": 337, "linha": 1, "coluna": 13, "area_m2": 12.603188047463501, "code": null, "description": null, "edificio": null }, "geometry": { "type": "Polygon", "coordinates": [ [ [ 32.636459765148906, -25.772674682179773 ], [ 32.636458848145772, -25.772642689534198 ], [ 32.636494301890153, -25.772641856405389 ], [ 32.636495216813742, -25.772673849099924 ], [ 32.636459765148906, -25.772674682179773 ] ] ] } },
{ "type": "Feature", "properties": { "id_original": 2, "id_parcela": 338, "linha": 1, "coluna": 14, "area_m2": 12.603930692234881, "code": null, "description": null, "edificio": null }, "geometry": { "type": "Polygon", "coordinates": [ [ [ 32.636458848145772, -25.772642689534198 ], [ 32.636457931143021, -25.772610696888503 ], [ 32.636493386966968, -25.772609863710713 ], [ 32.636494301890153, -25.772641856405389 ], [ 32.636458848145772, -25.772642689534198 ] ] ] } },
{ "type": "Feature", "properties": { "id_original": 2, "id_parcela": 339, "linha": 1, "coluna": 15, "area_m2": 12.604673342209828, "code": null, "description": null, "edificio": null }, "geometry": { "type": "Polygon", "coordinates": [ [ [ 32.636457931143021, -25.772610696888503 ], [ 32.636457014140646, -25.772578704242655 ], [ 32.636492472044146, -25.772577871015887 ], [ 32.636493386966968, -25.772609863710713 ], [ 32.636457931143021, -25.772610696888503 ] ] ] } },
{ "type": "Feature", "properties": { "id_original": 2, "id_parcela": 340, "linha": 1, "coluna": 16, "area_m2": 12.605415983960871, "code": null, "description": null, "edificio": null }, "geometry": { "type": "Polygon", "coordinates": [ [ [ 32.636457014140646, -25.772578704242655 ], [ 32.636456097138648, -25.772546711596668 ], [ 32.636491557121694, -25.77254587832093 ], [ 32.636492472044146, -25.772577871015887 ], [ 32.636457014140646, -25.772578704242655 ] ] ] } },
{ "type": "Feature", "properties": { "id_original": 2, "id_parcela": 341, "linha": 1, "coluna": 17, "area_m2": 12.606158632043108, "code": null, "description": null, "edificio": null }, "geometry": { "type": "Polygon", "coordinates": [ [ [ 32.636456097138648, -25.772546711596668 ], [ 32.636455180137034, -25.772514718950543 ], [ 32.636490642199632, -25.77251388562583 ], [ 32.636491557121694, -25.77254587832093 ], [ 32.636456097138648, -25.772546711596668 ] ] ] } },
{ "type": "Feature", "properties": { "id_original": 2, "id_parcela": 342, "linha": 1, "coluna": 18, "area_m2": 12.606901278802365, "code": null, "description": null, "edificio": null }, "geometry": { "type": "Polygon", "coordinates": [ [ [ 32.636455180137034, -25.772514718950543 ], [ 32.636454263135789, -25.772482726304276 ], [ 32.636489727277933, -25.772481892930582 ], [ 32.636490642199632, -25.77251388562583 ], [ 32.636455180137034, -25.772514718950543 ] ] ] } },
{ "type": "Feature", "properties": { "id_original": 2, "id_parcela": 343, "linha": 1, "coluna": 19, "area_m2": 12.60764392367423, "code": null, "description": null, "edificio": null }, "geometry": { "type": "Polygon", "coordinates": [ [ [ 32.636454263135789, -25.772482726304276 ], [ 32.636453346134935, -25.77245073365787 ], [ 32.636488812356625, -25.772449900235202 ], [ 32.636489727277933, -25.772481892930582 ], [ 32.636454263135789, -25.772482726304276 ] ] ] } },
{ "type": "Feature", "properties": { "id_original": 2, "id_parcela": 344, "linha": 1, "coluna": 20, "area_m2": 12.608386570237295, "code": null, "description": null, "edificio": null }, "geometry": { "type": "Polygon", "coordinates": [ [ [ 32.636453346134935, -25.77245073365787 ], [ 32.636452429134451, -25.772418741011318 ], [ 32.636487897435707, -25.772417907539683 ], [ 32.636488812356625, -25.772449900235202 ], [ 32.636453346134935, -25.77245073365787 ] ] ] } },
{ "type": "Feature", "properties": { "id_original": 2, "id_parcela": 345, "linha": 1, "coluna": 21, "area_m2": 12.609129221815564, "code": null, "description": null, "edificio": null }, "geometry": { "type": "Polygon", "coordinates": [ [ [ 32.636452429134451, -25.772418741011318 ], [ 32.636451512134357, -25.772386748364625 ], [ 32.636486982515152, -25.772385914844012 ], [ 32.636487897435707, -25.772417907539683 ], [ 32.636452429134451, -25.772418741011318 ] ] ] } },
{ "type": "Feature", "properties": { "id_original": 2, "id_parcela": 346, "linha": 1, "coluna": 22, "area_m2": 12.609871863470364, "code": null, "description": null, "edificio": null }, "geometry": { "type": "Polygon", "coordinates": [ [ [ 32.636451512134357, -25.772386748364625 ], [ 32.636450595134633, -25.772354755717803 ], [ 32.636486067594973, -25.772353922148213 ], [ 32.636486982515152, -25.772385914844012 ], [ 32.636451512134357, -25.772386748364625 ] ] ] } },
{ "type": "Feature", "properties": { "id_original": 2, "id_parcela": 347, "linha": 1, "coluna": 23, "area_m2": 12.610614510141229, "code": null, "description": null, "edificio": null }, "geometry": { "type": "Polygon", "coordinates": [ [ [ 32.636450595134633, -25.772354755717803 ], [ 32.636449678135293, -25.772322763070825 ], [ 32.636485152675164, -25.772321929452264 ], [ 32.636486067594973, -25.772353922148213 ], [ 32.636450595134633, -25.772354755717803 ] ] ] } },
{ "type": "Feature", "properties": { "id_original": 2, "id_parcela": 348, "linha": 1, "coluna": 24, "area_m2": 12.611357158224189, "code": null, "description": null, "edificio": null }, "geometry": { "type": "Polygon", "coordinates": [ [ [ 32.636449678135293, -25.772322763070825 ], [ 32.636448761136336, -25.772290770423702 ], [ 32.636484237755752, -25.772289936756177 ], [ 32.636485152675164, -25.772321929452264 ], [ 32.636449678135293, -25.772322763070825 ] ] ] } },
{ "type": "Feature", "properties": { "id_original": 2, "id_parcela": 349, "linha": 1, "coluna": 25, "area_m2": 12.612099801670766, "code": null, "description": null, "edificio": null }, "geometry": { "type": "Polygon", "coordinates": [ [ [ 32.636448761136336, -25.772290770423702 ], [ 32.636447844137741, -25.772258777776454 ], [ 32.636483322836696, -25.772257944059948 ], [ 32.636484237755752, -25.772289936756177 ], [ 32.636448761136336, -25.772290770423702 ] ] ] } },
{ "type": "Feature", "properties": { "id_original": 2, "id_parcela": 350, "linha": 1, "coluna": 26, "area_m2": 12.612842448151689, "code": null, "description": null, "edificio": null }, "geometry": { "type": "Polygon", "coordinates": [ [ [ 32.636447844137741, -25.772258777776454 ], [ 32.636446927139545, -25.772226785129057 ], [ 32.636482407918031, -25.772225951363581 ], [ 32.636483322836696, -25.772257944059948 ], [ 32.636447844137741, -25.772258777776454 ] ] ] } },
{ "type": "Feature", "properties": { "id_original": 2, "id_parcela": 351, "linha": 1, "coluna": 27, "area_m2": 12.576445613442736, "code": null, "description": null, "edificio": null }, "geometry": { "type": "Polygon", "coordinates": [ [ [ 32.636446927139545, -25.772226785129057 ], [ 32.636446012596203, -25.772194878114693 ], [ 32.636481495938447, -25.77219406142703 ], [ 32.636482407918031, -25.772225951363581 ], [ 32.636446927139545, -25.772226785129057 ] ] ] } },
{ "type": "Feature", "properties": { "id_original": 2, "id_parcela": 380, "linha": 3, "coluna": 2, "area_m2": 12.613954029589667, "code": null, "description": null, "edificio": null }, "geometry": { "type": "Polygon", "coordinates": [ [ [ 32.636398886009893, -25.773028268880413 ], [ 32.636397969021608, -25.772996276236164 ], [ 32.636433452111532, -25.772995442436244 ], [ 32.636434369109324, -25.773027435080376 ], [ 32.636398886009893, -25.773028268880413 ] ] ] } },
{ "type": "Feature", "properties": { "id_original": 2, "id_parcela": 381, "linha": 3, "coluna": 3, "area_m2": 12.613954027790498, "code": null, "description": null, "edificio": null }, "geometry": { "type": "Polygon", "coordinates": [ [ [ 32.636397969021608, -25.772996276236164 ], [ 32.636397052033715, -25.772964283591765 ], [ 32.636432535114125, -25.77296344979197 ], [ 32.636433452111532, -25.772995442436244 ], [ 32.636397969021608, -25.772996276236164 ] ] ] } },
{ "type": "Feature", "properties": { "id_original": 2, "id_parcela": 382, "linha": 3, "coluna": 4, "area_m2": 12.613954027885637, "code": null, "description": null, "edificio": null }, "geometry": { "type": "Polygon", "coordinates": [ [ [ 32.636397052033715, -25.772964283591765 ], [ 32.636396135046191, -25.772932290947242 ], [ 32.636431618117093, -25.772931457147553 ], [ 32.636432535114125, -25.77296344979197 ], [ 32.636397052033715, -25.772964283591765 ] ] ] } },
{ "type": "Feature", "properties": { "id_original": 2, "id_parcela": 383, "linha": 3, "coluna": 5, "area_m2": 12.613954027790498, "code": null, "description": null, "edificio": null }, "geometry": { "type": "Polygon", "coordinates": [ [ [ 32.636396135046191, -25.772932290947242 ], [ 32.636395218059057, -25.772900298302567 ], [ 32.636430701120439, -25.772899464503002 ], [ 32.636431618117093, -25.772931457147553 ], [ 32.636396135046191, -25.772932290947242 ] ] ] } },
{ "type": "Feature", "properties": { "id_original": 2, "id_parcela": 384, "linha": 3, "coluna": 6, "area_m2": 12.613954027885637, "code": null, "description": null, "edificio": null }, "geometry": { "type": "Polygon", "coordinates": [ [ [ 32.636395218059057, -25.772900298302567 ], [ 32.636394301072293, -25.772868305657756 ], [ 32.636429784124161, -25.772867471858309 ], [ 32.636430701120439, -25.772899464503002 ], [ 32.636395218059057, -25.772900298302567 ] ] ] } },
{ "type": "Feature", "properties": { "id_original": 2, "id_parcela": 385, "linha": 3, "coluna": 7, "area_m2": 12.613954027790498, "code": null, "description": null, "edificio": null }, "geometry": { "type": "Polygon", "coordinates": [ [ [ 32.636394301072293, -25.772868305657756 ], [ 32.63639338408592, -25.772836313012792 ], [ 32.636428867128274, -25.772835479213473 ], [ 32.636429784124161, -25.772867471858309 ], [ 32.636394301072293, -25.772868305657756 ] ] ] } },
{ "type": "Feature", "properties": { "id_original": 2, "id_parcela": 386, "linha": 3, "coluna": 8, "area_m2": 12.613954027790498, "code": null, "description": null, "edificio": null }, "geometry": { "type": "Polygon", "coordinates": [ [ [ 32.63639338408592, -25.772836313012792 ], [ 32.636392467099924, -25.772804320367708 ], [ 32.63642795013277, -25.772803486568488 ], [ 32.636428867128274, -25.772835479213473 ], [ 32.63639338408592, -25.772836313012792 ] ] ] } },
{ "type": "Feature", "properties": { "id_original": 2, "id_parcela": 387, "linha": 3, "coluna": 9, "area_m2": 12.613954029589667, "code": null, "description": null, "edificio": null }, "geometry": { "type": "Polygon", "coordinates": [ [ [ 32.636392467099924, -25.772804320367708 ], [ 32.636391550114297, -25.772772327722464 ], [ 32.636427033137629, -25.772771493923365 ], [ 32.63642795013277, -25.772803486568488 ], [ 32.636392467099924, -25.772804320367708 ] ] ] } },
{ "type": "Feature", "properties": { "id_original": 2, "id_parcela": 388, "linha": 3, "coluna": 10, "area_m2": 12.613954026181206, "code": null, "description": null, "edificio": null }, "geometry": { "type": "Polygon", "coordinates": [ [ [ 32.636391550114297, -25.772772327722464 ], [ 32.636390633129061, -25.772740335077092 ], [ 32.636426116142871, -25.772739501278117 ], [ 32.636427033137629, -25.772771493923365 ], [ 32.636391550114297, -25.772772327722464 ] ] ] } },
{ "type": "Feature", "properties": { "id_original": 2, "id_parcela": 389, "linha": 3, "coluna": 11, "area_m2": 12.613954029589667, "code": null, "description": null, "edificio": null }, "geometry": { "type": "Polygon", "coordinates": [ [ [ 32.636390633129061, -25.772740335077092 ], [ 32.636389716144187, -25.772708342431574 ], [ 32.636425199148491, -25.77270750863271 ], [ 32.636426116142871, -25.772739501278117 ], [ 32.636390633129061, -25.772740335077092 ] ] ] } },
{ "type": "Feature", "properties": { "id_original": 2, "id_parcela": 390, "linha": 3, "coluna": 12, "area_m2": 12.613954027790498, "code": null, "description": null, "edificio": null }, "geometry": { "type": "Polygon", "coordinates": [ [ [ 32.636389716144187, -25.772708342431574 ], [ 32.636388799159711, -25.772676349785915 ], [ 32.636424282154493, -25.772675515987174 ], [ 32.636425199148491, -25.77270750863271 ], [ 32.636389716144187, -25.772708342431574 ] ] ] } },
{ "type": "Feature", "properties": { "id_original": 2, "id_parcela": 391, "linha": 3, "coluna": 13, "area_m2": 12.613954027885637, "code": null, "description": null, "edificio": null }, "geometry": { "type": "Polygon", "coordinates": [ [ [ 32.636388799159711, -25.772676349785915 ], [ 32.636387882175597, -25.772644357140116 ], [ 32.636423365160873, -25.77264352334149 ], [ 32.636424282154493, -25.772675515987174 ], [ 32.636388799159711, -25.772676349785915 ] ] ] } },
{ "type": "Feature", "properties": { "id_original": 4, "id_parcela": 652, "linha": 1, "coluna": 4, "area_m2": 10.703940375223745, "code": null, "description": null, "edificio": null }, "geometry": { "type": "Polygon", "coordinates": [ [ [ 32.63605684700002, -25.771509080907524 ], [ 32.636056748657687, -25.771480269758225 ], [ 32.636090209526422, -25.771480176116182 ], [ 32.636090300021472, -25.771508987287529 ], [ 32.63605684700002, -25.771509080907524 ] ] ] } },
{ "type": "Feature", "properties": { "id_original": 2, "id_parcela": 393, "linha": 3, "coluna": 15, "area_m2": 12.613954027790498, "code": null, "description": null, "edificio": null }, "geometry": { "type": "Polygon", "coordinates": [ [ [ 32.636386965191875, -25.772612364494176 ], [ 32.636386048208536, -25.7725803718481 ], [ 32.636421531174776, -25.772579538049701 ], [ 32.636422448167636, -25.772611530695674 ], [ 32.636386965191875, -25.772612364494176 ] ] ] } },
{ "type": "Feature", "properties": { "id_original": 2, "id_parcela": 394, "linha": 3, "coluna": 16, "area_m2": 12.613954027885637, "code": null, "description": null, "edificio": null }, "geometry": { "type": "Polygon", "coordinates": [ [ [ 32.636386048208536, -25.7725803718481 ], [ 32.636385131225566, -25.772548379201876 ], [ 32.636420614182285, -25.772547545403601 ], [ 32.636421531174776, -25.772579538049701 ], [ 32.636386048208536, -25.7725803718481 ] ] ] } },
{ "type": "Feature", "properties": { "id_original": 2, "id_parcela": 395, "linha": 3, "coluna": 17, "area_m2": 12.613954027790498, "code": null, "description": null, "edificio": null }, "geometry": { "type": "Polygon", "coordinates": [ [ [ 32.636385131225566, -25.772548379201876 ], [ 32.636384214242973, -25.772516386555516 ], [ 32.636419697190192, -25.772515552757362 ], [ 32.636420614182285, -25.772547545403601 ], [ 32.636385131225566, -25.772548379201876 ] ] ] } },
{ "type": "Feature", "properties": { "id_original": 2, "id_parcela": 396, "linha": 3, "coluna": 18, "area_m2": 12.613954029589667, "code": null, "description": null, "edificio": null }, "geometry": { "type": "Polygon", "coordinates": [ [ [ 32.636384214242973, -25.772516386555516 ], [ 32.636383297260764, -25.772484393909007 ], [ 32.636418780198461, -25.772483560110963 ], [ 32.636419697190192, -25.772515552757362 ], [ 32.636384214242973, -25.772516386555516 ] ] ] } },
{ "type": "Feature", "properties": { "id_original": 2, "id_parcela": 397, "linha": 3, "coluna": 19, "area_m2": 12.613954026181206, "code": null, "description": null, "edificio": null }, "geometry": { "type": "Polygon", "coordinates": [ [ [ 32.636383297260764, -25.772484393909007 ], [ 32.636382380278938, -25.772452401262367 ], [ 32.636417863207122, -25.772451567464444 ], [ 32.636418780198461, -25.772483560110963 ], [ 32.636383297260764, -25.772484393909007 ] ] ] } },
{ "type": "Feature", "properties": { "id_original": 2, "id_parcela": 398, "linha": 3, "coluna": 20, "area_m2": 12.613954029589667, "code": null, "description": null, "edificio": null }, "geometry": { "type": "Polygon", "coordinates": [ [ [ 32.636382380278938, -25.772452401262367 ], [ 32.636381463297475, -25.772420408615577 ], [ 32.636416946216151, -25.772419574817775 ], [ 32.636417863207122, -25.772451567464444 ], [ 32.636382380278938, -25.772452401262367 ] ] ] } },
{ "type": "Feature", "properties": { "id_original": 2, "id_parcela": 399, "linha": 3, "coluna": 21, "area_m2": 12.613954026181206, "code": null, "description": null, "edificio": null }, "geometry": { "type": "Polygon", "coordinates": [ [ [ 32.636381463297475, -25.772420408615577 ], [ 32.63638054631641, -25.772388415968656 ], [ 32.636416029225572, -25.772387582170971 ], [ 32.636416946216151, -25.772419574817775 ], [ 32.636381463297475, -25.772420408615577 ] ] ] } },
{ "type": "Feature", "properties": { "id_original": 2, "id_parcela": 400, "linha": 3, "coluna": 22, "area_m2": 12.613954029494529, "code": null, "description": null, "edificio": null }, "geometry": { "type": "Polygon", "coordinates": [ [ [ 32.63638054631641, -25.772388415968656 ], [ 32.636379629335721, -25.772356423321582 ], [ 32.636415112235369, -25.772355589524018 ], [ 32.636416029225572, -25.772387582170971 ], [ 32.63638054631641, -25.772388415968656 ] ] ] } },
{ "type": "Feature", "properties": { "id_original": 2, "id_parcela": 401, "linha": 3, "coluna": 23, "area_m2": 12.613954027885637, "code": null, "description": null, "edificio": null }, "geometry": { "type": "Polygon", "coordinates": [ [ [ 32.636379629335721, -25.772356423321582 ], [ 32.636378712355402, -25.772324430674377 ], [ 32.636414195245528, -25.772323596876934 ], [ 32.636415112235369, -25.772355589524018 ], [ 32.636379629335721, -25.772356423321582 ] ] ] } },
{ "type": "Feature", "properties": { "id_original": 2, "id_parcela": 402, "linha": 3, "coluna": 24, "area_m2": 12.613954027790498, "code": null, "description": null, "edificio": null }, "geometry": { "type": "Polygon", "coordinates": [ [ [ 32.636378712355402, -25.772324430674377 ], [ 32.636377795375466, -25.772292438027034 ], [ 32.636413278256086, -25.772291604229697 ], [ 32.636414195245528, -25.772323596876934 ], [ 32.636378712355402, -25.772324430674377 ] ] ] } },
{ "type": "Feature", "properties": { "id_original": 2, "id_parcela": 403, "linha": 3, "coluna": 25, "area_m2": 12.613954027885637, "code": null, "description": null, "edificio": null }, "geometry": { "type": "Polygon", "coordinates": [ [ [ 32.636377795375466, -25.772292438027034 ], [ 32.636376878395907, -25.772260445379541 ], [ 32.636412361267013, -25.772259611582328 ], [ 32.636413278256086, -25.772291604229697 ], [ 32.636377795375466, -25.772292438027034 ] ] ] } },
{ "type": "Feature", "properties": { "id_original": 2, "id_parcela": 407, "linha": 4, "coluna": 2, "area_m2": 12.613954031184999, "code": null, "description": null, "edificio": null }, "geometry": { "type": "Polygon", "coordinates": [ [ [ 32.636363402910057, -25.773029102671785 ], [ 32.636362485931286, -25.772997110027426 ], [ 32.636397969021608, -25.772996276236164 ], [ 32.636398886009893, -25.773028268880413 ], [ 32.636363402910057, -25.773029102671785 ] ] ] } },
{ "type": "Feature", "properties": { "id_original": 2, "id_parcela": 408, "linha": 4, "coluna": 3, "area_m2": 12.61395403279389, "code": null, "description": null, "edificio": null }, "geometry": { "type": "Polygon", "coordinates": [ [ [ 32.636362485931286, -25.772997110027426 ], [ 32.636361568952914, -25.772965117382917 ], [ 32.636397052033715, -25.772964283591765 ], [ 32.636397969021608, -25.772996276236164 ], [ 32.636362485931286, -25.772997110027426 ] ] ] } },
{ "type": "Feature", "properties": { "id_original": 2, "id_parcela": 409, "linha": 4, "coluna": 4, "area_m2": 12.613954029575707, "code": null, "description": null, "edificio": null }, "geometry": { "type": "Polygon", "coordinates": [ [ [ 32.636361568952914, -25.772965117382917 ], [ 32.636360651974904, -25.77293312473827 ], [ 32.636396135046191, -25.772932290947242 ], [ 32.636397052033715, -25.772964283591765 ], [ 32.636361568952914, -25.772965117382917 ] ] ] } },
{ "type": "Feature", "properties": { "id_original": 2, "id_parcela": 410, "linha": 4, "coluna": 5, "area_m2": 12.61395403279389, "code": null, "description": null, "edificio": null }, "geometry": { "type": "Polygon", "coordinates": [ [ [ 32.636360651974904, -25.77293312473827 ], [ 32.636359734997278, -25.772901132093477 ], [ 32.636395218059057, -25.772900298302567 ], [ 32.636396135046191, -25.772932290947242 ], [ 32.636360651974904, -25.77293312473827 ] ] ] } },
{ "type": "Feature", "properties": { "id_original": 2, "id_parcela": 411, "linha": 4, "coluna": 6, "area_m2": 12.613954029575707, "code": null, "description": null, "edificio": null }, "geometry": { "type": "Polygon", "coordinates": [ [ [ 32.636359734997278, -25.772901132093477 ], [ 32.636358818020035, -25.772869139448549 ], [ 32.636394301072293, -25.772868305657756 ], [ 32.636395218059057, -25.772900298302567 ], [ 32.636359734997278, -25.772901132093477 ] ] ] } },
{ "type": "Feature", "properties": { "id_original": 2, "id_parcela": 412, "linha": 4, "coluna": 7, "area_m2": 12.61395403279389, "code": null, "description": null, "edificio": null }, "geometry": { "type": "Polygon", "coordinates": [ [ [ 32.636358818020035, -25.772869139448549 ], [ 32.636357901043176, -25.772837146803472 ], [ 32.63639338408592, -25.772836313012792 ], [ 32.636394301072293, -25.772868305657756 ], [ 32.636358818020035, -25.772869139448549 ] ] ] } },
{ "type": "Feature", "properties": { "id_original": 2, "id_parcela": 413, "linha": 4, "coluna": 8, "area_m2": 12.613954031089861, "code": null, "description": null, "edificio": null }, "geometry": { "type": "Polygon", "coordinates": [ [ [ 32.636357901043176, -25.772837146803472 ], [ 32.636356984066687, -25.772805154158256 ], [ 32.636392467099924, -25.772804320367708 ], [ 32.63639338408592, -25.772836313012792 ], [ 32.636357901043176, -25.772837146803472 ] ] ] } },
{ "type": "Feature", "properties": { "id_original": 2, "id_parcela": 414, "linha": 4, "coluna": 9, "area_m2": 12.613954031184999, "code": null, "description": null, "edificio": null }, "geometry": { "type": "Polygon", "coordinates": [ [ [ 32.636356984066687, -25.772805154158256 ], [ 32.636356067090574, -25.772773161512909 ], [ 32.636391550114297, -25.772772327722464 ], [ 32.636392467099924, -25.772804320367708 ], [ 32.636356984066687, -25.772805154158256 ] ] ] } },
{ "type": "Feature", "properties": { "id_original": 2, "id_parcela": 415, "linha": 4, "coluna": 10, "area_m2": 12.613954031089861, "code": null, "description": null, "edificio": null }, "geometry": { "type": "Polygon", "coordinates": [ [ [ 32.636356067090574, -25.772773161512909 ], [ 32.636355150114852, -25.772741168867412 ], [ 32.636390633129061, -25.772740335077092 ], [ 32.636391550114297, -25.772772327722464 ], [ 32.636356067090574, -25.772773161512909 ] ] ] } },
{ "type": "Feature", "properties": { "id_original": 2, "id_parcela": 416, "linha": 4, "coluna": 11, "area_m2": 12.613954031184999, "code": null, "description": null, "edificio": null }, "geometry": { "type": "Polygon", "coordinates": [ [ [ 32.636355150114852, -25.772741168867412 ], [ 32.636354233139492, -25.772709176221781 ], [ 32.636389716144187, -25.772708342431574 ], [ 32.636390633129061, -25.772740335077092 ], [ 32.636355150114852, -25.772741168867412 ] ] ] } },
{ "type": "Feature", "properties": { "id_original": 2, "id_parcela": 417, "linha": 4, "coluna": 12, "area_m2": 12.61395403279389, "code": null, "description": null, "edificio": null }, "geometry": { "type": "Polygon", "coordinates": [ [ [ 32.636354233139492, -25.772709176221781 ], [ 32.636353316164531, -25.772677183576 ], [ 32.636388799159711, -25.772676349785915 ], [ 32.636389716144187, -25.772708342431574 ], [ 32.636354233139492, -25.772709176221781 ] ] ] } },
{ "type": "Feature", "properties": { "id_original": 2, "id_parcela": 418, "linha": 4, "coluna": 13, "area_m2": 12.613954029575707, "code": null, "description": null, "edificio": null }, "geometry": { "type": "Polygon", "coordinates": [ [ [ 32.636353316164531, -25.772677183576 ], [ 32.636352399189938, -25.772645190930085 ], [ 32.636387882175597, -25.772644357140116 ], [ 32.636388799159711, -25.772676349785915 ], [ 32.636353316164531, -25.772677183576 ] ] ] } },
{ "type": "Feature", "properties": { "id_original": 4, "id_parcela": 653, "linha": 1, "coluna": 5, "area_m2": 10.706453554195559, "code": null, "description": null, "edificio": null }, "geometry": { "type": "Polygon", "coordinates": [ [ [ 32.636056748657687, -25.771480269758225 ], [ 32.636056650315311, -25.771451458608809 ], [ 32.636090119031294, -25.771451364944713 ], [ 32.636090209526422, -25.771480176116182 ], [ 32.636056748657687, -25.771480269758225 ] ] ] } },
{ "type": "Feature", "properties": { "id_original": 2, "id_parcela": 420, "linha": 4, "coluna": 15, "area_m2": 12.613954029480569, "code": null, "description": null, "edificio": null }, "geometry": { "type": "Polygon", "coordinates": [ [ [ 32.636351482215723, -25.772613198284027 ], [ 32.636350565241898, -25.772581205637835 ], [ 32.636386048208536, -25.7725803718481 ], [ 32.636386965191875, -25.772612364494176 ], [ 32.636351482215723, -25.772613198284027 ] ] ] } },
{ "type": "Feature", "properties": { "id_original": 2, "id_parcela": 421, "linha": 4, "coluna": 16, "area_m2": 12.613954032889028, "code": null, "description": null, "edificio": null }, "geometry": { "type": "Polygon", "coordinates": [ [ [ 32.636350565241898, -25.772581205637835 ], [ 32.636349648268435, -25.772549212991496 ], [ 32.636385131225566, -25.772548379201876 ], [ 32.636386048208536, -25.7725803718481 ], [ 32.636350565241898, -25.772581205637835 ] ] ] } },
{ "type": "Feature", "properties": { "id_original": 2, "id_parcela": 422, "linha": 4, "coluna": 17, "area_m2": 12.613954029480569, "code": null, "description": null, "edificio": null }, "geometry": { "type": "Polygon", "coordinates": [ [ [ 32.636349648268435, -25.772549212991496 ], [ 32.636348731295371, -25.772517220345019 ], [ 32.636384214242973, -25.772516386555516 ], [ 32.636385131225566, -25.772548379201876 ], [ 32.636349648268435, -25.772549212991496 ] ] ] } },
{ "type": "Feature", "properties": { "id_original": 2, "id_parcela": 423, "linha": 4, "coluna": 18, "area_m2": 12.613954032889028, "code": null, "description": null, "edificio": null }, "geometry": { "type": "Polygon", "coordinates": [ [ [ 32.636348731295371, -25.772517220345019 ], [ 32.636347814322662, -25.772485227698393 ], [ 32.636383297260764, -25.772484393909007 ], [ 32.636384214242973, -25.772516386555516 ], [ 32.636348731295371, -25.772517220345019 ] ] ] } },
{ "type": "Feature", "properties": { "id_original": 2, "id_parcela": 424, "linha": 4, "coluna": 19, "area_m2": 12.613954031089861, "code": null, "description": null, "edificio": null }, "geometry": { "type": "Polygon", "coordinates": [ [ [ 32.636347814322662, -25.772485227698393 ], [ 32.63634689735035, -25.772453235051625 ], [ 32.636382380278938, -25.772452401262367 ], [ 32.636383297260764, -25.772484393909007 ], [ 32.636347814322662, -25.772485227698393 ] ] ] } },
{ "type": "Feature", "properties": { "id_original": 2, "id_parcela": 425, "linha": 4, "coluna": 20, "area_m2": 12.613954031184999, "code": null, "description": null, "edificio": null }, "geometry": { "type": "Polygon", "coordinates": [ [ [ 32.63634689735035, -25.772453235051625 ], [ 32.636345980378408, -25.772421242404729 ], [ 32.636381463297475, -25.772420408615577 ], [ 32.636382380278938, -25.772452401262367 ], [ 32.63634689735035, -25.772453235051625 ] ] ] } },
{ "type": "Feature", "properties": { "id_original": 2, "id_parcela": 426, "linha": 4, "coluna": 21, "area_m2": 12.613954031089861, "code": null, "description": null, "edificio": null }, "geometry": { "type": "Polygon", "coordinates": [ [ [ 32.636345980378408, -25.772421242404729 ], [ 32.636345063406857, -25.77238924975768 ], [ 32.63638054631641, -25.772388415968656 ], [ 32.636381463297475, -25.772420408615577 ], [ 32.636345980378408, -25.772421242404729 ] ] ] } },
{ "type": "Feature", "properties": { "id_original": 2, "id_parcela": 427, "linha": 4, "coluna": 22, "area_m2": 12.613954031089861, "code": null, "description": null, "edificio": null }, "geometry": { "type": "Polygon", "coordinates": [ [ [ 32.636345063406857, -25.77238924975768 ], [ 32.636344146435682, -25.7723572571105 ], [ 32.636379629335721, -25.772356423321582 ], [ 32.63638054631641, -25.772388415968656 ], [ 32.636345063406857, -25.77238924975768 ] ] ] } },
{ "type": "Feature", "properties": { "id_original": 2, "id_parcela": 428, "linha": 4, "coluna": 23, "area_m2": 12.613954032889028, "code": null, "description": null, "edificio": null }, "geometry": { "type": "Polygon", "coordinates": [ [ [ 32.636344146435682, -25.7723572571105 ], [ 32.636343229464877, -25.772325264463174 ], [ 32.636378712355402, -25.772324430674377 ], [ 32.636379629335721, -25.772356423321582 ], [ 32.636344146435682, -25.7723572571105 ] ] ] } },
{ "type": "Feature", "properties": { "id_original": 2, "id_parcela": 429, "linha": 4, "coluna": 24, "area_m2": 12.613954029480569, "code": null, "description": null, "edificio": null }, "geometry": { "type": "Polygon", "coordinates": [ [ [ 32.636343229464877, -25.772325264463174 ], [ 32.636342312494456, -25.772293271815713 ], [ 32.636377795375466, -25.772292438027034 ], [ 32.636378712355402, -25.772324430674377 ], [ 32.636343229464877, -25.772325264463174 ] ] ] } },
{ "type": "Feature", "properties": { "id_original": 2, "id_parcela": 430, "linha": 4, "coluna": 25, "area_m2": 12.613954032889028, "code": null, "description": null, "edificio": null }, "geometry": { "type": "Polygon", "coordinates": [ [ [ 32.636342312494456, -25.772293271815713 ], [ 32.636341395524411, -25.772261279168106 ], [ 32.636376878395907, -25.772260445379541 ], [ 32.636377795375466, -25.772292438027034 ], [ 32.636342312494456, -25.772293271815713 ] ] ] } },
{ "type": "Feature", "properties": { "id_original": 2, "id_parcela": 460, "linha": 6, "coluna": 1, "area_m2": 12.599059560905998, "code": null, "description": null, "edificio": null }, "geometry": { "type": "Polygon", "coordinates": [ [ [ 32.636327919809844, -25.77302993645451 ], [ 32.636328836768435, -25.773061928714071 ], [ 32.636293395867142, -25.773062761419503 ], [ 32.636292477356911, -25.773030769273454 ], [ 32.636327919809844, -25.77302993645451 ] ] ] } },
{ "type": "Feature", "properties": { "id_original": 2, "id_parcela": 461, "linha": 6, "coluna": 2, "area_m2": 12.599781998177015, "code": null, "description": null, "edificio": null }, "geometry": { "type": "Polygon", "coordinates": [ [ [ 32.636327002840588, -25.772997943810033 ], [ 32.636327919809844, -25.77302993645451 ], [ 32.636292477356911, -25.773030769273454 ], [ 32.63629155883379, -25.772998776665585 ], [ 32.636327002840588, -25.772997943810033 ] ] ] } },
{ "type": "Feature", "properties": { "id_original": 2, "id_parcela": 462, "linha": 6, "coluna": 3, "area_m2": 12.600337766604959, "code": null, "description": null, "edificio": null }, "geometry": { "type": "Polygon", "coordinates": [ [ [ 32.63632608587173, -25.772965951165403 ], [ 32.636327002840588, -25.772997943810033 ], [ 32.63629155883379, -25.772998776665585 ], [ 32.636290640311053, -25.772966784057573 ], [ 32.63632608587173, -25.772965951165403 ] ] ] } },
{ "type": "Feature", "properties": { "id_original": 2, "id_parcela": 463, "linha": 6, "coluna": 4, "area_m2": 12.600893531918377, "code": null, "description": null, "edificio": null }, "geometry": { "type": "Polygon", "coordinates": [ [ [ 32.636325168903234, -25.772933958520632 ], [ 32.63632608587173, -25.772965951165403 ], [ 32.636290640311053, -25.772966784057573 ], [ 32.6362897217887, -25.772934791449423 ], [ 32.636325168903234, -25.772933958520632 ] ] ] } },
{ "type": "Feature", "properties": { "id_original": 2, "id_parcela": 464, "linha": 6, "coluna": 5, "area_m2": 12.601449295434332, "code": null, "description": null, "edificio": null }, "geometry": { "type": "Polygon", "coordinates": [ [ [ 32.636324251935129, -25.772901965875732 ], [ 32.636325168903234, -25.772933958520632 ], [ 32.6362897217887, -25.772934791449423 ], [ 32.63628880326673, -25.772902798841134 ], [ 32.636324251935129, -25.772901965875732 ] ] ] } },
{ "type": "Feature", "properties": { "id_original": 2, "id_parcela": 465, "linha": 6, "coluna": 6, "area_m2": 12.602005060747683, "code": null, "description": null, "edificio": null }, "geometry": { "type": "Polygon", "coordinates": [ [ [ 32.636323334967386, -25.772869973230677 ], [ 32.636324251935129, -25.772901965875732 ], [ 32.63628880326673, -25.772902798841134 ], [ 32.636287884745137, -25.772870806232714 ], [ 32.636323334967386, -25.772869973230677 ] ] ] } },
{ "type": "Feature", "properties": { "id_original": 2, "id_parcela": 466, "linha": 6, "coluna": 7, "area_m2": 12.602560825965984, "code": null, "description": null, "edificio": null }, "geometry": { "type": "Polygon", "coordinates": [ [ [ 32.636322418000042, -25.772837980585493 ], [ 32.636323334967386, -25.772869973230677 ], [ 32.636287884745137, -25.772870806232714 ], [ 32.636286966223921, -25.772838813624141 ], [ 32.636322418000042, -25.772837980585493 ] ] ] } },
{ "type": "Feature", "properties": { "id_original": 2, "id_parcela": 467, "linha": 6, "coluna": 8, "area_m2": 12.603116594489324, "code": null, "description": null, "edificio": null }, "geometry": { "type": "Polygon", "coordinates": [ [ [ 32.636321501033073, -25.77280598794016 ], [ 32.636322418000042, -25.772837980585493 ], [ 32.636286966223921, -25.772838813624141 ], [ 32.636286047703088, -25.772806821015429 ], [ 32.636321501033073, -25.77280598794016 ] ] ] } },
{ "type": "Feature", "properties": { "id_original": 2, "id_parcela": 468, "linha": 6, "coluna": 9, "area_m2": 12.603672358100036, "code": null, "description": null, "edificio": null }, "geometry": { "type": "Polygon", "coordinates": [ [ [ 32.636320584066475, -25.772773995294688 ], [ 32.636321501033073, -25.77280598794016 ], [ 32.636286047703088, -25.772806821015429 ], [ 32.636285129182632, -25.772774828406572 ], [ 32.636320584066475, -25.772773995294688 ] ] ] } },
{ "type": "Feature", "properties": { "id_original": 2, "id_parcela": 469, "linha": 6, "coluna": 10, "area_m2": 12.604228124926312, "code": null, "description": null, "edificio": null }, "geometry": { "type": "Polygon", "coordinates": [ [ [ 32.63631966710026, -25.772742002649075 ], [ 32.636320584066475, -25.772773995294688 ], [ 32.636285129182632, -25.772774828406572 ], [ 32.636284210662559, -25.772742835797576 ], [ 32.63631966710026, -25.772742002649075 ] ] ] } },
{ "type": "Feature", "properties": { "id_original": 2, "id_parcela": 470, "linha": 6, "coluna": 11, "area_m2": 12.604783893634172, "code": null, "description": null, "edificio": null }, "geometry": { "type": "Polygon", "coordinates": [ [ [ 32.636318750134421, -25.772710010003323 ], [ 32.63631966710026, -25.772742002649075 ], [ 32.636284210662559, -25.772742835797576 ], [ 32.636283292142842, -25.772710843188445 ], [ 32.636318750134421, -25.772710010003323 ] ] ] } },
{ "type": "Feature", "properties": { "id_original": 2, "id_parcela": 471, "linha": 6, "coluna": 12, "area_m2": 12.605339657048553, "code": null, "description": null, "edificio": null }, "geometry": { "type": "Polygon", "coordinates": [ [ [ 32.636317833168974, -25.772678017357432 ], [ 32.636318750134421, -25.772710010003323 ], [ 32.636283292142842, -25.772710843188445 ], [ 32.636282373623544, -25.77267885057918 ], [ 32.636317833168974, -25.772678017357432 ] ] ] } },
{ "type": "Feature", "properties": { "id_original": 2, "id_parcela": 472, "linha": 6, "coluna": 13, "area_m2": 12.605895425768125, "code": null, "description": null, "edificio": null }, "geometry": { "type": "Polygon", "coordinates": [ [ [ 32.636316916203889, -25.772646024711399 ], [ 32.636317833168974, -25.772678017357432 ], [ 32.636282373623544, -25.77267885057918 ], [ 32.636281455104594, -25.772646857969761 ], [ 32.636316916203889, -25.772646024711399 ] ] ] } },
{ "type": "Feature", "properties": { "id_original": 2, "id_parcela": 473, "linha": 6, "coluna": 14, "area_m2": 12.606451189188327, "code": null, "description": null, "edificio": null }, "geometry": { "type": "Polygon", "coordinates": [ [ [ 32.636315999239201, -25.772614032065221 ], [ 32.636316916203889, -25.772646024711399 ], [ 32.636281455104594, -25.772646857969761 ], [ 32.63628053658605, -25.7726148653602 ], [ 32.636315999239201, -25.772614032065221 ] ] ] } },
{ "type": "Feature", "properties": { "id_original": 2, "id_parcela": 474, "linha": 6, "coluna": 15, "area_m2": 12.607006956110036, "code": null, "description": null, "edificio": null }, "geometry": { "type": "Polygon", "coordinates": [ [ [ 32.636315082274884, -25.772582039418904 ], [ 32.636315999239201, -25.772614032065221 ], [ 32.63628053658605, -25.7726148653602 ], [ 32.636279618067881, -25.772582872750505 ], [ 32.636315082274884, -25.772582039418904 ] ] ] } },
{ "type": "Feature", "properties": { "id_original": 2, "id_parcela": 475, "linha": 6, "coluna": 16, "area_m2": 12.60756272141748, "code": null, "description": null, "edificio": null }, "geometry": { "type": "Polygon", "coordinates": [ [ [ 32.636314165310935, -25.772550046772455 ], [ 32.636315082274884, -25.772582039418904 ], [ 32.636279618067881, -25.772582872750505 ], [ 32.636278699550068, -25.772550880140663 ], [ 32.636314165310935, -25.772550046772455 ] ] ] } },
{ "type": "Feature", "properties": { "id_original": 2, "id_parcela": 476, "linha": 6, "coluna": 17, "area_m2": 12.608118486540668, "code": null, "description": null, "edificio": null }, "geometry": { "type": "Polygon", "coordinates": [ [ [ 32.636313248347378, -25.77251805412585 ], [ 32.636314165310935, -25.772550046772455 ], [ 32.636278699550068, -25.772550880140663 ], [ 32.636277781032668, -25.772518887530691 ], [ 32.636313248347378, -25.77251805412585 ] ] ] } },
{ "type": "Feature", "properties": { "id_original": 2, "id_parcela": 477, "linha": 6, "coluna": 18, "area_m2": 12.608674251949139, "code": null, "description": null, "edificio": null }, "geometry": { "type": "Polygon", "coordinates": [ [ [ 32.63631233138419, -25.772486061479118 ], [ 32.636313248347378, -25.77251805412585 ], [ 32.636277781032668, -25.772518887530691 ], [ 32.636276862515615, -25.772486894920565 ], [ 32.63631233138419, -25.772486061479118 ] ] ] } },
{ "type": "Feature", "properties": { "id_original": 2, "id_parcela": 478, "linha": 6, "coluna": 19, "area_m2": 12.609230020378181, "code": null, "description": null, "edificio": null }, "geometry": { "type": "Polygon", "coordinates": [ [ [ 32.636311414421392, -25.772454068832236 ], [ 32.63631233138419, -25.772486061479118 ], [ 32.636276862515615, -25.772486894920565 ], [ 32.63627594399896, -25.772454902310304 ], [ 32.636311414421392, -25.772454068832236 ] ] ] } },
{ "type": "Feature", "properties": { "id_original": 2, "id_parcela": 479, "linha": 6, "coluna": 20, "area_m2": 12.609785783988118, "code": null, "description": null, "edificio": null }, "geometry": { "type": "Polygon", "coordinates": [ [ [ 32.636310497458965, -25.772422076185222 ], [ 32.636311414421392, -25.772454068832236 ], [ 32.63627594399896, -25.772454902310304 ], [ 32.636275025482689, -25.772422909699902 ], [ 32.636310497458965, -25.772422076185222 ] ] ] } },
{ "type": "Feature", "properties": { "id_original": 2, "id_parcela": 480, "linha": 6, "coluna": 21, "area_m2": 12.610341550815171, "code": null, "description": null, "edificio": null }, "geometry": { "type": "Polygon", "coordinates": [ [ [ 32.636309580496928, -25.772390083538056 ], [ 32.636310497458965, -25.772422076185222 ], [ 32.636275025482689, -25.772422909699902 ], [ 32.636274106966795, -25.772390917089361 ], [ 32.636309580496928, -25.772390083538056 ] ] ] } },
{ "type": "Feature", "properties": { "id_original": 2, "id_parcela": 481, "linha": 6, "coluna": 22, "area_m2": 12.610897317819134, "code": null, "description": null, "edificio": null }, "geometry": { "type": "Polygon", "coordinates": [ [ [ 32.63630866353526, -25.772358090890755 ], [ 32.636309580496928, -25.772390083538056 ], [ 32.636274106966795, -25.772390917089361 ], [ 32.63627318845127, -25.772358924478677 ], [ 32.63630866353526, -25.772358090890755 ] ] ] } },
{ "type": "Feature", "properties": { "id_original": 2, "id_parcela": 482, "linha": 6, "coluna": 23, "area_m2": 12.611453084734642, "code": null, "description": null, "edificio": null }, "geometry": { "type": "Polygon", "coordinates": [ [ [ 32.636307746573969, -25.772326098243312 ], [ 32.63630866353526, -25.772358090890755 ], [ 32.63627318845127, -25.772358924478677 ], [ 32.636272269936136, -25.772326931867852 ], [ 32.636307746573969, -25.772326098243312 ] ] ] } },
{ "type": "Feature", "properties": { "id_original": 2, "id_parcela": 483, "linha": 6, "coluna": 24, "area_m2": 12.612008851561908, "code": null, "description": null, "edificio": null }, "geometry": { "type": "Polygon", "coordinates": [ [ [ 32.636306829613069, -25.772294105595726 ], [ 32.636307746573969, -25.772326098243312 ], [ 32.636272269936136, -25.772326931867852 ], [ 32.636271351421378, -25.772294939256891 ], [ 32.636306829613069, -25.772294105595726 ] ] ] } },
{ "type": "Feature", "properties": { "id_original": 2, "id_parcela": 484, "linha": 6, "coluna": 25, "area_m2": 12.612564615171486, "code": null, "description": null, "edificio": null }, "geometry": { "type": "Polygon", "coordinates": [ [ [ 32.636305912652531, -25.772262112948006 ], [ 32.636306829613069, -25.772294105595726 ], [ 32.636271351421378, -25.772294939256891 ], [ 32.636270432907004, -25.772262946645782 ], [ 32.636305912652531, -25.772262112948006 ] ] ] } },
{ "type": "Feature", "properties": { "id_original": 2, "id_parcela": 485, "linha": 6, "coluna": 26, "area_m2": 12.613120381998897, "code": null, "description": null, "edificio": null }, "geometry": { "type": "Polygon", "coordinates": [ [ [ 32.636304995692392, -25.77223012030014 ], [ 32.636305912652531, -25.772262112948006 ], [ 32.636270432907004, -25.772262946645782 ], [ 32.636269514393, -25.772230954034534 ], [ 32.636304995692392, -25.77223012030014 ] ] ] } },
{ "type": "Feature", "properties": { "id_original": 2, "id_parcela": 486, "linha": 6, "coluna": 27, "area_m2": 12.610299831165705, "code": null, "description": null, "edificio": null }, "geometry": { "type": "Polygon", "coordinates": [ [ [ 32.636304995692392, -25.77223012030014 ], [ 32.636269514393, -25.772230954034534 ], [ 32.636268595879386, -25.77219896142314 ], [ 32.6363040792235, -25.77219814477877 ], [ 32.636304995692392, -25.77223012030014 ] ] ] } },
{ "type": "Feature", "properties": { "id_original": 3, "id_parcela": 487, "linha": 1, "coluna": 1, "area_m2": 10.694152994647746, "code": null, "description": null, "edificio": null }, "geometry": { "type": "Polygon", "coordinates": [ [ [ 32.636089006155672, -25.772939799254409 ], [ 32.636122460955164, -25.772942533480396 ], [ 32.636119608214663, -25.772971075430714 ], [ 32.636086157716832, -25.772968372213054 ], [ 32.636089006155672, -25.772939799254409 ] ] ] } },
{ "type": "Feature", "properties": { "id_original": 3, "id_parcela": 488, "linha": 1, "coluna": 2, "area_m2": 10.759492171335708, "code": null, "description": null, "edificio": null }, "geometry": { "type": "Polygon", "coordinates": [ [ [ 32.636089006155672, -25.772939799254409 ], [ 32.63609186984079, -25.772911073343863 ], [ 32.636125332020541, -25.772913808172945 ], [ 32.636122460955164, -25.772942533480396 ], [ 32.636089006155672, -25.772939799254409 ] ] ] } },
{ "type": "Feature", "properties": { "id_original": 3, "id_parcela": 489, "linha": 1, "coluna": 3, "area_m2": 10.76186805647114, "code": null, "description": null, "edificio": null }, "geometry": { "type": "Polygon", "coordinates": [ [ [ 32.63609186984079, -25.772911073343863 ], [ 32.636094733524452, -25.772882347433132 ], [ 32.636128203084432, -25.772885082865301 ], [ 32.636125332020541, -25.772913808172945 ], [ 32.63609186984079, -25.772911073343863 ] ] ] } },
{ "type": "Feature", "properties": { "id_original": 3, "id_parcela": 490, "linha": 1, "coluna": 4, "area_m2": 10.764243940372523, "code": null, "description": null, "edificio": null }, "geometry": { "type": "Polygon", "coordinates": [ [ [ 32.636094733524452, -25.772882347433132 ], [ 32.636097597206636, -25.772853621522202 ], [ 32.636131074146874, -25.77285635755748 ], [ 32.636128203084432, -25.772885082865301 ], [ 32.636094733524452, -25.772882347433132 ] ] ] } },
{ "type": "Feature", "properties": { "id_original": 3, "id_parcela": 491, "linha": 1, "coluna": 5, "area_m2": 10.766619825693219, "code": null, "description": null, "edificio": null }, "geometry": { "type": "Polygon", "coordinates": [ [ [ 32.636097597206636, -25.772853621522202 ], [ 32.636100460887363, -25.772824895611105 ], [ 32.636133945207831, -25.772827632249474 ], [ 32.636131074146874, -25.77285635755748 ], [ 32.636097597206636, -25.772853621522202 ] ] ] } },
{ "type": "Feature", "properties": { "id_original": 3, "id_parcela": 492, "linha": 1, "coluna": 6, "area_m2": 10.768995709211111, "code": null, "description": null, "edificio": null }, "geometry": { "type": "Polygon", "coordinates": [ [ [ 32.636100460887363, -25.772824895611105 ], [ 32.636103324566612, -25.772796169699816 ], [ 32.63613681626731, -25.772798906941272 ], [ 32.636133945207831, -25.772827632249474 ], [ 32.636100460887363, -25.772824895611105 ] ] ] } },
{ "type": "Feature", "properties": { "id_original": 3, "id_parcela": 493, "linha": 1, "coluna": 7, "area_m2": 10.771371591493093, "code": null, "description": null, "edificio": null }, "geometry": { "type": "Polygon", "coordinates": [ [ [ 32.636103324566612, -25.772796169699816 ], [ 32.636106188244398, -25.772767443788339 ], [ 32.636139687325326, -25.772770181632904 ], [ 32.63613681626731, -25.772798906941272 ], [ 32.636103324566612, -25.772796169699816 ] ] ] } },
{ "type": "Feature", "properties": { "id_original": 3, "id_parcela": 494, "linha": 1, "coluna": 8, "area_m2": 10.773747475468948, "code": null, "description": null, "edificio": null }, "geometry": { "type": "Polygon", "coordinates": [ [ [ 32.636106188244398, -25.772767443788339 ], [ 32.636109051920712, -25.772738717876685 ], [ 32.63614255838187, -25.772741456324344 ], [ 32.636139687325326, -25.772770181632904 ], [ 32.636106188244398, -25.772767443788339 ] ] ] } },
{ "type": "Feature", "properties": { "id_original": 3, "id_parcela": 495, "linha": 1, "coluna": 9, "area_m2": 10.776123362224904, "code": null, "description": null, "edificio": null }, "geometry": { "type": "Polygon", "coordinates": [ [ [ 32.636109051920712, -25.772738717876685 ], [ 32.636111915595556, -25.772709991964849 ], [ 32.636145429436944, -25.772712731015588 ], [ 32.63614255838187, -25.772741456324344 ], [ 32.636109051920712, -25.772738717876685 ] ] ] } },
{ "type": "Feature", "properties": { "id_original": 3, "id_parcela": 496, "linha": 1, "coluna": 10, "area_m2": 10.778499245576874, "code": null, "description": null, "edificio": null }, "geometry": { "type": "Polygon", "coordinates": [ [ [ 32.636111915595556, -25.772709991964849 ], [ 32.636114779268929, -25.77268126605281 ], [ 32.636148300490525, -25.772684005706662 ], [ 32.636145429436944, -25.772712731015588 ], [ 32.636111915595556, -25.772709991964849 ] ] ] } },
{ "type": "Feature", "properties": { "id_original": 3, "id_parcela": 497, "linha": 1, "coluna": 11, "area_m2": 10.780875129552786, "code": null, "description": null, "edificio": null }, "geometry": { "type": "Polygon", "coordinates": [ [ [ 32.636114779268929, -25.77268126605281 ], [ 32.636117642940832, -25.772652540140605 ], [ 32.63615117154265, -25.772655280397544 ], [ 32.636148300490525, -25.772684005706662 ], [ 32.636114779268929, -25.77268126605281 ] ] ] } },
{ "type": "Feature", "properties": { "id_original": 3, "id_parcela": 498, "linha": 1, "coluna": 12, "area_m2": 10.783251016583753, "code": null, "description": null, "edificio": null }, "geometry": { "type": "Polygon", "coordinates": [ [ [ 32.636117642940832, -25.772652540140605 ], [ 32.636120506611277, -25.772623814228215 ], [ 32.636154042593311, -25.772626555088237 ], [ 32.63615117154265, -25.772655280397544 ], [ 32.636117642940832, -25.772652540140605 ] ] ] } },
{ "type": "Feature", "properties": { "id_original": 3, "id_parcela": 499, "linha": 1, "coluna": 13, "area_m2": 10.785626898315808, "code": null, "description": null, "edificio": null }, "geometry": { "type": "Polygon", "coordinates": [ [ [ 32.636120506611277, -25.772623814228215 ], [ 32.636123370280238, -25.772595088315633 ], [ 32.636156913642473, -25.772597829778764 ], [ 32.636154042593311, -25.772626555088237 ], [ 32.636120506611277, -25.772623814228215 ] ] ] } },
{ "type": "Feature", "properties": { "id_original": 3, "id_parcela": 500, "linha": 1, "coluna": 14, "area_m2": 10.788002783910571, "code": null, "description": null, "edificio": null }, "geometry": { "type": "Polygon", "coordinates": [ [ [ 32.636123370280238, -25.772595088315633 ], [ 32.636126233947735, -25.772566362402866 ], [ 32.636159784690193, -25.772569104469088 ], [ 32.636156913642473, -25.772597829778764 ], [ 32.636123370280238, -25.772595088315633 ] ] ] } },
{ "type": "Feature", "properties": { "id_original": 3, "id_parcela": 501, "linha": 1, "coluna": 15, "area_m2": 10.790378670394412, "code": null, "description": null, "edificio": null }, "geometry": { "type": "Polygon", "coordinates": [ [ [ 32.636126233947735, -25.772566362402866 ], [ 32.636129097613768, -25.772537636489922 ], [ 32.636162655736413, -25.772540379159224 ], [ 32.636159784690193, -25.772569104469088 ], [ 32.636126233947735, -25.772566362402866 ] ] ] } },
{ "type": "Feature", "properties": { "id_original": 3, "id_parcela": 502, "linha": 1, "coluna": 16, "area_m2": 10.79275455132899, "code": null, "description": null, "edificio": null }, "geometry": { "type": "Polygon", "coordinates": [ [ [ 32.636129097613768, -25.772537636489922 ], [ 32.63613196127833, -25.772508910576789 ], [ 32.636165526781177, -25.772511653849193 ], [ 32.636162655736413, -25.772540379159224 ], [ 32.636129097613768, -25.772537636489922 ] ] ] } },
{ "type": "Feature", "properties": { "id_original": 3, "id_parcela": 503, "linha": 1, "coluna": 17, "area_m2": 10.795130436649689, "code": null, "description": null, "edificio": null }, "geometry": { "type": "Polygon", "coordinates": [ [ [ 32.63613196127833, -25.772508910576789 ], [ 32.636134824941422, -25.772480184663468 ], [ 32.636168397824463, -25.772482928538974 ], [ 32.636165526781177, -25.772511653849193 ], [ 32.63613196127833, -25.772508910576789 ] ] ] } },
{ "type": "Feature", "properties": { "id_original": 3, "id_parcela": 504, "linha": 1, "coluna": 18, "area_m2": 10.797506323134385, "code": null, "description": null, "edificio": null }, "geometry": { "type": "Polygon", "coordinates": [ [ [ 32.636134824941422, -25.772480184663468 ], [ 32.636137688603036, -25.772451458749973 ], [ 32.636171268866271, -25.772454203228556 ], [ 32.636168397824463, -25.772482928538974 ], [ 32.636134824941422, -25.772480184663468 ] ] ] } },
{ "type": "Feature", "properties": { "id_original": 3, "id_parcela": 505, "linha": 1, "coluna": 19, "area_m2": 10.79988220541259, "code": null, "description": null, "edificio": null }, "geometry": { "type": "Polygon", "coordinates": [ [ [ 32.636137688603036, -25.772451458749973 ], [ 32.636140552263186, -25.772422732836286 ], [ 32.636174139906615, -25.772425477917963 ], [ 32.636171268866271, -25.772454203228556 ], [ 32.636137688603036, -25.772451458749973 ] ] ] } },
{ "type": "Feature", "properties": { "id_original": 3, "id_parcela": 506, "linha": 1, "coluna": 20, "area_m2": 10.802258091007744, "code": null, "description": null, "edificio": null }, "geometry": { "type": "Polygon", "coordinates": [ [ [ 32.636140552263186, -25.772422732836286 ], [ 32.636143415921879, -25.772394006922411 ], [ 32.636177010945495, -25.77239675260719 ], [ 32.636174139906615, -25.772425477917963 ], [ 32.636140552263186, -25.772422732836286 ] ] ] } },
{ "type": "Feature", "properties": { "id_original": 3, "id_parcela": 507, "linha": 1, "coluna": 21, "area_m2": 10.804633977493323, "code": null, "description": null, "edificio": null }, "geometry": { "type": "Polygon", "coordinates": [ [ [ 32.636143415921879, -25.772394006922411 ], [ 32.636146279579094, -25.772365281008369 ], [ 32.636179881982891, -25.772368027296224 ], [ 32.636177010945495, -25.77239675260719 ], [ 32.636143415921879, -25.772394006922411 ] ] ] } },
{ "type": "Feature", "properties": { "id_original": 3, "id_parcela": 508, "linha": 1, "coluna": 22, "area_m2": 10.807009859496006, "code": null, "description": null, "edificio": null }, "geometry": { "type": "Polygon", "coordinates": [ [ [ 32.636146279579094, -25.772365281008369 ], [ 32.636149143234832, -25.772336555094121 ], [ 32.636182753018801, -25.772339301985074 ], [ 32.636179881982891, -25.772368027296224 ], [ 32.636146279579094, -25.772365281008369 ] ] ] } },
{ "type": "Feature", "properties": { "id_original": 3, "id_parcela": 509, "linha": 1, "coluna": 23, "area_m2": 10.809385743472284, "code": null, "description": null, "edificio": null }, "geometry": { "type": "Polygon", "coordinates": [ [ [ 32.636149143234832, -25.772336555094121 ], [ 32.636152006889105, -25.772307829179699 ], [ 32.636185624053255, -25.772310576673743 ], [ 32.636182753018801, -25.772339301985074 ], [ 32.636149143234832, -25.772336555094121 ] ] ] } },
{ "type": "Feature", "properties": { "id_original": 3, "id_parcela": 510, "linha": 1, "coluna": 24, "area_m2": 10.811761630508112, "code": null, "description": null, "edificio": null }, "geometry": { "type": "Polygon", "coordinates": [ [ [ 32.636152006889105, -25.772307829179699 ], [ 32.636154870541922, -25.772279103265095 ], [ 32.636188495086238, -25.772281851362223 ], [ 32.636185624053255, -25.772310576673743 ], [ 32.636152006889105, -25.772307829179699 ] ] ] } },
{ "type": "Feature", "properties": { "id_original": 3, "id_parcela": 511, "linha": 1, "coluna": 25, "area_m2": 10.814137512234941, "code": null, "description": null, "edificio": null }, "geometry": { "type": "Polygon", "coordinates": [ [ [ 32.636154870541922, -25.772279103265095 ], [ 32.636157734193247, -25.7722503773503 ], [ 32.636191366117735, -25.772253126050522 ], [ 32.636188495086238, -25.772281851362223 ], [ 32.636154870541922, -25.772279103265095 ] ] ] } },
{ "type": "Feature", "properties": { "id_original": 3, "id_parcela": 512, "linha": 1, "coluna": 26, "area_m2": 10.816513397830427, "code": null, "description": null, "edificio": null }, "geometry": { "type": "Polygon", "coordinates": [ [ [ 32.636157734193247, -25.7722503773503 ], [ 32.636160597843116, -25.772221651435324 ], [ 32.636194237147777, -25.77222440073864 ], [ 32.636191366117735, -25.772253126050522 ], [ 32.636157734193247, -25.7722503773503 ] ] ] } },
{ "type": "Feature", "properties": { "id_original": 3, "id_parcela": 513, "linha": 1, "coluna": 27, "area_m2": 10.812625290569633, "code": null, "description": null, "edificio": null }, "geometry": { "type": "Polygon", "coordinates": [ [ [ 32.636160597843116, -25.772221651435324 ], [ 32.636163458175858, -25.772192958780366 ], [ 32.63619710817634, -25.772195675426559 ], [ 32.636194237147777, -25.77222440073864 ], [ 32.636160597843116, -25.772221651435324 ] ] ] } },
{ "type": "Feature", "properties": { "id_original": 3, "id_parcela": 542, "linha": 3, "coluna": 2, "area_m2": 10.820077227628676, "code": null, "description": "Stand personalizados 3x3 m", "edificio": null }, "geometry": { "type": "Polygon", "coordinates": [ [ [ 32.636021712374088, -25.772934299379948 ], [ 32.636024576075251, -25.772905573470872 ], [ 32.636058222957203, -25.772908323411247 ], [ 32.636055359264063, -25.772937049321055 ], [ 32.636021712374088, -25.772934299379948 ] ] ] } },
{ "type": "Feature", "properties": { "id_original": 3, "id_parcela": 543, "linha": 3, "coluna": 3, "area_m2": 10.820077227628676, "code": null, "description": "Stand personalizados 3x3 m", "edificio": null }, "geometry": { "type": "Polygon", "coordinates": [ [ [ 32.636024576075251, -25.772905573470872 ], [ 32.636027439774942, -25.772876847561605 ], [ 32.63606108664888, -25.772879597501245 ], [ 32.636058222957203, -25.772908323411247 ], [ 32.636024576075251, -25.772905573470872 ] ] ] } },
{ "type": "Feature", "properties": { "id_original": 3, "id_parcela": 544, "linha": 3, "coluna": 4, "area_m2": 10.820077227628676, "code": null, "description": "Stand personalizados 3x3 m", "edificio": null }, "geometry": { "type": "Polygon", "coordinates": [ [ [ 32.636027439774942, -25.772876847561605 ], [ 32.636030303473163, -25.772848121652167 ], [ 32.636063950339086, -25.772850871591068 ], [ 32.63606108664888, -25.772879597501245 ], [ 32.636027439774942, -25.772876847561605 ] ] ] } },
{ "type": "Feature", "properties": { "id_original": 3, "id_parcela": 545, "linha": 3, "coluna": 5, "area_m2": 10.820077227903615, "code": null, "description": "Stand personalizados 3x3 m", "edificio": null }, "geometry": { "type": "Polygon", "coordinates": [ [ [ 32.636030303473163, -25.772848121652167 ], [ 32.636033167169927, -25.772819395742538 ], [ 32.636066814027828, -25.772822145680699 ], [ 32.636063950339086, -25.772850871591068 ], [ 32.636030303473163, -25.772848121652167 ] ] ] } },
{ "type": "Feature", "properties": { "id_original": 3, "id_parcela": 546, "linha": 3, "coluna": 6, "area_m2": 10.820077227628676, "code": null, "description": "Stand personalizados 3x3 m", "edificio": null }, "geometry": { "type": "Polygon", "coordinates": [ [ [ 32.636033167169927, -25.772819395742538 ], [ 32.636036030865213, -25.772790669832723 ], [ 32.636069677715099, -25.772793419770153 ], [ 32.636066814027828, -25.772822145680699 ], [ 32.636033167169927, -25.772819395742538 ] ] ] } },
{ "type": "Feature", "properties": { "id_original": 3, "id_parcela": 547, "linha": 3, "coluna": 7, "area_m2": 10.820077227628676, "code": null, "description": "Stand personalizados 3x3 m", "edificio": null }, "geometry": { "type": "Polygon", "coordinates": [ [ [ 32.636036030865213, -25.772790669832723 ], [ 32.636038894559029, -25.772761943922728 ], [ 32.636072541400893, -25.772764693859415 ], [ 32.636069677715099, -25.772793419770153 ], [ 32.636036030865213, -25.772790669832723 ] ] ] } },
{ "type": "Feature", "properties": { "id_original": 3, "id_parcela": 548, "linha": 3, "coluna": 8, "area_m2": 10.820077227903615, "code": null, "description": "Stand personalizados 3x3 m", "edificio": null }, "geometry": { "type": "Polygon", "coordinates": [ [ [ 32.636038894559029, -25.772761943922728 ], [ 32.636041758251388, -25.772733218012547 ], [ 32.636075405085236, -25.772735967948496 ], [ 32.636072541400893, -25.772764693859415 ], [ 32.636038894559029, -25.772761943922728 ] ] ] } },
{ "type": "Feature", "properties": { "id_original": 3, "id_parcela": 549, "linha": 3, "coluna": 9, "area_m2": 10.820077227628676, "code": null, "description": "Stand personalizados 3x3 m", "edificio": null }, "geometry": { "type": "Polygon", "coordinates": [ [ [ 32.636041758251388, -25.772733218012547 ], [ 32.636044621942261, -25.772704492102179 ], [ 32.636078268768088, -25.772707242037388 ], [ 32.636075405085236, -25.772735967948496 ], [ 32.636041758251388, -25.772733218012547 ] ] ] } },
{ "type": "Feature", "properties": { "id_original": 3, "id_parcela": 550, "linha": 3, "coluna": 10, "area_m2": 10.820077227628676, "code": null, "description": "Stand personalizados 3x3 m", "edificio": null }, "geometry": { "type": "Polygon", "coordinates": [ [ [ 32.636044621942261, -25.772704492102179 ], [ 32.636047485631664, -25.772675766191632 ], [ 32.636081132449483, -25.772678516126106 ], [ 32.636078268768088, -25.772707242037388 ], [ 32.636044621942261, -25.772704492102179 ] ] ] } },
{ "type": "Feature", "properties": { "id_original": 3, "id_parcela": 551, "linha": 3, "coluna": 11, "area_m2": 10.820077227628676, "code": null, "description": "Stand personalizados 3x3 m", "edificio": null }, "geometry": { "type": "Polygon", "coordinates": [ [ [ 32.636047485631664, -25.772675766191632 ], [ 32.636050349319603, -25.772647040280898 ], [ 32.6360839961294, -25.772649790214633 ], [ 32.636081132449483, -25.772678516126106 ], [ 32.636047485631664, -25.772675766191632 ] ] ] } },
{ "type": "Feature", "properties": { "id_original": 3, "id_parcela": 552, "linha": 3, "coluna": 12, "area_m2": 10.820077227903615, "code": null, "description": "Stand personalizados 3x3 m", "edificio": null }, "geometry": { "type": "Polygon", "coordinates": [ [ [ 32.636050349319603, -25.772647040280898 ], [ 32.636053213006086, -25.772618314369975 ], [ 32.636086859807861, -25.772621064302971 ], [ 32.6360839961294, -25.772649790214633 ], [ 32.636050349319603, -25.772647040280898 ] ] ] } },
{ "type": "Feature", "properties": { "id_original": 3, "id_parcela": 553, "linha": 3, "coluna": 13, "area_m2": 10.820077227628676, "code": null, "description": "Stand personalizados 3x3 m", "edificio": null }, "geometry": { "type": "Polygon", "coordinates": [ [ [ 32.636053213006086, -25.772618314369975 ], [ 32.636056076691091, -25.772589588458871 ], [ 32.636089723484844, -25.772592338391132 ], [ 32.636086859807861, -25.772621064302971 ], [ 32.636053213006086, -25.772618314369975 ] ] ] } },
{ "type": "Feature", "properties": { "id_original": 4, "id_parcela": 654, "linha": 1, "coluna": 6, "area_m2": 10.708966727191426, "code": null, "description": null, "edificio": null }, "geometry": { "type": "Polygon", "coordinates": [ [ [ 32.636056650315311, -25.771451458608809 ], [ 32.636056551972892, -25.771422647459282 ], [ 32.636090028536152, -25.771422553773132 ], [ 32.636090119031294, -25.771451364944713 ], [ 32.636056650315311, -25.771451458608809 ] ] ] } },
{ "type": "Feature", "properties": { "id_original": 3, "id_parcela": 555, "linha": 3, "coluna": 15, "area_m2": 10.820077227628676, "code": null, "description": "Stand personalizados 3x3 m", "edificio": null }, "geometry": { "type": "Polygon", "coordinates": [ [ [ 32.636058940374618, -25.772560862547586 ], [ 32.636061804056681, -25.772532136636116 ], [ 32.636095450834404, -25.772534886566898 ], [ 32.636092587160363, -25.772563612479107 ], [ 32.636058940374618, -25.772560862547586 ] ] ] } },
{ "type": "Feature", "properties": { "id_original": 3, "id_parcela": 556, "linha": 3, "coluna": 16, "area_m2": 10.820077227903615, "code": null, "description": "Stand personalizados 3x3 m", "edificio": null }, "geometry": { "type": "Polygon", "coordinates": [ [ [ 32.636061804056681, -25.772532136636116 ], [ 32.63606466773728, -25.772503410724454 ], [ 32.636098314506988, -25.772506160654505 ], [ 32.636095450834404, -25.772534886566898 ], [ 32.636061804056681, -25.772532136636116 ] ] ] } },
{ "type": "Feature", "properties": { "id_original": 3, "id_parcela": 557, "linha": 3, "coluna": 17, "area_m2": 10.820077227628676, "code": null, "description": "Stand personalizados 3x3 m", "edificio": null }, "geometry": { "type": "Polygon", "coordinates": [ [ [ 32.63606466773728, -25.772503410724454 ], [ 32.636067531416401, -25.772474684812614 ], [ 32.636101178178087, -25.772477434741923 ], [ 32.636098314506988, -25.772506160654505 ], [ 32.63606466773728, -25.772503410724454 ] ] ] } },
{ "type": "Feature", "properties": { "id_original": 3, "id_parcela": 558, "linha": 3, "coluna": 18, "area_m2": 10.820077227628676, "code": null, "description": "Stand personalizados 3x3 m", "edificio": null }, "geometry": { "type": "Polygon", "coordinates": [ [ [ 32.636067531416401, -25.772474684812614 ], [ 32.636070395094059, -25.77244595890059 ], [ 32.63610404184773, -25.77244870882916 ], [ 32.636101178178087, -25.772477434741923 ], [ 32.636067531416401, -25.772474684812614 ] ] ] } },
{ "type": "Feature", "properties": { "id_original": 3, "id_parcela": 559, "linha": 3, "coluna": 19, "area_m2": 10.820077227628676, "code": null, "description": "Stand personalizados 3x3 m", "edificio": null }, "geometry": { "type": "Polygon", "coordinates": [ [ [ 32.636070395094059, -25.77244595890059 ], [ 32.636073258770239, -25.772417232988378 ], [ 32.636106905515895, -25.772419982916215 ], [ 32.63610404184773, -25.77244870882916 ], [ 32.636070395094059, -25.77244595890059 ] ] ] } },
{ "type": "Feature", "properties": { "id_original": 3, "id_parcela": 560, "linha": 3, "coluna": 20, "area_m2": 10.820077227903615, "code": null, "description": "Stand personalizados 3x3 m", "edificio": null }, "geometry": { "type": "Polygon", "coordinates": [ [ [ 32.636073258770239, -25.772417232988378 ], [ 32.636076122444969, -25.772388507075991 ], [ 32.636109769182603, -25.772391257003086 ], [ 32.636106905515895, -25.772419982916215 ], [ 32.636073258770239, -25.772417232988378 ] ] ] } },
{ "type": "Feature", "properties": { "id_original": 3, "id_parcela": 561, "linha": 3, "coluna": 21, "area_m2": 10.820077227628676, "code": null, "description": "Stand personalizados 3x3 m", "edificio": null }, "geometry": { "type": "Polygon", "coordinates": [ [ [ 32.636076122444969, -25.772388507075991 ], [ 32.636078986118214, -25.772359781163409 ], [ 32.636112632847833, -25.772362531089762 ], [ 32.636109769182603, -25.772391257003086 ], [ 32.636076122444969, -25.772388507075991 ] ] ] } },
{ "type": "Feature", "properties": { "id_original": 3, "id_parcela": 562, "linha": 3, "coluna": 22, "area_m2": 10.820077227628676, "code": null, "description": "Stand personalizados 3x3 m", "edificio": null }, "geometry": { "type": "Polygon", "coordinates": [ [ [ 32.636078986118214, -25.772359781163409 ], [ 32.636081849789996, -25.772331055250646 ], [ 32.636115496511593, -25.772333805176267 ], [ 32.636112632847833, -25.772362531089762 ], [ 32.636078986118214, -25.772359781163409 ] ] ] } },
{ "type": "Feature", "properties": { "id_original": 3, "id_parcela": 563, "linha": 3, "coluna": 23, "area_m2": 10.820077227628676, "code": null, "description": "Stand personalizados 3x3 m", "edificio": null }, "geometry": { "type": "Polygon", "coordinates": [ [ [ 32.636081849789996, -25.772331055250646 ], [ 32.636084713460299, -25.772302329337702 ], [ 32.636118360173889, -25.772305079262583 ], [ 32.636115496511593, -25.772333805176267 ], [ 32.636081849789996, -25.772331055250646 ] ] ] } },
{ "type": "Feature", "properties": { "id_original": 3, "id_parcela": 564, "linha": 3, "coluna": 24, "area_m2": 10.820077227903615, "code": null, "description": "Stand personalizados 3x3 m", "edificio": null }, "geometry": { "type": "Polygon", "coordinates": [ [ [ 32.636084713460299, -25.772302329337702 ], [ 32.636087577129153, -25.772273603424566 ], [ 32.636121223834714, -25.772276353348708 ], [ 32.636118360173889, -25.772305079262583 ], [ 32.636084713460299, -25.772302329337702 ] ] ] } },
{ "type": "Feature", "properties": { "id_original": 3, "id_parcela": 565, "linha": 3, "coluna": 25, "area_m2": 10.820077227628676, "code": null, "description": "Stand personalizados 3x3 m", "edificio": null }, "geometry": { "type": "Polygon", "coordinates": [ [ [ 32.636087577129153, -25.772273603424566 ], [ 32.636090440796515, -25.772244877511252 ], [ 32.636124087494068, -25.772247627434659 ], [ 32.636121223834714, -25.772276353348708 ], [ 32.636087577129153, -25.772273603424566 ] ] ] } },
{ "type": "Feature", "properties": { "id_original": 3, "id_parcela": 569, "linha": 4, "coluna": 2, "area_m2": 10.820077223143654, "code": null, "description": "Stand normal 3x3 m", "edificio": null }, "geometry": { "type": "Polygon", "coordinates": [ [ [ 32.63598806548579, -25.772931549431071 ], [ 32.635990929194968, -25.77290282352272 ], [ 32.636024576075251, -25.772905573470872 ], [ 32.636021712374088, -25.772934299379948 ], [ 32.63598806548579, -25.772931549431071 ] ] ] } },
{ "type": "Feature", "properties": { "id_original": 3, "id_parcela": 570, "linha": 4, "coluna": 3, "area_m2": 10.820077220000782, "code": null, "description": "Stand normal 3x3 m", "edificio": null }, "geometry": { "type": "Polygon", "coordinates": [ [ [ 32.635990929194968, -25.77290282352272 ], [ 32.635993792902674, -25.772874097614213 ], [ 32.636027439774942, -25.772876847561605 ], [ 32.636024576075251, -25.772905573470872 ], [ 32.635990929194968, -25.77290282352272 ] ] ] } },
{ "type": "Feature", "properties": { "id_original": 3, "id_parcela": 571, "linha": 4, "coluna": 4, "area_m2": 10.820077223143654, "code": null, "description": "Stand normal 3x3 m", "edificio": null }, "geometry": { "type": "Polygon", "coordinates": [ [ [ 32.635993792902674, -25.772874097614213 ], [ 32.635996656608917, -25.772845371705493 ], [ 32.636030303473163, -25.772848121652167 ], [ 32.636027439774942, -25.772876847561605 ], [ 32.635993792902674, -25.772874097614213 ] ] ] } },
{ "type": "Feature", "properties": { "id_original": 3, "id_parcela": 572, "linha": 4, "coluna": 5, "area_m2": 10.820077220275721, "code": null, "description": "Stand normal 3x3 m", "edificio": null }, "geometry": { "type": "Polygon", "coordinates": [ [ [ 32.635996656608917, -25.772845371705493 ], [ 32.635999520313703, -25.772816645796617 ], [ 32.636033167169927, -25.772819395742538 ], [ 32.636030303473163, -25.772848121652167 ], [ 32.635996656608917, -25.772845371705493 ] ] ] } },
{ "type": "Feature", "properties": { "id_original": 3, "id_parcela": 573, "linha": 4, "coluna": 6, "area_m2": 10.820077223143654, "code": null, "description": "Stand normal 3x3 m", "edificio": null }, "geometry": { "type": "Polygon", "coordinates": [ [ [ 32.635999520313703, -25.772816645796617 ], [ 32.636002384017004, -25.772787919887531 ], [ 32.636036030865213, -25.772790669832723 ], [ 32.636033167169927, -25.772819395742538 ], [ 32.635999520313703, -25.772816645796617 ] ] ] } },
{ "type": "Feature", "properties": { "id_original": 3, "id_parcela": 574, "linha": 4, "coluna": 7, "area_m2": 10.820077220000782, "code": null, "description": "Stand normal 3x3 m", "edificio": null }, "geometry": { "type": "Polygon", "coordinates": [ [ [ 32.636002384017004, -25.772787919887531 ], [ 32.636005247718835, -25.772759193978285 ], [ 32.636038894559029, -25.772761943922728 ], [ 32.636036030865213, -25.772790669832723 ], [ 32.636002384017004, -25.772787919887531 ] ] ] } },
{ "type": "Feature", "properties": { "id_original": 3, "id_parcela": 575, "linha": 4, "coluna": 8, "area_m2": 10.820077223418593, "code": null, "description": "Stand normal 3x3 m", "edificio": null }, "geometry": { "type": "Polygon", "coordinates": [ [ [ 32.636005247718835, -25.772759193978285 ], [ 32.636008111419208, -25.772730468068829 ], [ 32.636041758251388, -25.772733218012547 ], [ 32.636038894559029, -25.772761943922728 ], [ 32.636005247718835, -25.772759193978285 ] ] ] } },
{ "type": "Feature", "properties": { "id_original": 3, "id_parcela": 576, "linha": 4, "coluna": 9, "area_m2": 10.820077220000782, "code": null, "description": "Stand normal 3x3 m", "edificio": null }, "geometry": { "type": "Polygon", "coordinates": [ [ [ 32.636008111419208, -25.772730468068829 ], [ 32.636010975118104, -25.772701742159214 ], [ 32.636044621942261, -25.772704492102179 ], [ 32.636041758251388, -25.772733218012547 ], [ 32.636008111419208, -25.772730468068829 ] ] ] } },
{ "type": "Feature", "properties": { "id_original": 3, "id_parcela": 577, "linha": 4, "coluna": 10, "area_m2": 10.820077223143654, "code": null, "description": "Stand normal 3x3 m", "edificio": null }, "geometry": { "type": "Polygon", "coordinates": [ [ [ 32.636010975118104, -25.772701742159214 ], [ 32.636013838815529, -25.772673016249392 ], [ 32.636047485631664, -25.772675766191632 ], [ 32.636044621942261, -25.772704492102179 ], [ 32.636010975118104, -25.772701742159214 ] ] ] } },
{ "type": "Feature", "properties": { "id_original": 3, "id_parcela": 578, "linha": 4, "coluna": 11, "area_m2": 10.820077220000782, "code": null, "description": "Stand normal 3x3 m", "edificio": null }, "geometry": { "type": "Polygon", "coordinates": [ [ [ 32.636013838815529, -25.772673016249392 ], [ 32.636016702511483, -25.772644290339404 ], [ 32.636050349319603, -25.772647040280898 ], [ 32.636047485631664, -25.772675766191632 ], [ 32.636013838815529, -25.772673016249392 ] ] ] } },
{ "type": "Feature", "properties": { "id_original": 3, "id_parcela": 579, "linha": 4, "coluna": 12, "area_m2": 10.820077223418593, "code": null, "description": "Stand normal 3x3 m", "edificio": null }, "geometry": { "type": "Polygon", "coordinates": [ [ [ 32.636016702511483, -25.772644290339404 ], [ 32.636019566205981, -25.772615564429213 ], [ 32.636053213006086, -25.772618314369975 ], [ 32.636050349319603, -25.772647040280898 ], [ 32.636016702511483, -25.772644290339404 ] ] ] } },
{ "type": "Feature", "properties": { "id_original": 3, "id_parcela": 580, "linha": 4, "coluna": 13, "area_m2": 10.820077220000782, "code": null, "description": "Stand normal 3x3 m", "edificio": null }, "geometry": { "type": "Polygon", "coordinates": [ [ [ 32.636019566205981, -25.772615564429213 ], [ 32.636022429898993, -25.772586838518858 ], [ 32.636056076691091, -25.772589588458871 ], [ 32.636053213006086, -25.772618314369975 ], [ 32.636019566205981, -25.772615564429213 ] ] ] } },
{ "type": "Feature", "properties": { "id_original": 4, "id_parcela": 655, "linha": 1, "coluna": 7, "area_m2": 10.711479908502284, "code": null, "description": null, "edificio": null }, "geometry": { "type": "Polygon", "coordinates": [ [ [ 32.636056551972892, -25.771422647459282 ], [ 32.636056453630431, -25.771393836309635 ], [ 32.636089938040946, -25.771393742601433 ], [ 32.636090028536152, -25.771422553773132 ], [ 32.636056551972892, -25.771422647459282 ] ] ] } },
{ "type": "Feature", "properties": { "id_original": 3, "id_parcela": 582, "linha": 4, "coluna": 15, "area_m2": 10.820077220000782, "code": null, "description": "Stand normal 3x3 m", "edificio": null }, "geometry": { "type": "Polygon", "coordinates": [ [ [ 32.636025293590549, -25.772558112608294 ], [ 32.63602815728062, -25.77252938669757 ], [ 32.636061804056681, -25.772532136636116 ], [ 32.636058940374618, -25.772560862547586 ], [ 32.636025293590549, -25.772558112608294 ] ] ] } },
{ "type": "Feature", "properties": { "id_original": 3, "id_parcela": 583, "linha": 4, "coluna": 16, "area_m2": 10.820077223418593, "code": null, "description": "Stand normal 3x3 m", "edificio": null }, "geometry": { "type": "Polygon", "coordinates": [ [ [ 32.63602815728062, -25.77252938669757 ], [ 32.636031020969241, -25.772500660786648 ], [ 32.63606466773728, -25.772503410724454 ], [ 32.636061804056681, -25.772532136636116 ], [ 32.63602815728062, -25.77252938669757 ] ] ] } },
{ "type": "Feature", "properties": { "id_original": 3, "id_parcela": 584, "linha": 4, "coluna": 17, "area_m2": 10.820077220000782, "code": null, "description": "Stand normal 3x3 m", "edificio": null }, "geometry": { "type": "Polygon", "coordinates": [ [ [ 32.636031020969241, -25.772500660786648 ], [ 32.636033884656385, -25.772471934875547 ], [ 32.636067531416401, -25.772474684812614 ], [ 32.63606466773728, -25.772503410724454 ], [ 32.636031020969241, -25.772500660786648 ] ] ] } },
{ "type": "Feature", "properties": { "id_original": 3, "id_parcela": 585, "linha": 4, "coluna": 18, "area_m2": 10.820077223143654, "code": null, "description": "Stand normal 3x3 m", "edificio": null }, "geometry": { "type": "Polygon", "coordinates": [ [ [ 32.636033884656385, -25.772471934875547 ], [ 32.636036748342057, -25.772443208964258 ], [ 32.636070395094059, -25.77244595890059 ], [ 32.636067531416401, -25.772474684812614 ], [ 32.636033884656385, -25.772471934875547 ] ] ] } },
{ "type": "Feature", "properties": { "id_original": 3, "id_parcela": 586, "linha": 4, "coluna": 19, "area_m2": 10.820077220000782, "code": null, "description": "Stand normal 3x3 m", "edificio": null }, "geometry": { "type": "Polygon", "coordinates": [ [ [ 32.636036748342057, -25.772443208964258 ], [ 32.636039612026259, -25.772414483052792 ], [ 32.636073258770239, -25.772417232988378 ], [ 32.636070395094059, -25.77244595890059 ], [ 32.636036748342057, -25.772443208964258 ] ] ] } },
{ "type": "Feature", "properties": { "id_original": 3, "id_parcela": 587, "linha": 4, "coluna": 20, "area_m2": 10.820077223418593, "code": null, "description": "Stand normal 3x3 m", "edificio": null }, "geometry": { "type": "Polygon", "coordinates": [ [ [ 32.636039612026259, -25.772414483052792 ], [ 32.636042475709004, -25.772385757141123 ], [ 32.636076122444969, -25.772388507075991 ], [ 32.636073258770239, -25.772417232988378 ], [ 32.636039612026259, -25.772414483052792 ] ] ] } },
{ "type": "Feature", "properties": { "id_original": 3, "id_parcela": 588, "linha": 4, "coluna": 21, "area_m2": 10.820077220000782, "code": null, "description": "Stand normal 3x3 m", "edificio": null }, "geometry": { "type": "Polygon", "coordinates": [ [ [ 32.636042475709004, -25.772385757141123 ], [ 32.636045339390265, -25.772357031229291 ], [ 32.636078986118214, -25.772359781163409 ], [ 32.636076122444969, -25.772388507075991 ], [ 32.636042475709004, -25.772385757141123 ] ] ] } },
{ "type": "Feature", "properties": { "id_original": 3, "id_parcela": 589, "linha": 4, "coluna": 22, "area_m2": 10.820077223143654, "code": null, "description": "Stand normal 3x3 m", "edificio": null }, "geometry": { "type": "Polygon", "coordinates": [ [ [ 32.636045339390265, -25.772357031229291 ], [ 32.636048203070061, -25.772328305317263 ], [ 32.636081849789996, -25.772331055250646 ], [ 32.636078986118214, -25.772359781163409 ], [ 32.636045339390265, -25.772357031229291 ] ] ] } },
{ "type": "Feature", "properties": { "id_original": 3, "id_parcela": 590, "linha": 4, "coluna": 23, "area_m2": 10.820077220000782, "code": null, "description": "Stand normal 3x3 m", "edificio": null }, "geometry": { "type": "Polygon", "coordinates": [ [ [ 32.636048203070061, -25.772328305317263 ], [ 32.636051066748387, -25.772299579405058 ], [ 32.636084713460299, -25.772302329337702 ], [ 32.636081849789996, -25.772331055250646 ], [ 32.636048203070061, -25.772328305317263 ] ] ] } },
{ "type": "Feature", "properties": { "id_original": 3, "id_parcela": 591, "linha": 4, "coluna": 24, "area_m2": 10.820077223418593, "code": null, "description": "Stand normal 3x3 m", "edificio": null }, "geometry": { "type": "Polygon", "coordinates": [ [ [ 32.636051066748387, -25.772299579405058 ], [ 32.636053930425255, -25.772270853492657 ], [ 32.636087577129153, -25.772273603424566 ], [ 32.636084713460299, -25.772302329337702 ], [ 32.636051066748387, -25.772299579405058 ] ] ] } },
{ "type": "Feature", "properties": { "id_original": 3, "id_parcela": 592, "linha": 4, "coluna": 25, "area_m2": 10.820077220000782, "code": null, "description": "Stand normal 3x3 m", "edificio": null }, "geometry": { "type": "Polygon", "coordinates": [ [ [ 32.636053930425255, -25.772270853492657 ], [ 32.636056794100632, -25.772242127580089 ], [ 32.636090440796515, -25.772244877511252 ], [ 32.636087577129153, -25.772273603424566 ], [ 32.636053930425255, -25.772270853492657 ] ] ] } },
{ "type": "Feature", "properties": { "id_original": 3, "id_parcela": 622, "linha": 6, "coluna": 1, "area_m2": 10.814237577975581, "code": null, "description": "Stand normal 3x3 m", "edificio": null }, "geometry": { "type": "Polygon", "coordinates": [ [ [ 32.635954418599134, -25.772928799474432 ], [ 32.635951557930035, -25.772957494791676 ], [ 32.635917908236316, -25.772954775437036 ], [ 32.635920771953785, -25.772926049529609 ], [ 32.635954418599134, -25.772928799474432 ] ] ] } },
{ "type": "Feature", "properties": { "id_original": 3, "id_parcela": 623, "linha": 6, "coluna": 2, "area_m2": 10.820001637903818, "code": null, "description": "Stand normal 3x3 m", "edificio": null }, "geometry": { "type": "Polygon", "coordinates": [ [ [ 32.635957282316333, -25.772900073566827 ], [ 32.635954418599134, -25.772928799474432 ], [ 32.635920771953785, -25.772926049529609 ], [ 32.635923635669791, -25.772897323621997 ], [ 32.635957282316333, -25.772900073566827 ] ] ] } },
{ "type": "Feature", "properties": { "id_original": 3, "id_parcela": 624, "linha": 6, "coluna": 3, "area_m2": 10.820004601513357, "code": null, "description": "Stand normal 3x3 m", "edificio": null }, "geometry": { "type": "Polygon", "coordinates": [ [ [ 32.635960146032055, -25.772871347659045 ], [ 32.635957282316333, -25.772900073566827 ], [ 32.635923635669791, -25.772897323621997 ], [ 32.635926499384311, -25.772868597714197 ], [ 32.635960146032055, -25.772871347659045 ] ] ] } },
{ "type": "Feature", "properties": { "id_original": 3, "id_parcela": 625, "linha": 6, "coluna": 4, "area_m2": 10.820007566742074, "code": null, "description": "Stand normal 3x3 m", "edificio": null }, "geometry": { "type": "Polygon", "coordinates": [ [ [ 32.63596300974632, -25.772842621751082 ], [ 32.635960146032055, -25.772871347659045 ], [ 32.635926499384311, -25.772868597714197 ], [ 32.635929363097368, -25.772839871806205 ], [ 32.63596300974632, -25.772842621751082 ] ] ] } },
{ "type": "Feature", "properties": { "id_original": 3, "id_parcela": 626, "linha": 6, "coluna": 5, "area_m2": 10.820010533589969, "code": null, "description": "Stand normal 3x3 m", "edificio": null }, "geometry": { "type": "Polygon", "coordinates": [ [ [ 32.635965873459114, -25.772813895842923 ], [ 32.63596300974632, -25.772842621751082 ], [ 32.635929363097368, -25.772839871806205 ], [ 32.635932226808954, -25.772811145898039 ], [ 32.635965873459114, -25.772813895842923 ] ] ] } },
{ "type": "Feature", "properties": { "id_original": 3, "id_parcela": 627, "linha": 6, "coluna": 6, "area_m2": 10.820013498818685, "code": null, "description": "Stand normal 3x3 m", "edificio": null }, "geometry": { "type": "Polygon", "coordinates": [ [ [ 32.63596873717043, -25.77278516993459 ], [ 32.635965873459114, -25.772813895842923 ], [ 32.635932226808954, -25.772811145898039 ], [ 32.635935090519077, -25.772782419989689 ], [ 32.63596873717043, -25.77278516993459 ] ] ] } },
{ "type": "Feature", "properties": { "id_original": 3, "id_parcela": 628, "linha": 6, "coluna": 7, "area_m2": 10.820016462428224, "code": null, "description": "Stand normal 3x3 m", "edificio": null }, "geometry": { "type": "Polygon", "coordinates": [ [ [ 32.635971600880282, -25.772756444026072 ], [ 32.63596873717043, -25.77278516993459 ], [ 32.635935090519077, -25.772782419989689 ], [ 32.635937954227728, -25.772753694081153 ], [ 32.635971600880282, -25.772756444026072 ] ] ] } },
{ "type": "Feature", "properties": { "id_original": 3, "id_parcela": 629, "linha": 6, "coluna": 8, "area_m2": 10.820019427656943, "code": null, "description": "Stand normal 3x3 m", "edificio": null }, "geometry": { "type": "Polygon", "coordinates": [ [ [ 32.635974464588664, -25.772727718117356 ], [ 32.635971600880282, -25.772756444026072 ], [ 32.635937954227728, -25.772753694081153 ], [ 32.635940817934902, -25.772724968172422 ], [ 32.635974464588664, -25.772727718117356 ] ] ] } },
{ "type": "Feature", "properties": { "id_original": 3, "id_parcela": 630, "linha": 6, "coluna": 9, "area_m2": 10.820022390115311, "code": null, "description": "Stand normal 3x3 m", "edificio": null }, "geometry": { "type": "Polygon", "coordinates": [ [ [ 32.635977328295581, -25.772698992208475 ], [ 32.635974464588664, -25.772727718117356 ], [ 32.635940817934902, -25.772724968172422 ], [ 32.635943681640633, -25.772696242263525 ], [ 32.635977328295581, -25.772698992208475 ] ] ] } },
{ "type": "Feature", "properties": { "id_original": 3, "id_parcela": 631, "linha": 6, "coluna": 10, "area_m2": 10.820025356235959, "code": null, "description": "Stand normal 3x3 m", "edificio": null }, "geometry": { "type": "Polygon", "coordinates": [ [ [ 32.635980192001028, -25.7726702662994 ], [ 32.635977328295581, -25.772698992208475 ], [ 32.635943681640633, -25.772696242263525 ], [ 32.635946545344865, -25.772667516354431 ], [ 32.635980192001028, -25.7726702662994 ] ] ] } },
{ "type": "Feature", "properties": { "id_original": 3, "id_parcela": 632, "linha": 6, "coluna": 11, "area_m2": 10.820028323083854, "code": null, "description": "Stand normal 3x3 m", "edificio": null }, "geometry": { "type": "Polygon", "coordinates": [ [ [ 32.635983055705005, -25.772641540390136 ], [ 32.635980192001028, -25.7726702662994 ], [ 32.635946545344865, -25.772667516354431 ], [ 32.635949409047633, -25.772638790445164 ], [ 32.635983055705005, -25.772641540390136 ] ] ] } },
{ "type": "Feature", "properties": { "id_original": 3, "id_parcela": 633, "linha": 6, "coluna": 12, "area_m2": 10.820031287243269, "code": null, "description": "Stand normal 3x3 m", "edificio": null }, "geometry": { "type": "Polygon", "coordinates": [ [ [ 32.635985919407517, -25.772612814480691 ], [ 32.635983055705005, -25.772641540390136 ], [ 32.635949409047633, -25.772638790445164 ], [ 32.635952272748952, -25.772610064535701 ], [ 32.635985919407517, -25.772612814480691 ] ] ] } },
{ "type": "Feature", "properties": { "id_original": 3, "id_parcela": 634, "linha": 6, "coluna": 13, "area_m2": 10.820034248876819, "code": null, "description": "Stand normal 3x3 m", "edificio": null }, "geometry": { "type": "Polygon", "coordinates": [ [ [ 32.635988783108552, -25.772584088571065 ], [ 32.635985919407517, -25.772612814480691 ], [ 32.635952272748952, -25.772610064535701 ], [ 32.635955136448786, -25.772581338626068 ], [ 32.635988783108552, -25.772584088571065 ] ] ] } },
{ "type": "Feature", "properties": { "id_original": 3, "id_parcela": 635, "linha": 6, "coluna": 14, "area_m2": 10.820037215547346, "code": null, "description": "Stand normal 3x3 m", "edificio": null }, "geometry": { "type": "Polygon", "coordinates": [ [ [ 32.635991646808115, -25.772555362661258 ], [ 32.635988783108552, -25.772584088571065 ], [ 32.635955136448786, -25.772581338626068 ], [ 32.635958000147149, -25.772552612716236 ], [ 32.635991646808115, -25.772555362661258 ] ] ] } },
{ "type": "Feature", "properties": { "id_original": 3, "id_parcela": 636, "linha": 6, "coluna": 15, "area_m2": 10.820040182120302, "code": null, "description": "Stand normal 3x3 m", "edificio": null }, "geometry": { "type": "Polygon", "coordinates": [ [ [ 32.635994510506215, -25.772526636751259 ], [ 32.635991646808115, -25.772555362661258 ], [ 32.635958000147149, -25.772552612716236 ], [ 32.635960863844033, -25.772523886806223 ], [ 32.635994510506215, -25.772526636751259 ] ] ] } },
{ "type": "Feature", "properties": { "id_original": 3, "id_parcela": 637, "linha": 6, "coluna": 16, "area_m2": 10.820043147898899, "code": null, "description": "Stand normal 3x3 m", "edificio": null }, "geometry": { "type": "Polygon", "coordinates": [ [ [ 32.635997374202844, -25.772497910841079 ], [ 32.635994510506215, -25.772526636751259 ], [ 32.635960863844033, -25.772523886806223 ], [ 32.635963727539469, -25.772495160896025 ], [ 32.635997374202844, -25.772497910841079 ] ] ] } },
{ "type": "Feature", "properties": { "id_original": 3, "id_parcela": 638, "linha": 6, "coluna": 17, "area_m2": 10.820046111233497, "code": null, "description": "Stand normal 3x3 m", "edificio": null }, "geometry": { "type": "Polygon", "coordinates": [ [ [ 32.636000237898003, -25.772469184930717 ], [ 32.635997374202844, -25.772497910841079 ], [ 32.635963727539469, -25.772495160896025 ], [ 32.635966591233426, -25.772466434985642 ], [ 32.636000237898003, -25.772469184930717 ] ] ] } },
{ "type": "Feature", "properties": { "id_original": 3, "id_parcela": 639, "linha": 6, "coluna": 18, "area_m2": 10.820049076462215, "code": null, "description": "Stand normal 3x3 m", "edificio": null }, "geometry": { "type": "Polygon", "coordinates": [ [ [ 32.636003101591697, -25.772440459020164 ], [ 32.636000237898003, -25.772469184930717 ], [ 32.635966591233426, -25.772466434985642 ], [ 32.635969454925913, -25.772437709075078 ], [ 32.636003101591697, -25.772440459020164 ] ] ] } },
{ "type": "Feature", "properties": { "id_original": 3, "id_parcela": 640, "linha": 6, "coluna": 19, "area_m2": 10.820052041690932, "code": null, "description": "Stand normal 3x3 m", "edificio": null }, "geometry": { "type": "Polygon", "coordinates": [ [ [ 32.636005965283914, -25.772411733109433 ], [ 32.636003101591697, -25.772440459020164 ], [ 32.635969454925913, -25.772437709075078 ], [ 32.635972318616929, -25.772408983164325 ], [ 32.636005965283914, -25.772411733109433 ] ] ] } },
{ "type": "Feature", "properties": { "id_original": 3, "id_parcela": 641, "linha": 6, "coluna": 20, "area_m2": 10.820055007194588, "code": null, "description": "Stand normal 3x3 m", "edificio": null }, "geometry": { "type": "Polygon", "coordinates": [ [ [ 32.636008828974674, -25.772383007198517 ], [ 32.636005965283914, -25.772411733109433 ], [ 32.635972318616929, -25.772408983164325 ], [ 32.635975182306488, -25.772380257253392 ], [ 32.636008828974674, -25.772383007198517 ] ] ] } },
{ "type": "Feature", "properties": { "id_original": 3, "id_parcela": 642, "linha": 6, "coluna": 21, "area_m2": 10.820057972148366, "code": null, "description": "Stand normal 3x3 m", "edificio": null }, "geometry": { "type": "Polygon", "coordinates": [ [ [ 32.636011692663956, -25.772354281287413 ], [ 32.636008828974674, -25.772383007198517 ], [ 32.635975182306488, -25.772380257253392 ], [ 32.635978045994563, -25.77235153134227 ], [ 32.636011692663956, -25.772354281287413 ] ] ] } },
{ "type": "Feature", "properties": { "id_original": 3, "id_parcela": 643, "linha": 6, "coluna": 22, "area_m2": 10.820060936032844, "code": null, "description": "Stand normal 3x3 m", "edificio": null }, "geometry": { "type": "Polygon", "coordinates": [ [ [ 32.636014556351768, -25.772325555376124 ], [ 32.636011692663956, -25.772354281287413 ], [ 32.635978045994563, -25.77235153134227 ], [ 32.63598090968118, -25.772322805430971 ], [ 32.636014556351768, -25.772325555376124 ] ] ] } },
{ "type": "Feature", "properties": { "id_original": 3, "id_parcela": 644, "linha": 6, "coluna": 23, "area_m2": 10.820063897941328, "code": null, "description": "Stand normal 3x3 m", "edificio": null }, "geometry": { "type": "Polygon", "coordinates": [ [ [ 32.636017420038115, -25.772296829464654 ], [ 32.636014556351768, -25.772325555376124 ], [ 32.63598090968118, -25.772322805430971 ], [ 32.63598377336632, -25.77229407951949 ], [ 32.636017420038115, -25.772296829464654 ] ] ] } },
{ "type": "Feature", "properties": { "id_original": 3, "id_parcela": 645, "linha": 6, "coluna": 24, "area_m2": 10.820066866231038, "code": null, "description": "Stand normal 3x3 m", "edificio": null }, "geometry": { "type": "Polygon", "coordinates": [ [ [ 32.636020283722992, -25.772268103552996 ], [ 32.636017420038115, -25.772296829464654 ], [ 32.63598377336632, -25.77229407951949 ], [ 32.635986637049996, -25.772265353607818 ], [ 32.636020283722992, -25.772268103552996 ] ] ] } },
{ "type": "Feature", "properties": { "id_original": 3, "id_parcela": 646, "linha": 6, "coluna": 25, "area_m2": 10.820069832803995, "code": null, "description": "Stand normal 3x3 m", "edificio": null }, "geometry": { "type": "Polygon", "coordinates": [ [ [ 32.636023147406398, -25.772239377641156 ], [ 32.636020283722992, -25.772268103552996 ], [ 32.635986637049996, -25.772265353607818 ], [ 32.635989500732194, -25.772236627695957 ], [ 32.636023147406398, -25.772239377641156 ] ] ] } },
{ "type": "Feature", "properties": { "id_original": 3, "id_parcela": 647, "linha": 6, "coluna": 26, "area_m2": 10.820072796688471, "code": null, "description": "Stand normal 3x3 m", "edificio": null }, "geometry": { "type": "Polygon", "coordinates": [ [ [ 32.636026011088333, -25.772210651729136 ], [ 32.636023147406398, -25.772239377641156 ], [ 32.635989500732194, -25.772236627695957 ], [ 32.635992364412935, -25.772207901783922 ], [ 32.636026011088333, -25.772210651729136 ] ] ] } },
{ "type": "Feature", "properties": { "id_original": 3, "id_parcela": 648, "linha": 6, "coluna": 27, "area_m2": 10.751171820715639, "code": null, "description": "Stand normal 3x3 m", "edificio": null }, "geometry": { "type": "Polygon", "coordinates": [ [ [ 32.636026011088333, -25.772210651729136 ], [ 32.635992364412935, -25.772207901783922 ], [ 32.635995208198004, -25.772179375432877 ], [ 32.636028858190301, -25.772182092117912 ], [ 32.636026011088333, -25.772210651729136 ] ] ] } },
{ "type": "Feature", "properties": { "id_original": 4, "id_parcela": 649, "linha": 1, "coluna": 1, "area_m2": 10.538881032668643, "code": null, "description": null, "edificio": null }, "geometry": { "type": "Polygon", "coordinates": [ [ [ 32.63574228029907, -25.772171253943323 ], [ 32.635709612556951, -25.772164794362247 ], [ 32.6357163, -25.7721371 ], [ 32.635748978259635, -25.772143483140351 ], [ 32.63574228029907, -25.772171253943323 ] ] ] } },
{ "type": "Feature", "properties": { "id_original": 4, "id_parcela": 650, "linha": 1, "coluna": 2, "area_m2": 10.698914019168775, "code": null, "description": null, "edificio": null }, "geometry": { "type": "Polygon", "coordinates": [ [ [ 32.63574228029907, -25.772171253943323 ], [ 32.635735491385255, -25.772199401838872 ], [ 32.63570281596126, -25.772192940738694 ], [ 32.635709612556951, -25.772164794362247 ], [ 32.63574228029907, -25.772171253943323 ] ] ] } },
{ "type": "Feature", "properties": { "id_original": 4, "id_parcela": 651, "linha": 1, "coluna": 3, "area_m2": 10.701427198080889, "code": null, "description": null, "edificio": null }, "geometry": { "type": "Polygon", "coordinates": [ [ [ 32.635735491385255, -25.772199401838872 ], [ 32.63572870246815, -25.772227549733966 ], [ 32.635696019362292, -25.772221087114669 ], [ 32.63570281596126, -25.772192940738694 ], [ 32.635735491385255, -25.772199401838872 ] ] ] } },
{ "type": "Feature", "properties": { "id_original": 4, "id_parcela": 652, "linha": 1, "coluna": 4, "area_m2": 10.703940375223745, "code": null, "description": null, "edificio": null }, "geometry": { "type": "Polygon", "coordinates": [ [ [ 32.63572870246815, -25.772227549733966 ], [ 32.635721913547755, -25.772255697628605 ], [ 32.635689222760028, -25.772249233490186 ], [ 32.635696019362292, -25.772221087114669 ], [ 32.63572870246815, -25.772227549733966 ] ] ] } },
{ "type": "Feature", "properties": { "id_original": 4, "id_parcela": 653, "linha": 1, "coluna": 5, "area_m2": 10.706453554195559, "code": null, "description": null, "edificio": null }, "geometry": { "type": "Polygon", "coordinates": [ [ [ 32.635721913547755, -25.772255697628605 ], [ 32.635715124624085, -25.772283845522779 ], [ 32.635682426154496, -25.772277379865248 ], [ 32.635689222760028, -25.772249233490186 ], [ 32.635721913547755, -25.772255697628605 ] ] ] } },
{ "type": "Feature", "properties": { "id_original": 4, "id_parcela": 654, "linha": 1, "coluna": 6, "area_m2": 10.708966727191426, "code": null, "description": null, "edificio": null }, "geometry": { "type": "Polygon", "coordinates": [ [ [ 32.635715124624085, -25.772283845522779 ], [ 32.63570833569711, -25.772311993416494 ], [ 32.635675629545638, -25.77230552623984 ], [ 32.635682426154496, -25.772277379865248 ], [ 32.635715124624085, -25.772283845522779 ] ] ] } },
{ "type": "Feature", "properties": { "id_original": 4, "id_parcela": 655, "linha": 1, "coluna": 7, "area_m2": 10.711479908502284, "code": null, "description": null, "edificio": null }, "geometry": { "type": "Polygon", "coordinates": [ [ [ 32.63570833569711, -25.772311993416494 ], [ 32.635701546766853, -25.772340141309751 ], [ 32.635668832933504, -25.772333672613989 ], [ 32.635675629545638, -25.77230552623984 ], [ 32.63570833569711, -25.772311993416494 ] ] ] } },
{ "type": "Feature", "properties": { "id_original": 4, "id_parcela": 656, "linha": 1, "coluna": 8, "area_m2": 10.713993083802627, "code": null, "description": null, "edificio": null }, "geometry": { "type": "Polygon", "coordinates": [ [ [ 32.635701546766853, -25.772340141309751 ], [ 32.635694757833321, -25.772368289202547 ], [ 32.635662036318081, -25.772361818987658 ], [ 32.635668832933504, -25.772333672613989 ], [ 32.635701546766853, -25.772340141309751 ] ] ] } },
{ "type": "Feature", "properties": { "id_original": 4, "id_parcela": 657, "linha": 1, "coluna": 9, "area_m2": 10.716506260934588, "code": null, "description": null, "edificio": null }, "geometry": { "type": "Polygon", "coordinates": [ [ [ 32.635694757833321, -25.772368289202547 ], [ 32.635687968896498, -25.772396437094883 ], [ 32.635655239699389, -25.772389965360883 ], [ 32.635662036318081, -25.772361818987658 ], [ 32.635694757833321, -25.772368289202547 ] ] ] } },
{ "type": "Feature", "properties": { "id_original": 4, "id_parcela": 658, "linha": 1, "coluna": 10, "area_m2": 10.719019436326541, "code": null, "description": null, "edificio": null }, "geometry": { "type": "Polygon", "coordinates": [ [ [ 32.635687968896498, -25.772396437094883 ], [ 32.635681179956393, -25.772424584986762 ], [ 32.635648443077386, -25.772418111733629 ], [ 32.635655239699389, -25.772389965360883 ], [ 32.635687968896498, -25.772396437094883 ] ] ] } },
{ "type": "Feature", "properties": { "id_original": 4, "id_parcela": 659, "linha": 1, "coluna": 11, "area_m2": 10.721532616526472, "code": null, "description": null, "edificio": null }, "geometry": { "type": "Polygon", "coordinates": [ [ [ 32.635681179956393, -25.772424584986762 ], [ 32.635674391012984, -25.772452732878179 ], [ 32.635641646452086, -25.772446258105926 ], [ 32.635648443077386, -25.772418111733629 ], [ 32.635681179956393, -25.772424584986762 ] ] ] } },
{ "type": "Feature", "properties": { "id_original": 4, "id_parcela": 660, "linha": 1, "coluna": 12, "area_m2": 10.72404579422469, "code": null, "description": null, "edificio": null }, "geometry": { "type": "Polygon", "coordinates": [ [ [ 32.635674391012984, -25.772452732878179 ], [ 32.635667602066299, -25.772480880769134 ], [ 32.635634849823496, -25.772474404477759 ], [ 32.635641646452086, -25.772446258105926 ], [ 32.635674391012984, -25.772452732878179 ] ] ] } },
{ "type": "Feature", "properties": { "id_original": 4, "id_parcela": 661, "linha": 1, "coluna": 13, "area_m2": 10.726558968297065, "code": null, "description": null, "edificio": null }, "geometry": { "type": "Polygon", "coordinates": [ [ [ 32.635667602066299, -25.772480880769134 ], [ 32.635660813116331, -25.772509028659627 ], [ 32.635628053191645, -25.772502550849133 ], [ 32.635634849823496, -25.772474404477759 ], [ 32.635667602066299, -25.772480880769134 ] ] ] } },
{ "type": "Feature", "properties": { "id_original": 4, "id_parcela": 662, "linha": 1, "coluna": 14, "area_m2": 10.729072146749321, "code": null, "description": null, "edificio": null }, "geometry": { "type": "Polygon", "coordinates": [ [ [ 32.635660813116331, -25.772509028659627 ], [ 32.635654024163074, -25.772537176549665 ], [ 32.635621256556476, -25.772530697220045 ], [ 32.635628053191645, -25.772502550849133 ], [ 32.635660813116331, -25.772509028659627 ] ] ] } },
{ "type": "Feature", "properties": { "id_original": 4, "id_parcela": 663, "linha": 1, "coluna": 15, "area_m2": 10.731585322602974, "code": null, "description": null, "edificio": null }, "geometry": { "type": "Polygon", "coordinates": [ [ [ 32.635654024163074, -25.772537176549665 ], [ 32.635647235206534, -25.772565324439238 ], [ 32.635614459918031, -25.772558843590502 ], [ 32.635621256556476, -25.772530697220045 ], [ 32.635654024163074, -25.772537176549665 ] ] ] } },
{ "type": "Feature", "properties": { "id_original": 4, "id_parcela": 664, "linha": 1, "coluna": 16, "area_m2": 10.734098502838716, "code": null, "description": null, "edificio": null }, "geometry": { "type": "Polygon", "coordinates": [ [ [ 32.635647235206534, -25.772565324439238 ], [ 32.63564044624669, -25.772593472328357 ], [ 32.635607663276275, -25.772586989960491 ], [ 32.635614459918031, -25.772558843590502 ], [ 32.635647235206534, -25.772565324439238 ] ] ] } },
{ "type": "Feature", "properties": { "id_original": 4, "id_parcela": 665, "linha": 1, "coluna": 17, "area_m2": 10.736611678093986, "code": null, "description": null, "edificio": null }, "geometry": { "type": "Polygon", "coordinates": [ [ [ 32.63564044624669, -25.772593472328357 ], [ 32.635633657283577, -25.77262162021702 ], [ 32.635600866631258, -25.772615136330025 ], [ 32.635607663276275, -25.772586989960491 ], [ 32.63564044624669, -25.772593472328357 ] ] ] } },
{ "type": "Feature", "properties": { "id_original": 4, "id_parcela": 666, "linha": 1, "coluna": 18, "area_m2": 10.739124855329639, "code": null, "description": null, "edificio": null }, "geometry": { "type": "Polygon", "coordinates": [ [ [ 32.635633657283577, -25.77262162021702 ], [ 32.635626868317175, -25.772649768105214 ], [ 32.635594069982936, -25.772643282699093 ], [ 32.635600866631258, -25.772615136330025 ], [ 32.635633657283577, -25.77262162021702 ] ] ] } },
{ "type": "Feature", "properties": { "id_original": 4, "id_parcela": 667, "linha": 1, "coluna": 19, "area_m2": 10.741638033027236, "code": null, "description": null, "edificio": null }, "geometry": { "type": "Polygon", "coordinates": [ [ [ 32.635626868317175, -25.772649768105214 ], [ 32.63562007934749, -25.772677915992954 ], [ 32.635587273331325, -25.772671429067707 ], [ 32.635594069982936, -25.772643282699093 ], [ 32.635626868317175, -25.772649768105214 ] ] ] } },
{ "type": "Feature", "properties": { "id_original": 4, "id_parcela": 668, "linha": 1, "coluna": 20, "area_m2": 10.744151209539275, "code": null, "description": null, "edificio": null }, "geometry": { "type": "Polygon", "coordinates": [ [ [ 32.63562007934749, -25.772677915992954 ], [ 32.635613290374515, -25.772706063880229 ], [ 32.635580476676424, -25.772699575435851 ], [ 32.635587273331325, -25.772671429067707 ], [ 32.63562007934749, -25.772677915992954 ] ] ] } },
{ "type": "Feature", "properties": { "id_original": 4, "id_parcela": 669, "linha": 1, "coluna": 21, "area_m2": 10.74666438733448, "code": null, "description": null, "edificio": null }, "geometry": { "type": "Polygon", "coordinates": [ [ [ 32.635613290374515, -25.772706063880229 ], [ 32.635606501398243, -25.772734211767041 ], [ 32.63557368001824, -25.772727721803548 ], [ 32.635580476676424, -25.772699575435851 ], [ 32.635613290374515, -25.772706063880229 ] ] ] } },
{ "type": "Feature", "properties": { "id_original": 4, "id_parcela": 670, "linha": 1, "coluna": 22, "area_m2": 10.749177562063188, "code": null, "description": null, "edificio": null }, "geometry": { "type": "Polygon", "coordinates": [ [ [ 32.635606501398243, -25.772734211767041 ], [ 32.635599712418689, -25.772762359653395 ], [ 32.635566883356752, -25.772755868170773 ], [ 32.63557368001824, -25.772727721803548 ], [ 32.635606501398243, -25.772734211767041 ] ] ] } },
{ "type": "Feature", "properties": { "id_original": 4, "id_parcela": 671, "linha": 1, "coluna": 23, "area_m2": 10.75169074098093, "code": null, "description": null, "edificio": null }, "geometry": { "type": "Polygon", "coordinates": [ [ [ 32.635599712418689, -25.772762359653395 ], [ 32.635592923435858, -25.772790507539298 ], [ 32.635560086691981, -25.772784014537535 ], [ 32.635566883356752, -25.772755868170773 ], [ 32.635599712418689, -25.772762359653395 ] ] ] } },
{ "type": "Feature", "properties": { "id_original": 4, "id_parcela": 672, "linha": 1, "coluna": 24, "area_m2": 10.754203919339325, "code": null, "description": null, "edificio": null }, "geometry": { "type": "Polygon", "coordinates": [ [ [ 32.635592923435858, -25.772790507539298 ], [ 32.635586134449738, -25.772818655424732 ], [ 32.635553290023921, -25.77281216090384 ], [ 32.635560086691981, -25.772784014537535 ], [ 32.635592923435858, -25.772790507539298 ] ] ] } },
{ "type": "Feature", "properties": { "id_original": 4, "id_parcela": 673, "linha": 1, "coluna": 25, "area_m2": 10.756717094031858, "code": null, "description": null, "edificio": null }, "geometry": { "type": "Polygon", "coordinates": [ [ [ 32.635586134449738, -25.772818655424732 ], [ 32.635579345460329, -25.772846803309715 ], [ 32.635546493352578, -25.772840307269686 ], [ 32.635553290023921, -25.77281216090384 ], [ 32.635586134449738, -25.772818655424732 ] ] ] } },
{ "type": "Feature", "properties": { "id_original": 4, "id_parcela": 674, "linha": 1, "coluna": 26, "area_m2": 10.759230275000039, "code": null, "description": null, "edificio": null }, "geometry": { "type": "Polygon", "coordinates": [ [ [ 32.635579345460329, -25.772846803309715 ], [ 32.635572556467622, -25.772874951194236 ], [ 32.635539696677924, -25.772868453635077 ], [ 32.635546493352578, -25.772840307269686 ], [ 32.635579345460329, -25.772846803309715 ] ] ] } },
{ "type": "Feature", "properties": { "id_original": 4, "id_parcela": 675, "linha": 1, "coluna": 27, "area_m2": 10.749177424622896, "code": null, "description": null, "edificio": null }, "geometry": { "type": "Polygon", "coordinates": [ [ [ 32.635572556467622, -25.772874951194236 ], [ 32.635565783324232, -25.77290303335182 ], [ 32.6355329, -25.7728966 ], [ 32.635539696677924, -25.772868453635077 ], [ 32.635572556467622, -25.772874951194236 ] ] ] } },
{ "type": "Feature", "properties": { "id_original": 4, "id_parcela": 705, "linha": 3, "coluna": 3, "area_m2": 10.763000038931896, "code": null, "description": null, "edificio": null }, "geometry": { "type": "Polygon", "coordinates": [ [ [ 32.635801225972372, -25.772212399893895 ], [ 32.635794437069954, -25.772240547792165 ], [ 32.635761569767219, -25.772234048766762 ], [ 32.635768358676977, -25.772205900870073 ], [ 32.635801225972372, -25.772212399893895 ] ] ] } },
{ "type": "Feature", "properties": { "id_original": 4, "id_parcela": 706, "linha": 3, "coluna": 4, "area_m2": 10.763000035860738, "code": null, "description": null, "edificio": null }, "geometry": { "type": "Polygon", "coordinates": [ [ [ 32.635794437069954, -25.772240547792165 ], [ 32.635787648164253, -25.77226869568997 ], [ 32.635754780854171, -25.772262196662979 ], [ 32.635761569767219, -25.772234048766762 ], [ 32.635794437069954, -25.772240547792165 ] ] ] } },
{ "type": "Feature", "properties": { "id_original": 4, "id_parcela": 707, "linha": 3, "coluna": 5, "area_m2": 10.763000038931896, "code": null, "description": null, "edificio": null }, "geometry": { "type": "Polygon", "coordinates": [ [ [ 32.635787648164253, -25.77226869568997 ], [ 32.635780859255263, -25.772296843587323 ], [ 32.635747991937841, -25.772290344558748 ], [ 32.635754780854171, -25.772262196662979 ], [ 32.635787648164253, -25.77226869568997 ] ] ] } },
{ "type": "Feature", "properties": { "id_original": 4, "id_parcela": 708, "linha": 3, "coluna": 6, "area_m2": 10.76300003774514, "code": null, "description": null, "edificio": null }, "geometry": { "type": "Polygon", "coordinates": [ [ [ 32.635780859255263, -25.772296843587323 ], [ 32.635774070342983, -25.772324991484211 ], [ 32.635741203018213, -25.772318492454048 ], [ 32.635747991937841, -25.772290344558748 ], [ 32.635780859255263, -25.772296843587323 ] ] ] } },
{ "type": "Feature", "properties": { "id_original": 4, "id_parcela": 709, "linha": 3, "coluna": 7, "area_m2": 10.76300003830594, "code": null, "description": null, "edificio": null }, "geometry": { "type": "Polygon", "coordinates": [ [ [ 32.635774070342983, -25.772324991484211 ], [ 32.635767281427412, -25.772353139380652 ], [ 32.63573441409531, -25.772346640348896 ], [ 32.635741203018213, -25.772318492454048 ], [ 32.635774070342983, -25.772324991484211 ] ] ] } },
{ "type": "Feature", "properties": { "id_original": 4, "id_parcela": 710, "linha": 3, "coluna": 8, "area_m2": 10.76300003830594, "code": null, "description": null, "edificio": null }, "geometry": { "type": "Polygon", "coordinates": [ [ [ 32.635767281427412, -25.772353139380652 ], [ 32.635760492508567, -25.77238128727662 ], [ 32.635727625169118, -25.772374788243287 ], [ 32.63573441409531, -25.772346640348896 ], [ 32.635767281427412, -25.772353139380652 ] ] ] } },
{ "type": "Feature", "properties": { "id_original": 4, "id_parcela": 711, "linha": 3, "coluna": 9, "area_m2": 10.763000037083339, "code": null, "description": null, "edificio": null }, "geometry": { "type": "Polygon", "coordinates": [ [ [ 32.635760492508567, -25.77238128727662 ], [ 32.635753703586431, -25.772409435172136 ], [ 32.635720836239635, -25.772402936137201 ], [ 32.635727625169118, -25.772374788243287 ], [ 32.635760492508567, -25.77238128727662 ] ] ] } },
{ "type": "Feature", "properties": { "id_original": 4, "id_parcela": 712, "linha": 3, "coluna": 10, "area_m2": 10.763000037083339, "code": null, "description": null, "edificio": null }, "geometry": { "type": "Polygon", "coordinates": [ [ [ 32.635753703586431, -25.772409435172136 ], [ 32.635746914661006, -25.77243758306718 ], [ 32.63571404730687, -25.772431084030671 ], [ 32.635720836239635, -25.772402936137201 ], [ 32.635753703586431, -25.772409435172136 ] ] ] } },
{ "type": "Feature", "properties": { "id_original": 4, "id_parcela": 713, "linha": 3, "coluna": 11, "area_m2": 10.76300003774514, "code": null, "description": null, "edificio": null }, "geometry": { "type": "Polygon", "coordinates": [ [ [ 32.635746914661006, -25.77243758306718 ], [ 32.635740125732291, -25.772465730961773 ], [ 32.6357072583708, -25.772459231923669 ], [ 32.63571404730687, -25.772431084030671 ], [ 32.635746914661006, -25.77243758306718 ] ] ] } },
{ "type": "Feature", "properties": { "id_original": 4, "id_parcela": 714, "linha": 3, "coluna": 12, "area_m2": 10.763000038931896, "code": null, "description": null, "edificio": null }, "geometry": { "type": "Polygon", "coordinates": [ [ [ 32.635740125732291, -25.772465730961773 ], [ 32.635733336800293, -25.772493878855911 ], [ 32.63570046943147, -25.772487379816216 ], [ 32.6357072583708, -25.772459231923669 ], [ 32.635740125732291, -25.772465730961773 ] ] ] } },
{ "type": "Feature", "properties": { "id_original": 4, "id_parcela": 715, "linha": 3, "coluna": 13, "area_m2": 10.763000037083339, "code": null, "description": null, "edificio": null }, "geometry": { "type": "Polygon", "coordinates": [ [ [ 32.635733336800293, -25.772493878855911 ], [ 32.635726547865019, -25.772522026749577 ], [ 32.635693680488835, -25.772515527708304 ], [ 32.63570046943147, -25.772487379816216 ], [ 32.635733336800293, -25.772493878855911 ] ] ] } },
{ "type": "Feature", "properties": { "id_original": null, "id_parcela": null, "linha": null, "coluna": null, "area_m2": null, "code": null, "description": null, "edificio": null }, "geometry": { "type": "Polygon", "coordinates": [ [ [ 32.636727822273429, -25.771969800027847 ], [ 32.636727102021254, -25.772035557479061 ], [ 32.636927526963568, -25.771970623950981 ], [ 32.636727822273429, -25.771969800027847 ] ] ] } },
{ "type": "Feature", "properties": { "id_original": 4, "id_parcela": 717, "linha": 3, "coluna": 15, "area_m2": 10.763000037083339, "code": null, "description": null, "edificio": null }, "geometry": { "type": "Polygon", "coordinates": [ [ [ 32.635719758926442, -25.772550174642792 ], [ 32.635712969984588, -25.772578322535548 ], [ 32.635680102593732, -25.772571823491088 ], [ 32.635686891542925, -25.77254367559993 ], [ 32.635719758926442, -25.772550174642792 ] ] ] } },
{ "type": "Feature", "properties": { "id_original": 4, "id_parcela": 718, "linha": 3, "coluna": 16, "area_m2": 10.763000039593697, "code": null, "description": null, "edificio": null }, "geometry": { "type": "Polygon", "coordinates": [ [ [ 32.635712969984588, -25.772578322535548 ], [ 32.635706181039438, -25.772606470427842 ], [ 32.635673313641234, -25.772599971381791 ], [ 32.635680102593732, -25.772571823491088 ], [ 32.635712969984588, -25.772578322535548 ] ] ] } },
{ "type": "Feature", "properties": { "id_original": 4, "id_parcela": 719, "linha": 3, "coluna": 17, "area_m2": 10.763000037083339, "code": null, "description": null, "edificio": null }, "geometry": { "type": "Polygon", "coordinates": [ [ [ 32.635706181039438, -25.772606470427842 ], [ 32.635699392091013, -25.772634618319671 ], [ 32.635666524685462, -25.772628119272042 ], [ 32.635673313641234, -25.772599971381791 ], [ 32.635706181039438, -25.772606470427842 ] ] ] } },
{ "type": "Feature", "properties": { "id_original": 4, "id_parcela": 720, "linha": 3, "coluna": 18, "area_m2": 10.763000037083339, "code": null, "description": null, "edificio": null }, "geometry": { "type": "Polygon", "coordinates": [ [ [ 32.635699392091013, -25.772634618319671 ], [ 32.635692603139297, -25.772662766211045 ], [ 32.635659735726406, -25.772656267161818 ], [ 32.635666524685462, -25.772628119272042 ], [ 32.635699392091013, -25.772634618319671 ] ] ] } },
{ "type": "Feature", "properties": { "id_original": 4, "id_parcela": 721, "linha": 3, "coluna": 19, "area_m2": 10.763000037083339, "code": null, "description": null, "edificio": null }, "geometry": { "type": "Polygon", "coordinates": [ [ [ 32.635692603139297, -25.772662766211045 ], [ 32.635685814184299, -25.772690914101954 ], [ 32.635652946764061, -25.772684415051152 ], [ 32.635659735726406, -25.772656267161818 ], [ 32.635692603139297, -25.772662766211045 ] ] ] } },
{ "type": "Feature", "properties": { "id_original": 4, "id_parcela": 722, "linha": 3, "coluna": 20, "area_m2": 10.76300003830594, "code": null, "description": null, "edificio": null }, "geometry": { "type": "Polygon", "coordinates": [ [ [ 32.635685814184299, -25.772690914101954 ], [ 32.635679025226011, -25.772719061992404 ], [ 32.635646157798426, -25.772712562940011 ], [ 32.635652946764061, -25.772684415051152 ], [ 32.635685814184299, -25.772690914101954 ] ] ] } },
{ "type": "Feature", "properties": { "id_original": 4, "id_parcela": 723, "linha": 3, "coluna": 21, "area_m2": 10.763000038967741, "code": null, "description": null, "edificio": null }, "geometry": { "type": "Polygon", "coordinates": [ [ [ 32.635679025226011, -25.772719061992404 ], [ 32.635672236264426, -25.7727472098824 ], [ 32.635639368829501, -25.772740710828426 ], [ 32.635646157798426, -25.772712562940011 ], [ 32.635679025226011, -25.772719061992404 ] ] ] } },
{ "type": "Feature", "properties": { "id_original": 4, "id_parcela": 724, "linha": 3, "coluna": 22, "area_m2": 10.763000037083339, "code": null, "description": null, "edificio": null }, "geometry": { "type": "Polygon", "coordinates": [ [ [ 32.635672236264426, -25.7727472098824 ], [ 32.635665447299566, -25.772775357771934 ], [ 32.635632579857294, -25.772768858716361 ], [ 32.635639368829501, -25.772740710828426 ], [ 32.635672236264426, -25.7727472098824 ] ] ] } },
{ "type": "Feature", "properties": { "id_original": 4, "id_parcela": 725, "linha": 3, "coluna": 23, "area_m2": 10.763000038931896, "code": null, "description": null, "edificio": null }, "geometry": { "type": "Polygon", "coordinates": [ [ [ 32.635665447299566, -25.772775357771934 ], [ 32.635658658331415, -25.772803505661013 ], [ 32.635625790881804, -25.772797006603845 ], [ 32.635632579857294, -25.772768858716361 ], [ 32.635665447299566, -25.772775357771934 ] ] ] } },
{ "type": "Feature", "properties": { "id_original": 4, "id_parcela": 726, "linha": 3, "coluna": 24, "area_m2": 10.763000037083339, "code": null, "description": null, "edificio": null }, "geometry": { "type": "Polygon", "coordinates": [ [ [ 32.635658658331415, -25.772803505661013 ], [ 32.635651869359982, -25.77283165354962 ], [ 32.635619001903024, -25.772825154490878 ], [ 32.635625790881804, -25.772797006603845 ], [ 32.635658658331415, -25.772803505661013 ] ] ] } },
{ "type": "Feature", "properties": { "id_original": 4, "id_parcela": 727, "linha": 3, "coluna": 25, "area_m2": 10.763000037083339, "code": null, "description": null, "edificio": null }, "geometry": { "type": "Polygon", "coordinates": [ [ [ 32.635651869359982, -25.77283165354962 ], [ 32.63564508038526, -25.772859801437772 ], [ 32.635612212920961, -25.772853302377438 ], [ 32.635619001903024, -25.772825154490878 ], [ 32.635651869359982, -25.77283165354962 ] ] ] } },
{ "type": "Feature", "properties": { "id_original": 4, "id_parcela": 728, "linha": 3, "coluna": 26, "area_m2": 10.76300003774514, "code": null, "description": null, "edificio": null }, "geometry": { "type": "Polygon", "coordinates": [ [ [ 32.63564508038526, -25.772859801437772 ], [ 32.635638291407247, -25.772887949325458 ], [ 32.635605423935608, -25.772881450263547 ], [ 32.635612212920961, -25.772853302377438 ], [ 32.63564508038526, -25.772859801437772 ] ] ] } },
{ "type": "Feature", "properties": { "id_original": 4, "id_parcela": 732, "linha": 4, "coluna": 3, "area_m2": 10.763000041210759, "code": null, "description": null, "edificio": null }, "geometry": { "type": "Polygon", "coordinates": [ [ [ 32.635834093271448, -25.772218898910314 ], [ 32.63582730437637, -25.772247046810168 ], [ 32.635794437069954, -25.772240547792165 ], [ 32.635801225972372, -25.772212399893895 ], [ 32.635834093271448, -25.772218898910314 ] ] ] } },
{ "type": "Feature", "properties": { "id_original": 4, "id_parcela": 733, "linha": 4, "coluna": 4, "area_m2": 10.763000039988157, "code": null, "description": null, "edificio": null }, "geometry": { "type": "Polygon", "coordinates": [ [ [ 32.63582730437637, -25.772247046810168 ], [ 32.635820515478017, -25.772275194709575 ], [ 32.635787648164253, -25.77226869568997 ], [ 32.635794437069954, -25.772240547792165 ], [ 32.63582730437637, -25.772247046810168 ] ] ] } },
{ "type": "Feature", "properties": { "id_original": 4, "id_parcela": 734, "linha": 4, "coluna": 5, "area_m2": 10.763000041836714, "code": null, "description": null, "edificio": null }, "geometry": { "type": "Polygon", "coordinates": [ [ [ 32.635820515478017, -25.772275194709575 ], [ 32.635813726576373, -25.772303342608513 ], [ 32.635780859255263, -25.772296843587323 ], [ 32.635787648164253, -25.77226869568997 ], [ 32.635820515478017, -25.772275194709575 ] ] ] } },
{ "type": "Feature", "properties": { "id_original": 4, "id_parcela": 735, "linha": 4, "coluna": 6, "area_m2": 10.763000039427357, "code": null, "description": null, "edificio": null }, "geometry": { "type": "Polygon", "coordinates": [ [ [ 32.635813726576373, -25.772303342608513 ], [ 32.635806937671433, -25.772331490506986 ], [ 32.635774070342983, -25.772324991484211 ], [ 32.635780859255263, -25.772296843587323 ], [ 32.635813726576373, -25.772303342608513 ] ] ] } },
{ "type": "Feature", "properties": { "id_original": 4, "id_parcela": 736, "linha": 4, "coluna": 7, "area_m2": 10.763000041836714, "code": null, "description": null, "edificio": null }, "geometry": { "type": "Polygon", "coordinates": [ [ [ 32.635806937671433, -25.772331490506986 ], [ 32.635800148763209, -25.77235963840501 ], [ 32.635767281427412, -25.772353139380652 ], [ 32.635774070342983, -25.772324991484211 ], [ 32.635806937671433, -25.772331490506986 ] ] ] } },
{ "type": "Feature", "properties": { "id_original": 4, "id_parcela": 737, "linha": 4, "coluna": 8, "area_m2": 10.763000041836714, "code": null, "description": null, "edificio": null }, "geometry": { "type": "Polygon", "coordinates": [ [ [ 32.635800148763209, -25.77235963840501 ], [ 32.635793359851704, -25.772387786302577 ], [ 32.635760492508567, -25.77238128727662 ], [ 32.635767281427412, -25.772353139380652 ], [ 32.635800148763209, -25.77235963840501 ] ] ] } },
{ "type": "Feature", "properties": { "id_original": 4, "id_parcela": 738, "linha": 4, "coluna": 9, "area_m2": 10.763000039988157, "code": null, "description": null, "edificio": null }, "geometry": { "type": "Polygon", "coordinates": [ [ [ 32.635793359851704, -25.772387786302577 ], [ 32.635786570936915, -25.772415934199667 ], [ 32.635753703586431, -25.772409435172136 ], [ 32.635760492508567, -25.77238128727662 ], [ 32.635793359851704, -25.772387786302577 ] ] ] } },
{ "type": "Feature", "properties": { "id_original": 4, "id_parcela": 739, "linha": 4, "coluna": 10, "area_m2": 10.763000039988157, "code": null, "description": null, "edificio": null }, "geometry": { "type": "Polygon", "coordinates": [ [ [ 32.635786570936915, -25.772415934199667 ], [ 32.63577978201883, -25.77244408209631 ], [ 32.635746914661006, -25.77243758306718 ], [ 32.635753703586431, -25.772409435172136 ], [ 32.635786570936915, -25.772415934199667 ] ] ] } },
{ "type": "Feature", "properties": { "id_original": 4, "id_parcela": 740, "linha": 4, "coluna": 11, "area_m2": 10.763000042498515, "code": null, "description": null, "edificio": null }, "geometry": { "type": "Polygon", "coordinates": [ [ [ 32.63577978201883, -25.77244408209631 ], [ 32.635772993097461, -25.772472229992495 ], [ 32.635740125732291, -25.772465730961773 ], [ 32.635746914661006, -25.77243758306718 ], [ 32.63577978201883, -25.77244408209631 ] ] ] } },
{ "type": "Feature", "properties": { "id_original": 4, "id_parcela": 741, "linha": 4, "coluna": 12, "area_m2": 10.763000041836714, "code": null, "description": null, "edificio": null }, "geometry": { "type": "Polygon", "coordinates": [ [ [ 32.635772993097461, -25.772472229992495 ], [ 32.63576620417281, -25.772500377888214 ], [ 32.635733336800293, -25.772493878855911 ], [ 32.635740125732291, -25.772465730961773 ], [ 32.635772993097461, -25.772472229992495 ] ] ] } },
{ "type": "Feature", "properties": { "id_original": 4, "id_parcela": 742, "linha": 4, "coluna": 13, "area_m2": 10.763000038765556, "code": null, "description": null, "edificio": null }, "geometry": { "type": "Polygon", "coordinates": [ [ [ 32.63576620417281, -25.772500377888214 ], [ 32.63575941524487, -25.772528525783468 ], [ 32.635726547865019, -25.772522026749577 ], [ 32.635733336800293, -25.772493878855911 ], [ 32.63576620417281, -25.772500377888214 ] ] ] } },
{ "type": "Feature", "properties": { "id_original": null, "id_parcela": null, "linha": null, "coluna": null, "area_m2": null, "code": null, "description": null, "edificio": null }, "geometry": { "type": "Polygon", "coordinates": [ [ [ 32.636648199146443, -25.772048638516598 ], [ 32.636648659570128, -25.772058586407457 ], [ 32.636488176843287, -25.77209930850529 ], [ 32.636488435294922, -25.772047979092278 ], [ 32.636648199146443, -25.772048638516598 ] ] ] } },
{ "type": "Feature", "properties": { "id_original": 4, "id_parcela": 744, "linha": 4, "coluna": 15, "area_m2": 10.763000039988157, "code": null, "description": null, "edificio": null }, "geometry": { "type": "Polygon", "coordinates": [ [ [ 32.635752626313646, -25.772556673678277 ], [ 32.635745837379133, -25.772584821572604 ], [ 32.635712969984588, -25.772578322535548 ], [ 32.635719758926442, -25.772550174642792 ], [ 32.635752626313646, -25.772556673678277 ] ] ] } },
{ "type": "Feature", "properties": { "id_original": 4, "id_parcela": 745, "linha": 4, "coluna": 16, "area_m2": 10.763000041872559, "code": null, "description": null, "edificio": null }, "geometry": { "type": "Polygon", "coordinates": [ [ [ 32.635745837379133, -25.772584821572604 ], [ 32.63573904844133, -25.772612969466493 ], [ 32.635706181039438, -25.772606470427842 ], [ 32.635712969984588, -25.772578322535548 ], [ 32.635745837379133, -25.772584821572604 ] ] ] } },
{ "type": "Feature", "properties": { "id_original": 4, "id_parcela": 746, "linha": 4, "coluna": 17, "area_m2": 10.763000039988157, "code": null, "description": null, "edificio": null }, "geometry": { "type": "Polygon", "coordinates": [ [ [ 32.63573904844133, -25.772612969466493 ], [ 32.635732259500244, -25.77264111735991 ], [ 32.635699392091013, -25.772634618319671 ], [ 32.635706181039438, -25.772606470427842 ], [ 32.63573904844133, -25.772612969466493 ] ] ] } },
{ "type": "Feature", "properties": { "id_original": 4, "id_parcela": 747, "linha": 4, "coluna": 18, "area_m2": 10.763000041836714, "code": null, "description": null, "edificio": null }, "geometry": { "type": "Polygon", "coordinates": [ [ [ 32.635732259500244, -25.77264111735991 ], [ 32.635725470555876, -25.772669265252873 ], [ 32.635692603139297, -25.772662766211045 ], [ 32.635699392091013, -25.772634618319671 ], [ 32.635732259500244, -25.77264111735991 ] ] ] } },
{ "type": "Feature", "properties": { "id_original": 4, "id_parcela": 748, "linha": 4, "coluna": 19, "area_m2": 10.763000040614113, "code": null, "description": null, "edificio": null }, "geometry": { "type": "Polygon", "coordinates": [ [ [ 32.635725470555876, -25.772669265252873 ], [ 32.635718681608218, -25.772697413145384 ], [ 32.635685814184299, -25.772690914101954 ], [ 32.635692603139297, -25.772662766211045 ], [ 32.635725470555876, -25.772669265252873 ] ] ] } },
{ "type": "Feature", "properties": { "id_original": 4, "id_parcela": 749, "linha": 4, "coluna": 20, "area_m2": 10.763000040614113, "code": null, "description": null, "edificio": null }, "geometry": { "type": "Polygon", "coordinates": [ [ [ 32.635718681608218, -25.772697413145384 ], [ 32.635711892657277, -25.772725561037408 ], [ 32.635679025226011, -25.772719061992404 ], [ 32.635685814184299, -25.772690914101954 ], [ 32.635718681608218, -25.772697413145384 ] ] ] } },
{ "type": "Feature", "properties": { "id_original": 4, "id_parcela": 750, "linha": 4, "coluna": 21, "area_m2": 10.763000042498515, "code": null, "description": null, "edificio": null }, "geometry": { "type": "Polygon", "coordinates": [ [ [ 32.635711892657277, -25.772725561037408 ], [ 32.635705103703039, -25.772753708928995 ], [ 32.635672236264426, -25.7727472098824 ], [ 32.635679025226011, -25.772719061992404 ], [ 32.635711892657277, -25.772725561037408 ] ] ] } },
{ "type": "Feature", "properties": { "id_original": 4, "id_parcela": 751, "linha": 4, "coluna": 22, "area_m2": 10.763000039988157, "code": null, "description": null, "edificio": null }, "geometry": { "type": "Polygon", "coordinates": [ [ [ 32.635705103703039, -25.772753708928995 ], [ 32.635698314745518, -25.77278185682011 ], [ 32.635665447299566, -25.772775357771934 ], [ 32.635672236264426, -25.7727472098824 ], [ 32.635705103703039, -25.772753708928995 ] ] ] } },
{ "type": "Feature", "properties": { "id_original": 4, "id_parcela": 752, "linha": 4, "coluna": 23, "area_m2": 10.763000041210759, "code": null, "description": null, "edificio": null }, "geometry": { "type": "Polygon", "coordinates": [ [ [ 32.635698314745518, -25.77278185682011 ], [ 32.635691525784715, -25.77281000471077 ], [ 32.635658658331415, -25.772803505661013 ], [ 32.635665447299566, -25.772775357771934 ], [ 32.635698314745518, -25.77278185682011 ] ] ] } },
{ "type": "Feature", "properties": { "id_original": 4, "id_parcela": 753, "linha": 4, "coluna": 24, "area_m2": 10.763000039988157, "code": null, "description": null, "edificio": null }, "geometry": { "type": "Polygon", "coordinates": [ [ [ 32.635691525784715, -25.77281000471077 ], [ 32.635684736820622, -25.772838152600979 ], [ 32.635651869359982, -25.77283165354962 ], [ 32.635658658331415, -25.772803505661013 ], [ 32.635691525784715, -25.77281000471077 ] ] ] } },
{ "type": "Feature", "properties": { "id_original": 4, "id_parcela": 754, "linha": 4, "coluna": 25, "area_m2": 10.763000041836714, "code": null, "description": null, "edificio": null }, "geometry": { "type": "Polygon", "coordinates": [ [ [ 32.635684736820622, -25.772838152600979 ], [ 32.635677947853253, -25.772866300490723 ], [ 32.63564508038526, -25.772859801437772 ], [ 32.635651869359982, -25.77283165354962 ], [ 32.635684736820622, -25.772838152600979 ] ] ] } },
{ "type": "Feature", "properties": { "id_original": 4, "id_parcela": 755, "linha": 4, "coluna": 26, "area_m2": 10.763000041275914, "code": null, "description": null, "edificio": null }, "geometry": { "type": "Polygon", "coordinates": [ [ [ 32.635677947853253, -25.772866300490723 ], [ 32.635671158882573, -25.772894448380004 ], [ 32.635638291407247, -25.772887949325458 ], [ 32.63564508038526, -25.772859801437772 ], [ 32.635677947853253, -25.772866300490723 ] ] ] } },
{ "type": "Feature", "properties": { "id_original": 4, "id_parcela": 784, "linha": 6, "coluna": 1, "area_m2": 10.643485624183072, "code": null, "description": "Stand personalizados 3x3 m", "edificio": null }, "geometry": { "type": "Polygon", "coordinates": [ [ [ 32.635873749458646, -25.772197250017449 ], [ 32.635880520152377, -25.772169177523367 ], [ 32.6359134, -25.7721756 ], [ 32.635905980496112, -25.772203623206682 ], [ 32.635873749458646, -25.772197250017449 ] ] ] } },
{ "type": "Feature", "properties": { "id_original": 4, "id_parcela": 785, "linha": 6, "coluna": 2, "area_m2": 10.451388831108053, "code": null, "description": "Stand personalizados 3x3 m", "edificio": null }, "geometry": { "type": "Polygon", "coordinates": [ [ [ 32.635866960574191, -25.772225397919353 ], [ 32.635873749458646, -25.772197250017449 ], [ 32.635905980496112, -25.772203623206682 ], [ 32.635898560988672, -25.772231646412852 ], [ 32.635866960574191, -25.772225397919353 ] ] ] } },
{ "type": "Feature", "properties": { "id_original": 4, "id_parcela": 786, "linha": 6, "coluna": 3, "area_m2": 10.244877457719342, "code": null, "description": "Stand personalizados 3x3 m", "edificio": null }, "geometry": { "type": "Polygon", "coordinates": [ [ [ 32.635860171686467, -25.772253545820799 ], [ 32.635866960574191, -25.772225397919353 ], [ 32.635898560988672, -25.772231646412852 ], [ 32.635891141477643, -25.772259669618492 ], [ 32.635860171686467, -25.772253545820799 ] ] ] } },
{ "type": "Feature", "properties": { "id_original": 4, "id_parcela": 787, "linha": 6, "coluna": 4, "area_m2": 10.038366080182927, "code": null, "description": "Stand personalizados 3x3 m", "edificio": null }, "geometry": { "type": "Polygon", "coordinates": [ [ [ 32.635853382795446, -25.77228169372178 ], [ 32.635860171686467, -25.772253545820799 ], [ 32.635891141477643, -25.772259669618492 ], [ 32.635883721963062, -25.772287692823603 ], [ 32.635853382795446, -25.77228169372178 ] ] ] } },
{ "type": "Feature", "properties": { "id_original": 4, "id_parcela": 788, "linha": 6, "coluna": 5, "area_m2": 9.8318547107697505, "code": null, "description": "Stand personalizados 3x3 m", "edificio": null }, "geometry": { "type": "Polygon", "coordinates": [ [ [ 32.63584659390115, -25.772309841622306 ], [ 32.635853382795446, -25.77228169372178 ], [ 32.635883721963062, -25.772287692823603 ], [ 32.635876302444913, -25.772315716028206 ], [ 32.63584659390115, -25.772309841622306 ] ] ] } },
{ "type": "Feature", "properties": { "id_original": 4, "id_parcela": 789, "linha": 6, "coluna": 6, "area_m2": 9.6579023976944303, "code": null, "description": "Stand personalizados 3x3 m", "edificio": null }, "geometry": { "type": "Polygon", "coordinates": [ [ [ 32.635839805003549, -25.772337989522377 ], [ 32.63584659390115, -25.772309841622306 ], [ 32.635876302444913, -25.772315716028206 ], [ 32.6358726, -25.7723297 ], [ 32.635869279847292, -25.77234381771785 ], [ 32.635839805003549, -25.772337989522377 ] ] ] } },
{ "type": "Feature", "properties": { "id_original": 4, "id_parcela": 790, "linha": 6, "coluna": 7, "area_m2": 9.6785360091879937, "code": null, "description": "Stand personalizados 3x3 m", "edificio": null }, "geometry": { "type": "Polygon", "coordinates": [ [ [ 32.635833016102673, -25.772366137421987 ], [ 32.635839805003549, -25.772337989522377 ], [ 32.635869279847292, -25.77234381771785 ], [ 32.635862652608125, -25.772371997583665 ], [ 32.635833016102673, -25.772366137421987 ] ] ] } },
{ "type": "Feature", "properties": { "id_original": 4, "id_parcela": 791, "linha": 6, "coluna": 8, "area_m2": 9.7314728736622857, "code": null, "description": "Stand personalizados 3x3 m", "edificio": null }, "geometry": { "type": "Polygon", "coordinates": [ [ [ 32.635826227198514, -25.772394285321138 ], [ 32.635833016102673, -25.772366137421987 ], [ 32.635862652608125, -25.772371997583665 ], [ 32.635856025365747, -25.772400177449043 ], [ 32.635826227198514, -25.772394285321138 ] ] ] } },
{ "type": "Feature", "properties": { "id_original": 4, "id_parcela": 792, "linha": 6, "coluna": 9, "area_m2": 9.7844097331205901, "code": null, "description": "Stand personalizados 3x3 m", "edificio": null }, "geometry": { "type": "Polygon", "coordinates": [ [ [ 32.635819438291065, -25.772422433219816 ], [ 32.635826227198514, -25.772394285321138 ], [ 32.635856025365747, -25.772400177449043 ], [ 32.635849398120151, -25.772428357313981 ], [ 32.635819438291065, -25.772422433219816 ] ] ] } },
{ "type": "Feature", "properties": { "id_original": 4, "id_parcela": 793, "linha": 6, "coluna": 10, "area_m2": 9.8373465969991791, "code": null, "description": "Stand personalizados 3x3 m", "edificio": null }, "geometry": { "type": "Polygon", "coordinates": [ [ [ 32.635812649380334, -25.772450581118051 ], [ 32.635819438291065, -25.772422433219816 ], [ 32.635849398120151, -25.772428357313981 ], [ 32.635842770871349, -25.772456537178456 ], [ 32.635812649380334, -25.772450581118051 ] ] ] } },
{ "type": "Feature", "properties": { "id_original": 4, "id_parcela": 794, "linha": 6, "coluna": 11, "area_m2": 9.8902834598886447, "code": null, "description": "Stand personalizados 3x3 m", "edificio": null }, "geometry": { "type": "Polygon", "coordinates": [ [ [ 32.635805860466306, -25.772478729015813 ], [ 32.635812649380334, -25.772450581118051 ], [ 32.635842770871349, -25.772456537178456 ], [ 32.635836143619308, -25.772484717042502 ], [ 32.635805860466306, -25.772478729015813 ] ] ] } },
{ "type": "Feature", "properties": { "id_original": 4, "id_parcela": 795, "linha": 6, "coluna": 12, "area_m2": 9.9432203237479833, "code": null, "description": "Stand personalizados 3x3 m", "edificio": null }, "geometry": { "type": "Polygon", "coordinates": [ [ [ 32.635799071548995, -25.772506876913123 ], [ 32.635805860466306, -25.772478729015813 ], [ 32.635836143619308, -25.772484717042502 ], [ 32.635829516364076, -25.772512896906104 ], [ 32.635799071548995, -25.772506876913123 ] ] ] } },
{ "type": "Feature", "properties": { "id_original": 4, "id_parcela": 796, "linha": 6, "coluna": 13, "area_m2": 9.996157185415246, "code": null, "description": "Stand personalizados 3x3 m", "edificio": null }, "geometry": { "type": "Polygon", "coordinates": [ [ [ 32.635792282628401, -25.772535024809976 ], [ 32.635799071548995, -25.772506876913123 ], [ 32.635829516364076, -25.772512896906104 ], [ 32.635822889105633, -25.772541076769258 ], [ 32.635792282628401, -25.772535024809976 ] ] ] } },
{ "type": "Feature", "properties": { "id_original": 4, "id_parcela": 797, "linha": 6, "coluna": 14, "area_m2": 10.049094049934853, "code": null, "description": "Stand personalizados 3x3 m", "edificio": null }, "geometry": { "type": "Polygon", "coordinates": [ [ [ 32.635785493704518, -25.772563172706366 ], [ 32.635792282628401, -25.772535024809976 ], [ 32.635822889105633, -25.772541076769258 ], [ 32.635816261843971, -25.772569256631964 ], [ 32.635785493704518, -25.772563172706366 ] ] ] } },
{ "type": "Feature", "properties": { "id_original": 4, "id_parcela": 798, "linha": 6, "coluna": 15, "area_m2": 10.102030910454936, "code": null, "description": "Stand personalizados 3x3 m", "edificio": null }, "geometry": { "type": "Polygon", "coordinates": [ [ [ 32.635778704777351, -25.772591320602285 ], [ 32.635785493704518, -25.772563172706366 ], [ 32.635816261843971, -25.772569256631964 ], [ 32.63580963457909, -25.77259743649423 ], [ 32.635778704777351, -25.772591320602285 ] ] ] } },
{ "type": "Feature", "properties": { "id_original": 4, "id_parcela": 799, "linha": 6, "coluna": 16, "area_m2": 10.15496777560651, "code": null, "description": "Stand personalizados 3x3 m", "edificio": null }, "geometry": { "type": "Polygon", "coordinates": [ [ [ 32.635771915846888, -25.772619468497759 ], [ 32.635778704777351, -25.772591320602285 ], [ 32.63580963457909, -25.77259743649423 ], [ 32.635803007310997, -25.772625616356045 ], [ 32.635771915846888, -25.772619468497759 ] ] ] } },
{ "type": "Feature", "properties": { "id_original": 4, "id_parcela": 800, "linha": 6, "coluna": 17, "area_m2": 10.207904636619388, "code": null, "description": "Stand personalizados 3x3 m", "edificio": null }, "geometry": { "type": "Polygon", "coordinates": [ [ [ 32.635765126913149, -25.772647616392771 ], [ 32.635771915846888, -25.772619468497759 ], [ 32.635803007310997, -25.772625616356045 ], [ 32.635796380039679, -25.772653796217419 ], [ 32.635765126913149, -25.772647616392771 ] ] ] } },
{ "type": "Feature", "properties": { "id_original": 4, "id_parcela": 801, "linha": 6, "coluna": 18, "area_m2": 10.260841499385176, "code": null, "description": "Stand personalizados 3x3 m", "edificio": null }, "geometry": { "type": "Polygon", "coordinates": [ [ [ 32.635758337976121, -25.77267576428731 ], [ 32.635765126913149, -25.772647616392771 ], [ 32.635796380039679, -25.772653796217419 ], [ 32.635789752765163, -25.772681976078356 ], [ 32.635758337976121, -25.77267576428731 ] ] ] } },
{ "type": "Feature", "properties": { "id_original": 4, "id_parcela": 802, "linha": 6, "coluna": 19, "area_m2": 10.31377836341281, "code": null, "description": "Stand personalizados 3x3 m", "edificio": null }, "geometry": { "type": "Polygon", "coordinates": [ [ [ 32.635751549035817, -25.772703912181402 ], [ 32.635758337976121, -25.77267576428731 ], [ 32.635789752765163, -25.772681976078356 ], [ 32.635783125487428, -25.772710155938835 ], [ 32.635751549035817, -25.772703912181402 ] ] ] } },
{ "type": "Feature", "properties": { "id_original": 4, "id_parcela": 803, "linha": 6, "coluna": 20, "area_m2": 10.366715226207422, "code": null, "description": "Stand personalizados 3x3 m", "edificio": null }, "geometry": { "type": "Polygon", "coordinates": [ [ [ 32.635744760092209, -25.772732060075029 ], [ 32.635751549035817, -25.772703912181402 ], [ 32.635783125487428, -25.772710155938835 ], [ 32.635776498206475, -25.772738335798888 ], [ 32.635744760092209, -25.772732060075029 ] ] ] } },
{ "type": "Feature", "properties": { "id_original": 4, "id_parcela": 804, "linha": 6, "coluna": 21, "area_m2": 10.419652088454951, "code": null, "description": "Stand personalizados 3x3 m", "edificio": null }, "geometry": { "type": "Polygon", "coordinates": [ [ [ 32.635737971145318, -25.772760207968201 ], [ 32.635744760092209, -25.772732060075029 ], [ 32.635776498206475, -25.772738335798888 ], [ 32.635769870922303, -25.772766515658478 ], [ 32.635737971145318, -25.772760207968201 ] ] ] } },
{ "type": "Feature", "properties": { "id_original": 4, "id_parcela": 805, "linha": 6, "coluna": 22, "area_m2": 10.472588949405999, "code": null, "description": "Stand personalizados 3x3 m", "edificio": null }, "geometry": { "type": "Polygon", "coordinates": [ [ [ 32.635731182195144, -25.772788355860904 ], [ 32.635737971145318, -25.772760207968201 ], [ 32.635769870922303, -25.772766515658478 ], [ 32.635763243634926, -25.772794695517629 ], [ 32.635731182195144, -25.772788355860904 ] ] ] } },
{ "type": "Feature", "properties": { "id_original": 4, "id_parcela": 806, "linha": 6, "coluna": 23, "area_m2": 10.525525812856404, "code": null, "description": "Stand personalizados 3x3 m", "edificio": null }, "geometry": { "type": "Polygon", "coordinates": [ [ [ 32.635724393241681, -25.772816503753159 ], [ 32.635731182195144, -25.772788355860904 ], [ 32.635763243634926, -25.772794695517629 ], [ 32.635756616344331, -25.772822875376342 ], [ 32.635724393241681, -25.772816503753159 ] ] ] } },
{ "type": "Feature", "properties": { "id_original": 4, "id_parcela": 807, "linha": 6, "coluna": 24, "area_m2": 10.57846267680271, "code": null, "description": "Stand personalizados 3x3 m", "edificio": null }, "geometry": { "type": "Polygon", "coordinates": [ [ [ 32.635717604284935, -25.772844651644949 ], [ 32.635724393241681, -25.772816503753159 ], [ 32.635756616344331, -25.772822875376342 ], [ 32.635749989050531, -25.772851055234611 ], [ 32.635717604284935, -25.772844651644949 ] ] ] } },
{ "type": "Feature", "properties": { "id_original": 4, "id_parcela": 808, "linha": 6, "coluna": 25, "area_m2": 10.631399537823821, "code": null, "description": "Stand personalizados 3x3 m", "edificio": null }, "geometry": { "type": "Polygon", "coordinates": [ [ [ 32.635710815324899, -25.77287279953627 ], [ 32.635717604284935, -25.772844651644949 ], [ 32.635749989050531, -25.772851055234611 ], [ 32.635743361753505, -25.772879235092425 ], [ 32.635710815324899, -25.77287279953627 ] ] ] } },
{ "type": "Feature", "properties": { "id_original": 4, "id_parcela": 809, "linha": 6, "coluna": 26, "area_m2": 10.684336404261693, "code": null, "description": "Stand personalizados 3x3 m", "edificio": null }, "geometry": { "type": "Polygon", "coordinates": [ [ [ 32.63570402636158, -25.772900947427143 ], [ 32.635710815324899, -25.77287279953627 ], [ 32.635743361753505, -25.772879235092425 ], [ 32.635736734453268, -25.772907414949799 ], [ 32.63570402636158, -25.772900947427143 ] ] ] } },
{ "type": "Feature", "properties": { "id_original": 4, "id_parcela": 810, "linha": 6, "coluna": 27, "area_m2": 10.599041813581003, "code": null, "description": "Stand personalizados 3x3 m", "edificio": null }, "geometry": { "type": "Polygon", "coordinates": [ [ [ 32.63570402636158, -25.772900947427143 ], [ 32.635736734453268, -25.772907414949799 ], [ 32.6357302, -25.7729352 ], [ 32.635697316657563, -25.772928766685162 ], [ 32.63570402636158, -25.772900947427143 ] ] ] } },
{ "type": "Feature", "properties": { "id_original": null, "id_parcela": null, "linha": null, "coluna": null, "area_m2": null, "code": null, "description": null, "edificio": null }, "geometry": { "type": "Polygon", "coordinates": [ [ [ 32.635969202805633, -25.77204583475207 ], [ 32.635970264490581, -25.772086892884463 ], [ 32.635809438971435, -25.772045174582438 ], [ 32.635969202805633, -25.77204583475207 ] ] ] } },
{ "type": "Feature", "properties": { "id_original": null, "id_parcela": null, "linha": null, "coluna": null, "area_m2": null, "code": null, "description": null, "edificio": null }, "geometry": { "type": "Polygon", "coordinates": [ [ [ 32.635690796485065, -25.771996696281725 ], [ 32.635690558344855, -25.772001613945196 ], [ 32.635690558345182, -25.772001853830385 ], [ 32.6356906782894, -25.772003053256217 ], [ 32.635691218034026, -25.77200527219361 ], [ 32.635691877720468, -25.772006951389205 ], [ 32.635692597378117, -25.772008570613448 ], [ 32.635694216607241, -25.772011809061716 ], [ 32.635697694947652, -25.772016126991279 ], [ 32.6357006335449, -25.772019305466785 ], [ 32.635704591653692, -25.772022304027303 ], [ 32.635711008585616, -25.772025722384257 ], [ 32.635809438971435, -25.772045174582438 ], [ 32.635809682437745, -25.771996875801541 ], [ 32.635690796485065, -25.771996696281725 ] ] ] } },
{ "type": "Feature", "properties": { "id_original": 0, "id_parcela": 1, "linha": 1, "coluna": 1, "area_m2": 33.931312443077374, "code": null, "description": null, "edificio": null }, "geometry": { "type": "Polygon", "coordinates": [ [ [ 32.636927784550828, -25.771786877908433 ], [ 32.636928042322261, -25.771735645611709 ], [ 32.63696506847328, -25.771735701216709 ], [ 32.636966267828612, -25.771787036647229 ], [ 32.636927784550828, -25.771786877908433 ] ] ] } },
{ "type": "Feature", "properties": { "id_original": 0, "id_parcela": 2, "linha": 1, "coluna": 2, "area_m2": 35.824992781050085, "code": null, "description": null, "edificio": null }, "geometry": { "type": "Polygon", "coordinates": [ [ [ 32.636927784550828, -25.771786877908433 ], [ 32.636887843673797, -25.771786713146451 ], [ 32.636888100935209, -25.771735585618096 ], [ 32.636928042322261, -25.771735645611709 ], [ 32.636927784550828, -25.771786877908433 ] ] ] } },
{ "type": "Feature", "properties": { "id_original": 0, "id_parcela": 3, "linha": 1, "coluna": 3, "area_m2": 35.751657033786287, "code": null, "description": null, "edificio": null }, "geometry": { "type": "Polygon", "coordinates": [ [ [ 32.636887843673797, -25.771786713146451 ], [ 32.636847902797008, -25.771786548373512 ], [ 32.636848159548343, -25.771735525613536 ], [ 32.636888100935209, -25.771735585618096 ], [ 32.636887843673797, -25.771786713146451 ] ] ] } },
{ "type": "Feature", "properties": { "id_original": 0, "id_parcela": 4, "linha": 1, "coluna": 4, "area_m2": 35.678321287386325, "code": null, "description": null, "edificio": null }, "geometry": { "type": "Polygon", "coordinates": [ [ [ 32.636847902797008, -25.771786548373512 ], [ 32.636807961920489, -25.771786383589614 ], [ 32.636808218161654, -25.771735465598013 ], [ 32.636848159548343, -25.771735525613536 ], [ 32.636847902797008, -25.771786548373512 ] ] ] } },
{ "type": "Feature", "properties": { "id_original": 0, "id_parcela": 5, "linha": 1, "coluna": 5, "area_m2": 35.604985540767586, "code": null, "description": null, "edificio": null }, "geometry": { "type": "Polygon", "coordinates": [ [ [ 32.636807961920489, -25.771786383589614 ], [ 32.636768021044219, -25.771786218794745 ], [ 32.636768276775157, -25.771735405571526 ], [ 32.636808218161654, -25.771735465598013 ], [ 32.636807961920489, -25.771786383589614 ] ] ] } },
{ "type": "Feature", "properties": { "id_original": 0, "id_parcela": 6, "linha": 1, "coluna": 6, "area_m2": 35.531649791594546, "code": null, "description": null, "edificio": null }, "geometry": { "type": "Polygon", "coordinates": [ [ [ 32.636768021044219, -25.771786218794745 ], [ 32.636728080168204, -25.771786053988929 ], [ 32.636728335388845, -25.771735345534061 ], [ 32.636768276775157, -25.771735405571526 ], [ 32.636768021044219, -25.771786218794745 ] ] ] } },
{ "type": "Feature", "properties": { "id_original": 0, "id_parcela": 9, "linha": 1, "coluna": 9, "area_m2": 35.311642552352581, "code": null, "description": null, "edificio": null }, "geometry": { "type": "Polygon", "coordinates": [ [ [ 32.636648198416935, -25.771785724344419 ], [ 32.636608257541674, -25.771785559505727 ], [ 32.636608511230996, -25.771735165355949 ], [ 32.636648452616754, -25.771735225426283 ], [ 32.636648198416935, -25.771785724344419 ] ] ] } },
{ "type": "Feature", "properties": { "id_original": 0, "id_parcela": 10, "linha": 1, "coluna": 10, "area_m2": 35.238306805121553, "code": null, "description": null, "edificio": null }, "geometry": { "type": "Polygon", "coordinates": [ [ [ 32.636608257541674, -25.771785559505727 ], [ 32.636568316666676, -25.77178539465606 ], [ 32.636568569845416, -25.771735105274665 ], [ 32.636608511230996, -25.771735165355949 ], [ 32.636608257541674, -25.771785559505727 ] ] ] } },
{ "type": "Feature", "properties": { "id_original": 0, "id_parcela": 11, "linha": 1, "coluna": 11, "area_m2": 35.164971058311622, "code": null, "description": null, "edificio": null }, "geometry": { "type": "Polygon", "coordinates": [ [ [ 32.636568316666676, -25.77178539465606 ], [ 32.636528375791933, -25.771785229795434 ], [ 32.63652862846002, -25.7717350451824 ], [ 32.636568569845416, -25.771735105274665 ], [ 32.636568316666676, -25.77178539465606 ] ] ] } },
{ "type": "Feature", "properties": { "id_original": 0, "id_parcela": 12, "linha": 1, "coluna": 12, "area_m2": 35.091635312291032, "code": null, "description": null, "edificio": null }, "geometry": { "type": "Polygon", "coordinates": [ [ [ 32.636528375791933, -25.771785229795434 ], [ 32.636488434917446, -25.771785064923854 ], [ 32.636488687074809, -25.771734985079192 ], [ 32.63652862846002, -25.7717350451824 ], [ 32.636528375791933, -25.771785229795434 ] ] ] } },
{ "type": "Feature", "properties": { "id_original": 0, "id_parcela": 13, "linha": 1, "coluna": 13, "area_m2": 35.018299565469384, "code": null, "description": null, "edificio": null }, "geometry": { "type": "Polygon", "coordinates": [ [ [ 32.636488434917446, -25.771785064923854 ], [ 32.636448494043208, -25.771784900041318 ], [ 32.636448745689776, -25.771734924965013 ], [ 32.636488687074809, -25.771734985079192 ], [ 32.636488434917446, -25.771785064923854 ] ] ] } },
{ "type": "Feature", "properties": { "id_original": 0, "id_parcela": 14, "linha": 1, "coluna": 14, "area_m2": 34.944963816513571, "code": null, "description": null, "edificio": null }, "geometry": { "type": "Polygon", "coordinates": [ [ [ 32.636448494043208, -25.771784900041318 ], [ 32.636408553169225, -25.771784735147815 ], [ 32.636408804304935, -25.771734864839875 ], [ 32.636448745689776, -25.771734924965013 ], [ 32.636448494043208, -25.771784900041318 ] ] ] } },
{ "type": "Feature", "properties": { "id_original": 0, "id_parcela": 15, "linha": 1, "coluna": 15, "area_m2": 34.871628069693173, "code": null, "description": null, "edificio": null }, "geometry": { "type": "Polygon", "coordinates": [ [ [ 32.636408553169225, -25.771784735147815 ], [ 32.636368612295499, -25.771784570243348 ], [ 32.636368862920278, -25.771734804703755 ], [ 32.636408804304935, -25.771734864839875 ], [ 32.636408553169225, -25.771784735147815 ] ] ] } },
{ "type": "Feature", "properties": { "id_original": 0, "id_parcela": 18, "linha": 1, "coluna": 18, "area_m2": 34.651620830050391, "code": null, "description": null, "edificio": null }, "geometry": { "type": "Polygon", "coordinates": [ [ [ 32.636288730548806, -25.771784240401558 ], [ 32.63624878967584, -25.771784075464211 ], [ 32.63624903876741, -25.77173462422968 ], [ 32.636288980151512, -25.771734684398677 ], [ 32.636288730548806, -25.771784240401558 ] ] ] } },
{ "type": "Feature", "properties": { "id_original": 0, "id_parcela": 19, "linha": 1, "coluna": 19, "area_m2": 34.578285083608648, "code": null, "description": null, "edificio": null }, "geometry": { "type": "Polygon", "coordinates": [ [ [ 32.63624878967584, -25.771784075464211 ], [ 32.636208848803136, -25.771783910515907 ], [ 32.636209097383485, -25.771734564049748 ], [ 32.63624903876741, -25.77173462422968 ], [ 32.63624878967584, -25.771784075464211 ] ] ] } },
{ "type": "Feature", "properties": { "id_original": 0, "id_parcela": 20, "linha": 1, "coluna": 20, "area_m2": 34.504949334452817, "code": null, "description": null, "edificio": null }, "geometry": { "type": "Polygon", "coordinates": [ [ [ 32.636208848803136, -25.771783910515907 ], [ 32.636168907930681, -25.77178374555664 ], [ 32.636169155999745, -25.771734503858841 ], [ 32.636209097383485, -25.771734564049748 ], [ 32.636208848803136, -25.771783910515907 ] ] ] } },
{ "type": "Feature", "properties": { "id_original": 0, "id_parcela": 21, "linha": 1, "coluna": 21, "area_m2": 34.431613587845568, "code": null, "description": null, "edificio": null }, "geometry": { "type": "Polygon", "coordinates": [ [ [ 32.636168907930681, -25.77178374555664 ], [ 32.636128967058482, -25.771783580586405 ], [ 32.636129214616197, -25.771734443656971 ], [ 32.636169155999745, -25.771734503858841 ], [ 32.636168907930681, -25.77178374555664 ] ] ] } },
{ "type": "Feature", "properties": { "id_original": 0, "id_parcela": 22, "linha": 1, "coluna": 22, "area_m2": 34.35827784101668, "code": null, "description": null, "edificio": null }, "geometry": { "type": "Polygon", "coordinates": [ [ [ 32.636128967058482, -25.771783580586405 ], [ 32.636089026186539, -25.771783415605235 ], [ 32.636089273232834, -25.771734383444141 ], [ 32.636129214616197, -25.771734443656971 ], [ 32.636128967058482, -25.771783580586405 ] ] ] } },
{ "type": "Feature", "properties": { "id_original": 0, "id_parcela": 23, "linha": 1, "coluna": 23, "area_m2": 34.284942094596751, "code": null, "description": null, "edificio": null }, "geometry": { "type": "Polygon", "coordinates": [ [ [ 32.636089026186539, -25.771783415605235 ], [ 32.636049085314845, -25.77178325061309 ], [ 32.636049331849648, -25.77173432322034 ], [ 32.636089273232834, -25.771734383444141 ], [ 32.636089026186539, -25.771783415605235 ] ] ] } },
{ "type": "Feature", "properties": { "id_original": 0, "id_parcela": 26, "linha": 1, "coluna": 26, "area_m2": 34.064934854937796, "code": null, "description": null, "edificio": null }, "geometry": { "type": "Polygon", "coordinates": [ [ [ 32.63596920357223, -25.771782920595914 ], [ 32.635929262701303, -25.771782755570886 ], [ 32.635929507701206, -25.771734142483197 ], [ 32.635969449083831, -25.771734202739871 ], [ 32.63596920357223, -25.771782920595914 ] ] ] } },
{ "type": "Feature", "properties": { "id_original": 0, "id_parcela": 27, "linha": 1, "coluna": 27, "area_m2": 33.991599108133393, "code": null, "description": null, "edificio": null }, "geometry": { "type": "Polygon", "coordinates": [ [ [ 32.635929262701303, -25.771782755570886 ], [ 32.635889321830632, -25.771782590534905 ], [ 32.63588956631876, -25.771734082215549 ], [ 32.635929507701206, -25.771734142483197 ], [ 32.635929262701303, -25.771782755570886 ] ] ] } },
{ "type": "Feature", "properties": { "id_original": 0, "id_parcela": 28, "linha": 1, "coluna": 28, "area_m2": 33.918263358762388, "code": null, "description": null, "edificio": null }, "geometry": { "type": "Polygon", "coordinates": [ [ [ 32.635889321830632, -25.771782590534905 ], [ 32.635849380960217, -25.771782425487963 ], [ 32.635849624936498, -25.771734021936965 ], [ 32.63588956631876, -25.771734082215549 ], [ 32.635889321830632, -25.771782590534905 ] ] ] } },
{ "type": "Feature", "properties": { "id_original": 0, "id_parcela": 29, "linha": 1, "coluna": 29, "area_m2": 33.844927612743177, "code": null, "description": null, "edificio": null }, "geometry": { "type": "Polygon", "coordinates": [ [ [ 32.635849380960217, -25.771782425487963 ], [ 32.63580944009005, -25.771782260430054 ], [ 32.63580968355442, -25.771733961647403 ], [ 32.635849624936498, -25.771734021936965 ], [ 32.635849380960217, -25.771782425487963 ] ] ] } },
{ "type": "Feature", "properties": { "id_original": 0, "id_parcela": 30, "linha": 1, "coluna": 30, "area_m2": 33.771591865928727, "code": null, "description": null, "edificio": null }, "geometry": { "type": "Polygon", "coordinates": [ [ [ 32.63580944009005, -25.771782260430054 ], [ 32.635769499220139, -25.771782095361178 ], [ 32.635769742172535, -25.771733901346888 ], [ 32.63580968355442, -25.771733961647403 ], [ 32.63580944009005, -25.771782260430054 ] ] ] } },
{ "type": "Feature", "properties": { "id_original": 0, "id_parcela": 31, "linha": 1, "coluna": 31, "area_m2": 33.698256119115115, "code": null, "description": null, "edificio": null }, "geometry": { "type": "Polygon", "coordinates": [ [ [ 32.635769499220139, -25.771782095361178 ], [ 32.635729558350491, -25.771781930281357 ], [ 32.635729800790827, -25.771733841035385 ], [ 32.635769742172535, -25.771733901346888 ], [ 32.635769499220139, -25.771782095361178 ] ] ] } },
{ "type": "Feature", "properties": { "id_original": 0, "id_parcela": 32, "linha": 1, "coluna": 32, "area_m2": 33.026383015265452, "code": null, "description": null, "edificio": null }, "geometry": { "type": "Polygon", "coordinates": [ [ [ 32.635729558350491, -25.771781930281357 ], [ 32.635690102493818, -25.771781767195378 ], [ 32.635690797863703, -25.771733782130401 ], [ 32.635729800790827, -25.771733841035385 ], [ 32.635729558350491, -25.771781930281357 ] ] ] } },
{ "type": "Feature", "properties": { "id_original": 0, "id_parcela": 33, "linha": 2, "coluna": 1, "area_m2": 35.274036867140119, "code": null, "description": null, "edificio": null }, "geometry": { "type": "Polygon", "coordinates": [ [ [ 32.636927784550828, -25.771786877908433 ], [ 32.636966267828612, -25.771787036647229 ], [ 32.636967467184682, -25.771838372077376 ], [ 32.636927526290215, -25.771838207326105 ], [ 32.636927784550828, -25.771786877908433 ] ] ] } },
{ "type": "Feature", "properties": { "id_original": 0, "id_parcela": 34, "linha": 2, "coluna": 2, "area_m2": 35.929643782337635, "code": null, "description": null, "edificio": null }, "geometry": { "type": "Polygon", "coordinates": [ [ [ 32.636887843673797, -25.771786713146451 ], [ 32.636927784550828, -25.771786877908433 ], [ 32.636927526290215, -25.771838207326105 ], [ 32.636887585396003, -25.771838042563875 ], [ 32.636887843673797, -25.771786713146451 ] ] ] } },
{ "type": "Feature", "properties": { "id_original": 0, "id_parcela": 35, "linha": 2, "coluna": 3, "area_m2": 35.929643781909995, "code": null, "description": null, "edificio": null }, "geometry": { "type": "Polygon", "coordinates": [ [ [ 32.636847902797008, -25.771786548373512 ], [ 32.636887843673797, -25.771786713146451 ], [ 32.636887585396003, -25.771838042563875 ], [ 32.636847644502048, -25.771837877790691 ], [ 32.636847902797008, -25.771786548373512 ] ] ] } },
{ "type": "Feature", "properties": { "id_original": 0, "id_parcela": 36, "linha": 2, "coluna": 4, "area_m2": 35.929643781909995, "code": null, "description": null, "edificio": null }, "geometry": { "type": "Polygon", "coordinates": [ [ [ 32.636807961920489, -25.771786383589614 ], [ 32.636847902797008, -25.771786548373512 ], [ 32.636847644502048, -25.771837877790691 ], [ 32.636807703608341, -25.771837713006533 ], [ 32.636807961920489, -25.771786383589614 ] ] ] } },
{ "type": "Feature", "properties": { "id_original": 0, "id_parcela": 37, "linha": 2, "coluna": 5, "area_m2": 35.929643781921968, "code": null, "description": null, "edificio": null }, "geometry": { "type": "Polygon", "coordinates": [ [ [ 32.636768021044219, -25.771786218794745 ], [ 32.636807961920489, -25.771786383589614 ], [ 32.636807703608341, -25.771837713006533 ], [ 32.636767762714889, -25.771837548211408 ], [ 32.636768021044219, -25.771786218794745 ] ] ] } },
{ "type": "Feature", "properties": { "id_original": 0, "id_parcela": 38, "linha": 2, "coluna": 6, "area_m2": 35.929643781909995, "code": null, "description": null, "edificio": null }, "geometry": { "type": "Polygon", "coordinates": [ [ [ 32.636728080168204, -25.771786053988929 ], [ 32.636768021044219, -25.771786218794745 ], [ 32.636767762714889, -25.771837548211408 ], [ 32.636727821821694, -25.771837383405337 ], [ 32.636728080168204, -25.771786053988929 ] ] ] } },
{ "type": "Feature", "properties": { "id_original": 0, "id_parcela": 41, "linha": 2, "coluna": 9, "area_m2": 35.929643782325662, "code": null, "description": null, "edificio": null }, "geometry": { "type": "Polygon", "coordinates": [ [ [ 32.636608257541674, -25.771785559505727 ], [ 32.636648198416935, -25.771785724344419 ], [ 32.636647940036063, -25.771837053760311 ], [ 32.636607999143628, -25.771836888921356 ], [ 32.636608257541674, -25.771785559505727 ] ] ] } },
{ "type": "Feature", "properties": { "id_original": 0, "id_parcela": 42, "linha": 2, "coluna": 10, "area_m2": 35.929643781909995, "code": null, "description": null, "edificio": null }, "geometry": { "type": "Polygon", "coordinates": [ [ [ 32.636568316666676, -25.77178539465606 ], [ 32.636608257541674, -25.771785559505727 ], [ 32.636607999143628, -25.771836888921356 ], [ 32.636568058251449, -25.771836724071445 ], [ 32.636568316666676, -25.77178539465606 ] ] ] } },
{ "type": "Feature", "properties": { "id_original": 0, "id_parcela": 43, "linha": 2, "coluna": 11, "area_m2": 35.9296437815063, "code": null, "description": null, "edificio": null }, "geometry": { "type": "Polygon", "coordinates": [ [ [ 32.636528375791933, -25.771785229795434 ], [ 32.636568316666676, -25.77178539465606 ], [ 32.636568058251449, -25.771836724071445 ], [ 32.636528117359518, -25.771836559210573 ], [ 32.636528375791933, -25.771785229795434 ] ] ] } },
{ "type": "Feature", "properties": { "id_original": 0, "id_parcela": 44, "linha": 2, "coluna": 12, "area_m2": 35.929643782325662, "code": null, "description": null, "edificio": null }, "geometry": { "type": "Polygon", "coordinates": [ [ [ 32.636488434917446, -25.771785064923854 ], [ 32.636528375791933, -25.771785229795434 ], [ 32.636528117359518, -25.771836559210573 ], [ 32.63648817646785, -25.771836394338742 ], [ 32.636488434917446, -25.771785064923854 ] ] ] } },
{ "type": "Feature", "properties": { "id_original": 0, "id_parcela": 45, "linha": 2, "coluna": 13, "area_m2": 35.929643781909995, "code": null, "description": null, "edificio": null }, "geometry": { "type": "Polygon", "coordinates": [ [ [ 32.636448494043208, -25.771784900041318 ], [ 32.636488434917446, -25.771785064923854 ], [ 32.63648817646785, -25.771836394338742 ], [ 32.636448235576431, -25.771836229455943 ], [ 32.636448494043208, -25.771784900041318 ] ] ] } },
{ "type": "Feature", "properties": { "id_original": 0, "id_parcela": 46, "linha": 2, "coluna": 14, "area_m2": 35.929643781921968, "code": null, "description": null, "edificio": null }, "geometry": { "type": "Polygon", "coordinates": [ [ [ 32.636408553169225, -25.771784735147815 ], [ 32.636448494043208, -25.771784900041318 ], [ 32.636448235576431, -25.771836229455943 ], [ 32.636408294685275, -25.771836064562173 ], [ 32.636408553169225, -25.771784735147815 ] ] ] } },
{ "type": "Feature", "properties": { "id_original": 0, "id_parcela": 47, "linha": 2, "coluna": 15, "area_m2": 35.929643781909995, "code": null, "description": null, "edificio": null }, "geometry": { "type": "Polygon", "coordinates": [ [ [ 32.636368612295499, -25.771784570243348 ], [ 32.636408553169225, -25.771784735147815 ], [ 32.636408294685275, -25.771836064562173 ], [ 32.636368353794367, -25.771835899657461 ], [ 32.636368612295499, -25.771784570243348 ] ] ] } },
{ "type": "Feature", "properties": { "id_original": 0, "id_parcela": 50, "linha": 2, "coluna": 18, "area_m2": 35.929643777236159, "code": null, "description": null, "edificio": null }, "geometry": { "type": "Polygon", "coordinates": [ [ [ 32.63624878967584, -25.771784075464211 ], [ 32.636288730548806, -25.771784240401558 ], [ 32.636288472013312, -25.771835569815146 ], [ 32.636248531123172, -25.771835404877546 ], [ 32.63624878967584, -25.771784075464211 ] ] ] } },
{ "type": "Feature", "properties": { "id_original": 0, "id_parcela": 51, "linha": 2, "coluna": 19, "area_m2": 35.929643777639853, "code": null, "description": null, "edificio": null }, "geometry": { "type": "Polygon", "coordinates": [ [ [ 32.636208848803136, -25.771783910515907 ], [ 32.63624878967584, -25.771784075464211 ], [ 32.636248531123172, -25.771835404877546 ], [ 32.636208590233281, -25.771835239928986 ], [ 32.636208848803136, -25.771783910515907 ] ] ] } },
{ "type": "Feature", "properties": { "id_original": 0, "id_parcela": 52, "linha": 2, "coluna": 20, "area_m2": 35.929643777224186, "code": null, "description": null, "edificio": null }, "geometry": { "type": "Polygon", "coordinates": [ [ [ 32.636168907930681, -25.77178374555664 ], [ 32.636208848803136, -25.771783910515907 ], [ 32.636208590233281, -25.771835239928986 ], [ 32.636168649343645, -25.77183507496947 ], [ 32.636168907930681, -25.77178374555664 ] ] ] } },
{ "type": "Feature", "properties": { "id_original": 0, "id_parcela": 53, "linha": 2, "coluna": 21, "area_m2": 35.929643777236159, "code": null, "description": null, "edificio": null }, "geometry": { "type": "Polygon", "coordinates": [ [ [ 32.636128967058482, -25.771783580586405 ], [ 32.636168907930681, -25.77178374555664 ], [ 32.636168649343645, -25.77183507496947 ], [ 32.636128708454265, -25.771834909998979 ], [ 32.636128967058482, -25.771783580586405 ] ] ] } },
{ "type": "Feature", "properties": { "id_original": 0, "id_parcela": 54, "linha": 2, "coluna": 22, "area_m2": 35.929643777224186, "code": null, "description": null, "edificio": null }, "geometry": { "type": "Polygon", "coordinates": [ [ [ 32.636089026186539, -25.771783415605235 ], [ 32.636128967058482, -25.771783580586405 ], [ 32.636128708454265, -25.771834909998979 ], [ 32.636088767565141, -25.771834745017554 ], [ 32.636089026186539, -25.771783415605235 ] ] ] } },
{ "type": "Feature", "properties": { "id_original": 0, "id_parcela": 55, "linha": 2, "coluna": 23, "area_m2": 35.929643777224186, "code": null, "description": null, "edificio": null }, "geometry": { "type": "Polygon", "coordinates": [ [ [ 32.636049085314845, -25.77178325061309 ], [ 32.636089026186539, -25.771783415605235 ], [ 32.636088767565141, -25.771834745017554 ], [ 32.636048826676273, -25.77183458002515 ], [ 32.636049085314845, -25.77178325061309 ] ] ] } },
{ "type": "Feature", "properties": { "id_original": 0, "id_parcela": 58, "linha": 2, "coluna": 26, "area_m2": 35.929643777639853, "code": null, "description": null, "edificio": null }, "geometry": { "type": "Polygon", "coordinates": [ [ [ 32.635929262701303, -25.771782755570886 ], [ 32.63596920357223, -25.771782920595914 ], [ 32.635968944899297, -25.771834250007469 ], [ 32.635929004011182, -25.771834084982196 ], [ 32.635929262701303, -25.771782755570886 ] ] ] } },
{ "type": "Feature", "properties": { "id_original": 0, "id_parcela": 59, "linha": 2, "coluna": 27, "area_m2": 35.929643777236159, "code": null, "description": null, "edificio": null }, "geometry": { "type": "Polygon", "coordinates": [ [ [ 32.635889321830632, -25.771782590534905 ], [ 32.635929262701303, -25.771782755570886 ], [ 32.635929004011182, -25.771834084982196 ], [ 32.635889063123336, -25.771833919945944 ], [ 32.635889321830632, -25.771782590534905 ] ] ] } },
{ "type": "Feature", "properties": { "id_original": 0, "id_parcela": 60, "linha": 2, "coluna": 28, "area_m2": 35.929643776808518, "code": null, "description": null, "edificio": null }, "geometry": { "type": "Polygon", "coordinates": [ [ [ 32.635849380960217, -25.771782425487963 ], [ 32.635889321830632, -25.771782590534905 ], [ 32.635889063123336, -25.771833919945944 ], [ 32.63584912223574, -25.771833754898744 ], [ 32.635849380960217, -25.771782425487963 ] ] ] } },
{ "type": "Feature", "properties": { "id_original": 0, "id_parcela": 61, "linha": 2, "coluna": 29, "area_m2": 35.929643777639853, "code": null, "description": null, "edificio": null }, "geometry": { "type": "Polygon", "coordinates": [ [ [ 32.63580944009005, -25.771782260430054 ], [ 32.635849380960217, -25.771782425487963 ], [ 32.63584912223574, -25.771833754898744 ], [ 32.635809181348392, -25.771833589840583 ], [ 32.63580944009005, -25.771782260430054 ] ] ] } },
{ "type": "Feature", "properties": { "id_original": 0, "id_parcela": 62, "linha": 2, "coluna": 30, "area_m2": 35.929643777236159, "code": null, "description": null, "edificio": null }, "geometry": { "type": "Polygon", "coordinates": [ [ [ 32.635769499220139, -25.771782095361178 ], [ 32.63580944009005, -25.771782260430054 ], [ 32.635809181348392, -25.771833589840583 ], [ 32.635769240461308, -25.771833424771454 ], [ 32.635769499220139, -25.771782095361178 ] ] ] } },
{ "type": "Feature", "properties": { "id_original": 0, "id_parcela": 63, "linha": 2, "coluna": 31, "area_m2": 35.929643777224186, "code": null, "description": null, "edificio": null }, "geometry": { "type": "Polygon", "coordinates": [ [ [ 32.635729558350491, -25.771781930281357 ], [ 32.635769499220139, -25.771782095361178 ], [ 32.635769240461308, -25.771833424771454 ], [ 32.635729299574471, -25.771833259691377 ], [ 32.635729558350491, -25.771781930281357 ] ] ] } },
{ "type": "Feature", "properties": { "id_original": 0, "id_parcela": 64, "linha": 2, "coluna": 32, "area_m2": 35.711492109892149, "code": null, "description": null, "edificio": null }, "geometry": { "type": "Polygon", "coordinates": [ [ [ 32.635729558350491, -25.771781930281357 ], [ 32.635729299574471, -25.771833259691377 ], [ 32.635689358687898, -25.771833094600339 ], [ 32.635690102493818, -25.771781767195378 ], [ 32.635729558350491, -25.771781930281357 ] ] ] } },
{ "type": "Feature", "properties": { "id_original": 1, "id_parcela": 73, "linha": 1, "coluna": 9, "area_m2": 35.311642544705236, "code": null, "description": null, "edificio": null }, "geometry": { "type": "Polygon", "coordinates": [ [ [ 32.636648199146443, -25.772048638516598 ], [ 32.63660825818318, -25.772048473676964 ], [ 32.636608511874513, -25.771998079529027 ], [ 32.636648453348286, -25.771998139600313 ], [ 32.636648199146443, -25.772048638516598 ] ] ] } },
{ "type": "Feature", "properties": { "id_original": 1, "id_parcela": 74, "linha": 1, "coluna": 10, "area_m2": 35.238306798302574, "code": null, "description": null, "edificio": null }, "geometry": { "type": "Polygon", "coordinates": [ [ [ 32.63660825818318, -25.772048473676964 ], [ 32.636568317220174, -25.772048308826356 ], [ 32.636568570400925, -25.771998019446787 ], [ 32.636608511874513, -25.771998079529027 ], [ 32.63660825818318, -25.772048473676964 ] ] ] } },
{ "type": "Feature", "properties": { "id_original": 1, "id_parcela": 75, "linha": 1, "coluna": 11, "area_m2": 35.164971051672126, "code": null, "description": null, "edificio": null }, "geometry": { "type": "Polygon", "coordinates": [ [ [ 32.636568317220174, -25.772048308826356 ], [ 32.636528376257431, -25.772048143964799 ], [ 32.636528628927515, -25.771997959353595 ], [ 32.636568570400925, -25.771998019446787 ], [ 32.636568317220174, -25.772048308826356 ] ] ] } },
{ "type": "Feature", "properties": { "id_original": 1, "id_parcela": 76, "linha": 1, "coluna": 12, "area_m2": 35.091635302525113, "code": null, "description": null, "edificio": null }, "geometry": { "type": "Polygon", "coordinates": [ [ [ 32.636528376257431, -25.772048143964799 ], [ 32.636488435294929, -25.772047979092278 ], [ 32.636488687454296, -25.771997899249424 ], [ 32.636528628927515, -25.771997959353595 ], [ 32.636528376257431, -25.772048143964799 ] ] ] } },
{ "type": "Feature", "properties": { "id_original": 1, "id_parcela": 77, "linha": 1, "coluna": 13, "area_m2": 35.018299556502861, "code": null, "description": null, "edificio": null }, "geometry": { "type": "Polygon", "coordinates": [ [ [ 32.636488435294929, -25.772047979092278 ], [ 32.636448494332683, -25.772047814208797 ], [ 32.636448745981262, -25.771997839134304 ], [ 32.636488687454296, -25.771997899249424 ], [ 32.636488435294929, -25.772047979092278 ] ] ] } },
{ "type": "Feature", "properties": { "id_original": 1, "id_parcela": 78, "linha": 1, "coluna": 14, "area_m2": 34.94496380887265, "code": null, "description": null, "edificio": null }, "geometry": { "type": "Polygon", "coordinates": [ [ [ 32.636448494332683, -25.772047814208797 ], [ 32.6364085533707, -25.772047649314342 ], [ 32.636408804508406, -25.771997779008217 ], [ 32.636448745981262, -25.771997839134304 ], [ 32.636448494332683, -25.772047814208797 ] ] ] } },
{ "type": "Feature", "properties": { "id_original": 1, "id_parcela": 79, "linha": 1, "coluna": 15, "area_m2": 34.871628063275445, "code": null, "description": null, "edificio": null }, "geometry": { "type": "Polygon", "coordinates": [ [ [ 32.6364085533707, -25.772047649314342 ], [ 32.636368612408965, -25.772047484408954 ], [ 32.636368863035742, -25.771997718871166 ], [ 32.636408804508406, -25.771997779008217 ], [ 32.6364085533707, -25.772047649314342 ] ] ] } },
{ "type": "Feature", "properties": { "id_original": 1, "id_parcela": 82, "linha": 1, "coluna": 18, "area_m2": 34.651620821079625, "code": null, "description": null, "edificio": null }, "geometry": { "type": "Polygon", "coordinates": [ [ [ 32.636288730486264, -25.772047154565257 ], [ 32.636248789525297, -25.772046989626958 ], [ 32.636249038618836, -25.77199753839426 ], [ 32.636288980090953, -25.771997598564187 ], [ 32.636288730486264, -25.772047154565257 ] ] ] } },
{ "type": "Feature", "properties": { "id_original": 1, "id_parcela": 83, "linha": 1, "coluna": 19, "area_m2": 34.578285076185644, "code": null, "description": null, "edificio": null }, "geometry": { "type": "Polygon", "coordinates": [ [ [ 32.636248789525297, -25.772046989626958 ], [ 32.636208848564578, -25.772046824677723 ], [ 32.63620909714691, -25.771997478213368 ], [ 32.636249038618836, -25.77199753839426 ], [ 32.636248789525297, -25.772046989626958 ] ] ] } },
{ "type": "Feature", "properties": { "id_original": 1, "id_parcela": 84, "linha": 1, "coluna": 20, "area_m2": 34.504949327817513, "code": null, "description": null, "edificio": null }, "geometry": { "type": "Polygon", "coordinates": [ [ [ 32.636208848564578, -25.772046824677723 ], [ 32.636168907604123, -25.772046659717518 ], [ 32.636169155675162, -25.77199741802151 ], [ 32.63620909714691, -25.771997478213368 ], [ 32.636208848564578, -25.772046824677723 ] ] ] } },
{ "type": "Feature", "properties": { "id_original": 1, "id_parcela": 85, "linha": 1, "coluna": 21, "area_m2": 34.431613580225111, "code": null, "description": null, "edificio": null }, "geometry": { "type": "Polygon", "coordinates": [ [ [ 32.636168907604123, -25.772046659717518 ], [ 32.636128966643909, -25.772046494746352 ], [ 32.636129214203599, -25.771997357818684 ], [ 32.636169155675162, -25.77199741802151 ], [ 32.636168907604123, -25.772046659717518 ] ] ] } },
{ "type": "Feature", "properties": { "id_original": 1, "id_parcela": 86, "linha": 1, "coluna": 22, "area_m2": 34.358277834181017, "code": null, "description": null, "edificio": null }, "geometry": { "type": "Polygon", "coordinates": [ [ [ 32.636128966643909, -25.772046494746352 ], [ 32.636089025683965, -25.772046329764223 ], [ 32.636089272732221, -25.771997297604919 ], [ 32.636129214203599, -25.771997357818684 ], [ 32.636128966643909, -25.772046494746352 ] ] ] } },
{ "type": "Feature", "properties": { "id_original": 1, "id_parcela": 87, "linha": 1, "coluna": 23, "area_m2": 34.284942085423474, "code": null, "description": null, "edificio": null }, "geometry": { "type": "Polygon", "coordinates": [ [ [ 32.636089025683965, -25.772046329764223 ], [ 32.636049084724263, -25.772046164771133 ], [ 32.636049331261027, -25.771997237380184 ], [ 32.636089272732221, -25.771997297604919 ], [ 32.636089025683965, -25.772046329764223 ] ] ] } },
{ "type": "Feature", "properties": { "id_original": 1, "id_parcela": 90, "linha": 1, "coluna": 26, "area_m2": 34.064934845763233, "code": null, "description": null, "edificio": null }, "geometry": { "type": "Polygon", "coordinates": [ [ [ 32.635969202805633, -25.772045834752078 ], [ 32.635929261846705, -25.772045669726108 ], [ 32.635929506848562, -25.771997056640185 ], [ 32.635969448319194, -25.771997116897808 ], [ 32.635969202805633, -25.772045834752078 ] ] ] } },
{ "type": "Feature", "properties": { "id_original": 1, "id_parcela": 91, "linha": 1, "coluna": 27, "area_m2": 33.99159909835717, "code": null, "description": null, "edificio": null }, "geometry": { "type": "Polygon", "coordinates": [ [ [ 32.635929261846705, -25.772045669726108 ], [ 32.635889320888019, -25.772045504689178 ], [ 32.6358895653781, -25.771996996371598 ], [ 32.635929506848562, -25.771997056640185 ], [ 32.635929261846705, -25.772045669726108 ] ] ] } },
{ "type": "Feature", "properties": { "id_original": 1, "id_parcela": 92, "linha": 1, "coluna": 28, "area_m2": 33.918263349598291, "code": null, "description": null, "edificio": null }, "geometry": { "type": "Polygon", "coordinates": [ [ [ 32.635889320888019, -25.772045504689178 ], [ 32.635849379929603, -25.77204533964127 ], [ 32.635849623907831, -25.771996936092055 ], [ 32.6358895653781, -25.771996996371598 ], [ 32.635889320888019, -25.772045504689178 ] ] ] } },
{ "type": "Feature", "properties": { "id_original": 1, "id_parcela": 93, "linha": 1, "coluna": 29, "area_m2": 33.844927603567356, "code": null, "description": null, "edificio": null }, "geometry": { "type": "Polygon", "coordinates": [ [ [ 32.635849379929603, -25.77204533964127 ], [ 32.635809438971435, -25.772045174582438 ], [ 32.635809682437745, -25.771996875801541 ], [ 32.635849623907831, -25.771996936092055 ], [ 32.635849379929603, -25.77204533964127 ] ] ] } },
{ "type": "Feature", "properties": { "id_original": 1, "id_parcela": 109, "linha": 2, "coluna": 13, "area_m2": 35.929643782325662, "code": null, "description": null, "edificio": null }, "geometry": { "type": "Polygon", "coordinates": [ [ [ 32.636448494332683, -25.772047814208797 ], [ 32.636488435294929, -25.772047979092278 ], [ 32.636488176843287, -25.772099308505293 ], [ 32.63644823586386, -25.772099143621563 ], [ 32.636448494332683, -25.772047814208797 ] ] ] } },
{ "type": "Feature", "properties": { "id_original": 1, "id_parcela": 110, "linha": 2, "coluna": 14, "area_m2": 35.929643781494327, "code": null, "description": null, "edificio": null }, "geometry": { "type": "Polygon", "coordinates": [ [ [ 32.6364085533707, -25.772047649314342 ], [ 32.636448494332683, -25.772047814208797 ], [ 32.63644823586386, -25.772099143621563 ], [ 32.636408294884696, -25.772098978726866 ], [ 32.6364085533707, -25.772047649314342 ] ] ] } },
{ "type": "Feature", "properties": { "id_original": 1, "id_parcela": 111, "linha": 2, "coluna": 15, "area_m2": 35.929643782337635, "code": null, "description": null, "edificio": null }, "geometry": { "type": "Polygon", "coordinates": [ [ [ 32.636368612408965, -25.772047484408954 ], [ 32.6364085533707, -25.772047649314342 ], [ 32.636408294884696, -25.772098978726866 ], [ 32.63636835390578, -25.772098813821206 ], [ 32.636368612408965, -25.772047484408954 ] ] ] } },
{ "type": "Feature", "properties": { "id_original": 1, "id_parcela": 114, "linha": 2, "coluna": 18, "area_m2": 35.929643782337635, "code": null, "description": null, "edificio": null }, "geometry": { "type": "Polygon", "coordinates": [ [ [ 32.636248789525297, -25.772046989626958 ], [ 32.636288730486264, -25.772047154565257 ], [ 32.636288471948717, -25.772098483976997 ], [ 32.636248530970562, -25.772098319038456 ], [ 32.636248789525297, -25.772046989626958 ] ] ] } },
{ "type": "Feature", "properties": { "id_original": 1, "id_parcela": 115, "linha": 2, "coluna": 19, "area_m2": 35.929643781909995, "code": null, "description": null, "edificio": null }, "geometry": { "type": "Polygon", "coordinates": [ [ [ 32.636208848564578, -25.772046824677723 ], [ 32.636248789525297, -25.772046989626958 ], [ 32.636248530970562, -25.772098319038456 ], [ 32.63620858999267, -25.772098154088965 ], [ 32.636208848564578, -25.772046824677723 ] ] ] } },
{ "type": "Feature", "properties": { "id_original": 1, "id_parcela": 116, "linha": 2, "coluna": 20, "area_m2": 35.929643782325662, "code": null, "description": null, "edificio": null }, "geometry": { "type": "Polygon", "coordinates": [ [ [ 32.636168907604123, -25.772046659717518 ], [ 32.636208848564578, -25.772046824677723 ], [ 32.63620858999267, -25.772098154088965 ], [ 32.636168649015026, -25.772097989128504 ], [ 32.636168907604123, -25.772046659717518 ] ] ] } },
{ "type": "Feature", "properties": { "id_original": 1, "id_parcela": 117, "linha": 2, "coluna": 21, "area_m2": 35.9296437815063, "code": null, "description": null, "edificio": null }, "geometry": { "type": "Polygon", "coordinates": [ [ [ 32.636128966643909, -25.772046494746352 ], [ 32.636168907604123, -25.772046659717518 ], [ 32.636168649015026, -25.772097989128504 ], [ 32.636128708037639, -25.772097824157072 ], [ 32.636128966643909, -25.772046494746352 ] ] ] } },
{ "type": "Feature", "properties": { "id_original": 1, "id_parcela": 118, "linha": 2, "coluna": 22, "area_m2": 35.929643781909995, "code": null, "description": null, "edificio": null }, "geometry": { "type": "Polygon", "coordinates": [ [ [ 32.636089025683965, -25.772046329764223 ], [ 32.636128966643909, -25.772046494746352 ], [ 32.636128708037639, -25.772097824157072 ], [ 32.636088767060507, -25.772097659174698 ], [ 32.636089025683965, -25.772046329764223 ] ] ] } },
{ "type": "Feature", "properties": { "id_original": 1, "id_parcela": 119, "linha": 2, "coluna": 23, "area_m2": 35.929643782325662, "code": null, "description": null, "edificio": null }, "geometry": { "type": "Polygon", "coordinates": [ [ [ 32.636049084724263, -25.772046164771133 ], [ 32.636089025683965, -25.772046329764223 ], [ 32.636088767060507, -25.772097659174698 ], [ 32.636048826083631, -25.772097494181352 ], [ 32.636049084724263, -25.772046164771133 ] ] ] } },
{ "type": "Feature", "properties": { "id_original": 2, "id_parcela": 129, "linha": 1, "coluna": 1, "area_m2": 33.931312439197491, "code": null, "description": null, "edificio": null }, "geometry": { "type": "Polygon", "coordinates": [ [ [ 32.636927785225218, -25.771919294534243 ], [ 32.636928042997688, -25.771868062238454 ], [ 32.636965069189792, -25.771868117843905 ], [ 32.636966268545706, -25.771919453273512 ], [ 32.636927785225218, -25.771919294534243 ] ] ] } },
{ "type": "Feature", "properties": { "id_original": 2, "id_parcela": 130, "linha": 1, "coluna": 2, "area_m2": 35.824992775730685, "code": null, "description": null, "edificio": null }, "geometry": { "type": "Polygon", "coordinates": [ [ [ 32.636927785225218, -25.771919294534243 ], [ 32.636887844303857, -25.771919129771796 ], [ 32.636888101566306, -25.771868002244368 ], [ 32.636928042997688, -25.771868062238454 ], [ 32.636927785225218, -25.771919294534243 ] ] ] } },
{ "type": "Feature", "properties": { "id_original": 2, "id_parcela": 131, "linha": 1, "coluna": 3, "area_m2": 35.751657029307317, "code": null, "description": null, "edificio": null }, "geometry": { "type": "Polygon", "coordinates": [ [ [ 32.636887844303857, -25.771919129771796 ], [ 32.636847903382751, -25.771918964998381 ], [ 32.636848160135109, -25.771867942239354 ], [ 32.636888101566306, -25.771868002244368 ], [ 32.636887844303857, -25.771919129771796 ] ] ] } },
{ "type": "Feature", "properties": { "id_original": 2, "id_parcela": 132, "linha": 1, "coluna": 4, "area_m2": 35.678321282918816, "code": null, "description": null, "edificio": null }, "geometry": { "type": "Polygon", "coordinates": [ [ [ 32.636847903382751, -25.771918964998381 ], [ 32.636807962461901, -25.771918800213992 ], [ 32.636808218704097, -25.771867882223326 ], [ 32.636848160135109, -25.771867942239354 ], [ 32.636847903382751, -25.771918964998381 ] ] ] } },
{ "type": "Feature", "properties": { "id_original": 2, "id_parcela": 133, "linha": 1, "coluna": 5, "area_m2": 35.604985536070004, "code": null, "description": null, "edificio": null }, "geometry": { "type": "Polygon", "coordinates": [ [ [ 32.636807962461901, -25.771918800213992 ], [ 32.636768021541307, -25.771918635418679 ], [ 32.636768277273269, -25.77186782219637 ], [ 32.636808218704097, -25.771867882223326 ], [ 32.636807962461901, -25.771918800213992 ] ] ] } },
{ "type": "Feature", "properties": { "id_original": 2, "id_parcela": 134, "linha": 1, "coluna": 6, "area_m2": 35.531649786497759, "code": null, "description": null, "edificio": null }, "geometry": { "type": "Polygon", "coordinates": [ [ [ 32.636768021541307, -25.771918635418679 ], [ 32.636728080620976, -25.771918470612388 ], [ 32.636728335842633, -25.771867762158447 ], [ 32.636768277273269, -25.77186782219637 ], [ 32.636768021541307, -25.771918635418679 ] ] ] } },
{ "type": "Feature", "properties": { "id_original": 2, "id_parcela": 137, "linha": 1, "coluna": 9, "area_m2": 35.311642546849818, "code": null, "description": null, "edificio": null }, "geometry": { "type": "Polygon", "coordinates": [ [ [ 32.636648198781053, -25.771918140966914 ], [ 32.636608257861475, -25.771917976127742 ], [ 32.636608511551806, -25.771867581978906 ], [ 32.636648452981895, -25.771867642049713 ], [ 32.636648198781053, -25.771918140966914 ] ] ] } },
{ "type": "Feature", "properties": { "id_original": 2, "id_parcela": 138, "linha": 1, "coluna": 10, "area_m2": 35.238306801059032, "code": null, "description": null, "edificio": null }, "geometry": { "type": "Polygon", "coordinates": [ [ [ 32.636608257861475, -25.771917976127742 ], [ 32.636568316942153, -25.771917811277596 ], [ 32.636568570121895, -25.771867521897114 ], [ 32.636608511551806, -25.771867581978906 ], [ 32.636608257861475, -25.771917976127742 ] ] ] } },
{ "type": "Feature", "properties": { "id_original": 2, "id_parcela": 139, "linha": 1, "coluna": 11, "area_m2": 35.164971053817546, "code": null, "description": null, "edificio": null }, "geometry": { "type": "Polygon", "coordinates": [ [ [ 32.636568316942153, -25.771917811277596 ], [ 32.63652837602308, -25.771917646416515 ], [ 32.636528628692176, -25.771867461804401 ], [ 32.636568570121895, -25.771867521897114 ], [ 32.636568316942153, -25.771917811277596 ] ] ] } },
{ "type": "Feature", "properties": { "id_original": 2, "id_parcela": 140, "linha": 1, "coluna": 12, "area_m2": 35.091635304647546, "code": null, "description": null, "edificio": null }, "geometry": { "type": "Polygon", "coordinates": [ [ [ 32.63652837602308, -25.771917646416515 ], [ 32.636488435104269, -25.771917481544452 ], [ 32.636488687262641, -25.77186740170071 ], [ 32.636528628692176, -25.771867461804401 ], [ 32.63652837602308, -25.771917646416515 ] ] ] } },
{ "type": "Feature", "properties": { "id_original": 2, "id_parcela": 141, "linha": 1, "coluna": 13, "area_m2": 35.018299558660765, "code": null, "description": null, "edificio": null }, "geometry": { "type": "Polygon", "coordinates": [ [ [ 32.636488435104269, -25.771917481544452 ], [ 32.636448494185707, -25.771917316661433 ], [ 32.636448745833285, -25.771867341586045 ], [ 32.636488687262641, -25.77186740170071 ], [ 32.636488435104269, -25.771917481544452 ] ] ] } },
{ "type": "Feature", "properties": { "id_original": 2, "id_parcela": 142, "linha": 1, "coluna": 14, "area_m2": 34.944963811816201, "code": null, "description": null, "edificio": null }, "geometry": { "type": "Polygon", "coordinates": [ [ [ 32.636448494185707, -25.771917316661433 ], [ 32.636408553267401, -25.771917151767454 ], [ 32.63640880440412, -25.771867281460434 ], [ 32.636448745833285, -25.771867341586045 ], [ 32.636448494185707, -25.771917316661433 ] ] ] } },
{ "type": "Feature", "properties": { "id_original": 2, "id_parcela": 143, "linha": 1, "coluna": 15, "area_m2": 34.871628065410881, "code": null, "description": null, "edificio": null }, "geometry": { "type": "Polygon", "coordinates": [ [ [ 32.636408553267401, -25.771917151767454 ], [ 32.636368612349351, -25.771916986862529 ], [ 32.636368862975132, -25.771867221323845 ], [ 32.63640880440412, -25.771867281460434 ], [ 32.636408553267401, -25.771917151767454 ] ] ] } },
{ "type": "Feature", "properties": { "id_original": 2, "id_parcela": 146, "linha": 1, "coluna": 18, "area_m2": 34.651620825553508, "code": null, "description": null, "edificio": null }, "geometry": { "type": "Polygon", "coordinates": [ [ [ 32.636288730514011, -25.771916657019776 ], [ 32.636248789596721, -25.771916492081949 ], [ 32.636249038689286, -25.771867040848335 ], [ 32.636288980117719, -25.771867101017811 ], [ 32.636288730514011, -25.771916657019776 ] ] ] } },
{ "type": "Feature", "properties": { "id_original": 2, "id_parcela": 147, "linha": 1, "coluna": 19, "area_m2": 34.578285078322828, "code": null, "description": null, "edificio": null }, "geometry": { "type": "Polygon", "coordinates": [ [ [ 32.636248789596721, -25.771916492081949 ], [ 32.636208848679686, -25.771916327133177 ], [ 32.636209097261037, -25.771866980667937 ], [ 32.636249038689286, -25.771867040848335 ], [ 32.636248789596721, -25.771916492081949 ] ] ] } },
{ "type": "Feature", "properties": { "id_original": 2, "id_parcela": 148, "linha": 1, "coluna": 20, "area_m2": 34.504949329978132, "code": null, "description": null, "edificio": null }, "geometry": { "type": "Polygon", "coordinates": [ [ [ 32.636208848679686, -25.771916327133177 ], [ 32.636168907762915, -25.77191616217344 ], [ 32.636169155832981, -25.771866920476544 ], [ 32.636209097261037, -25.771866980667937 ], [ 32.636208848679686, -25.771916327133177 ] ] ] } },
{ "type": "Feature", "properties": { "id_original": 2, "id_parcela": 149, "linha": 1, "coluna": 21, "area_m2": 34.431613583148376, "code": null, "description": null, "edificio": null }, "geometry": { "type": "Polygon", "coordinates": [ [ [ 32.636168907762915, -25.77191616217344 ], [ 32.636128966846385, -25.77191599720274 ], [ 32.636129214405095, -25.771866860274198 ], [ 32.636169155832981, -25.771866920476544 ], [ 32.636168907762915, -25.77191616217344 ] ] ] } },
{ "type": "Feature", "properties": { "id_original": 2, "id_parcela": 150, "linha": 1, "coluna": 22, "area_m2": 34.358277836330956, "code": null, "description": null, "edificio": null }, "geometry": { "type": "Polygon", "coordinates": [ [ [ 32.636128966846385, -25.77191599720274 ], [ 32.636089025930119, -25.771915832221076 ], [ 32.636089272977401, -25.771866800060891 ], [ 32.636129214405095, -25.771866860274198 ], [ 32.636128966846385, -25.77191599720274 ] ] ] } },
{ "type": "Feature", "properties": { "id_original": 2, "id_parcela": 151, "linha": 1, "coluna": 23, "area_m2": 34.28494208992246, "code": null, "description": null, "edificio": null }, "geometry": { "type": "Polygon", "coordinates": [ [ [ 32.636089025930119, -25.771915832221076 ], [ 32.636049085014101, -25.771915667228445 ], [ 32.636049331549891, -25.771866739836614 ], [ 32.636089272977401, -25.771866800060891 ], [ 32.636089025930119, -25.771915832221076 ] ] ] } },
{ "type": "Feature", "properties": { "id_original": 2, "id_parcela": 154, "linha": 1, "coluna": 26, "area_m2": 34.064934850066322, "code": null, "description": null, "edificio": null }, "geometry": { "type": "Polygon", "coordinates": [ [ [ 32.635969203182839, -25.771915337210338 ], [ 32.635929262267588, -25.771915172184837 ], [ 32.635929507268472, -25.771866559098022 ], [ 32.635969448695427, -25.77186661935519 ], [ 32.635969203182839, -25.771915337210338 ] ] ] } },
{ "type": "Feature", "properties": { "id_original": 2, "id_parcela": 155, "linha": 1, "coluna": 27, "area_m2": 33.991599103239672, "code": null, "description": null, "edificio": null }, "geometry": { "type": "Polygon", "coordinates": [ [ [ 32.635929262267588, -25.771915172184837 ], [ 32.635889321352593, -25.771915007148383 ], [ 32.635889565841701, -25.771866498829926 ], [ 32.635929507268472, -25.771866559098022 ], [ 32.635929262267588, -25.771915172184837 ] ] ] } },
{ "type": "Feature", "properties": { "id_original": 2, "id_parcela": 156, "linha": 1, "coluna": 28, "area_m2": 33.918263354469062, "code": null, "description": null, "edificio": null }, "geometry": { "type": "Polygon", "coordinates": [ [ [ 32.635889321352593, -25.771915007148383 ], [ 32.635849380437854, -25.771914842100966 ], [ 32.635849624415115, -25.771866438550855 ], [ 32.635889565841701, -25.771866498829926 ], [ 32.635889321352593, -25.771915007148383 ] ] ] } },
{ "type": "Feature", "properties": { "id_original": 2, "id_parcela": 157, "linha": 1, "coluna": 29, "area_m2": 33.844927608068744, "code": null, "description": null, "edificio": null }, "geometry": { "type": "Polygon", "coordinates": [ [ [ 32.635849380437854, -25.771914842100966 ], [ 32.635809439523364, -25.77191467704257 ], [ 32.635809682988715, -25.771866378260796 ], [ 32.635849624415115, -25.771866438550855 ], [ 32.635849380437854, -25.771914842100966 ] ] ] } },
{ "type": "Feature", "properties": { "id_original": 2, "id_parcela": 158, "linha": 1, "coluna": 30, "area_m2": 33.771591860841049, "code": null, "description": null, "edificio": null }, "geometry": { "type": "Polygon", "coordinates": [ [ [ 32.635809439523364, -25.77191467704257 ], [ 32.635769498609129, -25.771914511973229 ], [ 32.635769741562498, -25.77186631795982 ], [ 32.635809682988715, -25.771866378260796 ], [ 32.635809439523364, -25.77191467704257 ] ] ] } },
{ "type": "Feature", "properties": { "id_original": 2, "id_parcela": 159, "linha": 1, "coluna": 31, "area_m2": 33.698256112470723, "code": null, "description": null, "edificio": null }, "geometry": { "type": "Polygon", "coordinates": [ [ [ 32.635769498609129, -25.771914511973229 ], [ 32.635729557695157, -25.771914346892927 ], [ 32.635729800136467, -25.771866257647865 ], [ 32.635769741562498, -25.77186631795982 ], [ 32.635769498609129, -25.771914511973229 ] ] ] } },
{ "type": "Feature", "properties": { "id_original": 2, "id_parcela": 160, "linha": 1, "coluna": 32, "area_m2": 33.026383008807677, "code": null, "description": null, "edificio": null }, "geometry": { "type": "Polygon", "coordinates": [ [ [ 32.635729557695157, -25.771914346892927 ], [ 32.635690101794694, -25.77191418380648 ], [ 32.635690797166063, -25.771866198742391 ], [ 32.635729800136467, -25.771866257647865 ], [ 32.635729557695157, -25.771914346892927 ] ] ] } },
{ "type": "Feature", "properties": { "id_original": 2, "id_parcela": 161, "linha": 2, "coluna": 1, "area_m2": 35.274036860410988, "code": null, "description": null, "edificio": null }, "geometry": { "type": "Polygon", "coordinates": [ [ [ 32.636927785225218, -25.771919294534243 ], [ 32.636966268545706, -25.771919453273512 ], [ 32.636966747387802, -25.77194128282008 ], [ 32.636966747387802, -25.77194128282008 ], [ 32.636964828296271, -25.77194871925861 ], [ 32.636961230010293, -25.771954956269358 ], [ 32.636954753103787, -25.771960233736216 ], [ 32.636948276199981, -25.771963592121686 ], [ 32.636927526963575, -25.771970623950981 ], [ 32.636927785225218, -25.771919294534243 ] ] ] } },
{ "type": "Feature", "properties": { "id_original": 2, "id_parcela": 162, "linha": 2, "coluna": 2, "area_m2": 35.929643777224186, "code": null, "description": null, "edificio": null }, "geometry": { "type": "Polygon", "coordinates": [ [ [ 32.636887844303857, -25.771919129771796 ], [ 32.636927785225218, -25.771919294534243 ], [ 32.636927526963575, -25.771970623950981 ], [ 32.636887586025033, -25.771970459188271 ], [ 32.636887844303857, -25.771919129771796 ] ] ] } },
{ "type": "Feature", "properties": { "id_original": 2, "id_parcela": 163, "linha": 2, "coluna": 3, "area_m2": 35.929643777224186, "code": null, "description": null, "edificio": null }, "geometry": { "type": "Polygon", "coordinates": [ [ [ 32.636847903382751, -25.771918964998381 ], [ 32.636887844303857, -25.771919129771796 ], [ 32.636887586025033, -25.771970459188271 ], [ 32.636847645086753, -25.771970294414604 ], [ 32.636847903382751, -25.771918964998381 ] ] ] } },
{ "type": "Feature", "properties": { "id_original": 2, "id_parcela": 164, "linha": 2, "coluna": 4, "area_m2": 35.929643777651826, "code": null, "description": null, "edificio": null }, "geometry": { "type": "Polygon", "coordinates": [ [ [ 32.636807962461901, -25.771918800213992 ], [ 32.636847903382751, -25.771918964998381 ], [ 32.636847645086753, -25.771970294414604 ], [ 32.636807704148723, -25.771970129629974 ], [ 32.636807962461901, -25.771918800213992 ] ] ] } },
{ "type": "Feature", "properties": { "id_original": 2, "id_parcela": 165, "linha": 2, "coluna": 5, "area_m2": 35.929643777224186, "code": null, "description": null, "edificio": null }, "geometry": { "type": "Polygon", "coordinates": [ [ [ 32.636768021541307, -25.771918635418679 ], [ 32.636807962461901, -25.771918800213992 ], [ 32.636807704148723, -25.771970129629974 ], [ 32.636767763210948, -25.771969964834405 ], [ 32.636768021541307, -25.771918635418679 ] ] ] } },
{ "type": "Feature", "properties": { "id_original": 2, "id_parcela": 166, "linha": 2, "coluna": 6, "area_m2": 35.929643776808518, "code": null, "description": null, "edificio": null }, "geometry": { "type": "Polygon", "coordinates": [ [ [ 32.636728080620976, -25.771918470612388 ], [ 32.636768021541307, -25.771918635418679 ], [ 32.636767763210948, -25.771969964834405 ], [ 32.636727822273429, -25.771969800027847 ], [ 32.636728080620976, -25.771918470612388 ] ] ] } },
{ "type": "Feature", "properties": { "id_original": 2, "id_parcela": 169, "linha": 2, "coluna": 9, "area_m2": 35.929643776808518, "code": null, "description": null, "edificio": null }, "geometry": { "type": "Polygon", "coordinates": [ [ [ 32.636608257861475, -25.771917976127742 ], [ 32.636648198781053, -25.771918140966914 ], [ 32.636647940399151, -25.771969470381876 ], [ 32.636607999462385, -25.771969305542445 ], [ 32.636608257861475, -25.771917976127742 ] ] ] } },
{ "type": "Feature", "properties": { "id_original": 2, "id_parcela": 170, "linha": 2, "coluna": 10, "area_m2": 35.929643777651826, "code": null, "description": null, "edificio": null }, "geometry": { "type": "Polygon", "coordinates": [ [ [ 32.636568316942153, -25.771917811277596 ], [ 32.636608257861475, -25.771917976127742 ], [ 32.636607999462385, -25.771969305542445 ], [ 32.636568058525889, -25.77196914069205 ], [ 32.636568316942153, -25.771917811277596 ] ] ] } },
{ "type": "Feature", "properties": { "id_original": 2, "id_parcela": 171, "linha": 2, "coluna": 11, "area_m2": 35.929643777224186, "code": null, "description": null, "edificio": null }, "geometry": { "type": "Polygon", "coordinates": [ [ [ 32.63652837602308, -25.771917646416515 ], [ 32.636568316942153, -25.771917811277596 ], [ 32.636568058525889, -25.77196914069205 ], [ 32.636528117589634, -25.771968975830699 ], [ 32.63652837602308, -25.771917646416515 ] ] ] } },
{ "type": "Feature", "properties": { "id_original": 2, "id_parcela": 172, "linha": 2, "coluna": 12, "area_m2": 35.929643776808518, "code": null, "description": null, "edificio": null }, "geometry": { "type": "Polygon", "coordinates": [ [ [ 32.636488435104269, -25.771917481544452 ], [ 32.63652837602308, -25.771917646416515 ], [ 32.636528117589634, -25.771968975830699 ], [ 32.636488176653643, -25.771968810958384 ], [ 32.636488435104269, -25.771917481544452 ] ] ] } },
{ "type": "Feature", "properties": { "id_original": 2, "id_parcela": 173, "linha": 2, "coluna": 13, "area_m2": 35.929643777651826, "code": null, "description": null, "edificio": null }, "geometry": { "type": "Polygon", "coordinates": [ [ [ 32.636448494185707, -25.771917316661433 ], [ 32.636488435104269, -25.771917481544452 ], [ 32.636488176653643, -25.771968810958384 ], [ 32.6364482357179, -25.771968646075109 ], [ 32.636448494185707, -25.771917316661433 ] ] ] } },
{ "type": "Feature", "properties": { "id_original": 2, "id_parcela": 174, "linha": 2, "coluna": 14, "area_m2": 35.929643777224186, "code": null, "description": null, "edificio": null }, "geometry": { "type": "Polygon", "coordinates": [ [ [ 32.636408553267401, -25.771917151767454 ], [ 32.636448494185707, -25.771917316661433 ], [ 32.6364482357179, -25.771968646075109 ], [ 32.636408294782413, -25.771968481180885 ], [ 32.636408553267401, -25.771917151767454 ] ] ] } },
{ "type": "Feature", "properties": { "id_original": 2, "id_parcela": 175, "linha": 2, "coluna": 15, "area_m2": 35.929643777639853, "code": null, "description": null, "edificio": null }, "geometry": { "type": "Polygon", "coordinates": [ [ [ 32.636368612349351, -25.771916986862529 ], [ 32.636408553267401, -25.771917151767454 ], [ 32.636408294782413, -25.771968481180885 ], [ 32.636368353847182, -25.7719683162757 ], [ 32.636368612349351, -25.771916986862529 ] ] ] } },
{ "type": "Feature", "properties": { "id_original": 2, "id_parcela": 178, "linha": 2, "coluna": 18, "area_m2": 35.929643782325662, "code": null, "description": null, "edificio": null }, "geometry": { "type": "Polygon", "coordinates": [ [ [ 32.636248789596721, -25.771916492081949 ], [ 32.636288730514011, -25.771916657019776 ], [ 32.63628847197748, -25.771967986432447 ], [ 32.636248531043016, -25.771967821494371 ], [ 32.636248789596721, -25.771916492081949 ] ] ] } },
{ "type": "Feature", "properties": { "id_original": 2, "id_parcela": 179, "linha": 2, "coluna": 19, "area_m2": 35.929643781494327, "code": null, "description": null, "edificio": null }, "geometry": { "type": "Polygon", "coordinates": [ [ [ 32.636208848679686, -25.771916327133177 ], [ 32.636248789596721, -25.771916492081949 ], [ 32.636248531043016, -25.771967821494371 ], [ 32.636208590108801, -25.771967656545332 ], [ 32.636208848679686, -25.771916327133177 ] ] ] } },
{ "type": "Feature", "properties": { "id_original": 2, "id_parcela": 180, "linha": 2, "coluna": 20, "area_m2": 35.929643782337635, "code": null, "description": null, "edificio": null }, "geometry": { "type": "Polygon", "coordinates": [ [ [ 32.636168907762915, -25.77191616217344 ], [ 32.636208848679686, -25.771916327133177 ], [ 32.636208590108801, -25.771967656545332 ], [ 32.636168649174842, -25.771967491585336 ], [ 32.636168907762915, -25.77191616217344 ] ] ] } },
{ "type": "Feature", "properties": { "id_original": 2, "id_parcela": 181, "linha": 2, "coluna": 21, "area_m2": 35.929643781909995, "code": null, "description": null, "edificio": null }, "geometry": { "type": "Polygon", "coordinates": [ [ [ 32.636128966846385, -25.77191599720274 ], [ 32.636168907762915, -25.77191616217344 ], [ 32.636168649174842, -25.771967491585336 ], [ 32.636128708241138, -25.771967326614377 ], [ 32.636128966846385, -25.77191599720274 ] ] ] } },
{ "type": "Feature", "properties": { "id_original": 2, "id_parcela": 182, "linha": 2, "coluna": 22, "area_m2": 35.929643781909995, "code": null, "description": null, "edificio": null }, "geometry": { "type": "Polygon", "coordinates": [ [ [ 32.636089025930119, -25.771915832221076 ], [ 32.636128966846385, -25.77191599720274 ], [ 32.636128708241138, -25.771967326614377 ], [ 32.636088767307683, -25.771967161632471 ], [ 32.636089025930119, -25.771915832221076 ] ] ] } },
{ "type": "Feature", "properties": { "id_original": 2, "id_parcela": 183, "linha": 2, "coluna": 23, "area_m2": 35.929643781921968, "code": null, "description": null, "edificio": null }, "geometry": { "type": "Polygon", "coordinates": [ [ [ 32.636049085014101, -25.771915667228445 ], [ 32.636089025930119, -25.771915832221076 ], [ 32.636088767307683, -25.771967161632471 ], [ 32.636048826374491, -25.771966996639591 ], [ 32.636049085014101, -25.771915667228445 ] ] ] } },
{ "type": "Feature", "properties": { "id_original": 2, "id_parcela": 186, "linha": 2, "coluna": 26, "area_m2": 35.929643781921968, "code": null, "description": null, "edificio": null }, "geometry": { "type": "Polygon", "coordinates": [ [ [ 32.635929262267588, -25.771915172184837 ], [ 32.635969203182839, -25.771915337210338 ], [ 32.635968944508861, -25.771966666620965 ], [ 32.635929003576436, -25.771966501595216 ], [ 32.635929262267588, -25.771915172184837 ] ] ] } },
{ "type": "Feature", "properties": { "id_original": 2, "id_parcela": 187, "linha": 2, "coluna": 27, "area_m2": 35.929643781909995, "code": null, "description": null, "edificio": null }, "geometry": { "type": "Polygon", "coordinates": [ [ [ 32.635889321352593, -25.771915007148383 ], [ 32.635929262267588, -25.771915172184837 ], [ 32.635929003576436, -25.771966501595216 ], [ 32.63588906264426, -25.771966336558492 ], [ 32.635889321352593, -25.771915007148383 ] ] ] } },
{ "type": "Feature", "properties": { "id_original": 2, "id_parcela": 188, "linha": 2, "coluna": 28, "area_m2": 35.929643781909995, "code": null, "description": null, "edificio": null }, "geometry": { "type": "Polygon", "coordinates": [ [ [ 32.635849380437854, -25.771914842100966 ], [ 32.635889321352593, -25.771915007148383 ], [ 32.63588906264426, -25.771966336558492 ], [ 32.63584912171234, -25.771966171510819 ], [ 32.635849380437854, -25.771914842100966 ] ] ] } },
{ "type": "Feature", "properties": { "id_original": 2, "id_parcela": 189, "linha": 2, "coluna": 29, "area_m2": 35.929643782337635, "code": null, "description": null, "edificio": null }, "geometry": { "type": "Polygon", "coordinates": [ [ [ 32.635809439523364, -25.77191467704257 ], [ 32.635849380437854, -25.771914842100966 ], [ 32.63584912171234, -25.771966171510819 ], [ 32.635809180780669, -25.771966006452164 ], [ 32.635809439523364, -25.77191467704257 ] ] ] } },
{ "type": "Feature", "properties": { "id_original": 2, "id_parcela": 190, "linha": 2, "coluna": 30, "area_m2": 35.929643781494327, "code": null, "description": null, "edificio": null }, "geometry": { "type": "Polygon", "coordinates": [ [ [ 32.635769498609129, -25.771914511973229 ], [ 32.635809439523364, -25.77191467704257 ], [ 32.635809180780669, -25.771966006452164 ], [ 32.63576923984926, -25.771965841382585 ], [ 32.635769498609129, -25.771914511973229 ] ] ] } },
{ "type": "Feature", "properties": { "id_original": 2, "id_parcela": 191, "linha": 2, "coluna": 31, "area_m2": 35.929643782325662, "code": null, "description": null, "edificio": null }, "geometry": { "type": "Polygon", "coordinates": [ [ [ 32.635729557695157, -25.771914346892927 ], [ 32.635769498609129, -25.771914511973229 ], [ 32.63576923984926, -25.771965841382585 ], [ 32.6357292989181, -25.771965676302028 ], [ 32.635729557695157, -25.771914346892927 ] ] ] } },
{ "type": "Feature", "properties": { "id_original": 2, "id_parcela": 192, "linha": 2, "coluna": 32, "area_m2": 35.71149211458993, "code": null, "description": null, "edificio": null }, "geometry": { "type": "Polygon", "coordinates": [ [ [ 32.635729557695157, -25.771914346892927 ], [ 32.6357292989181, -25.771965676302028 ], [ 32.635689357987197, -25.771965511210499 ], [ 32.635690101794694, -25.77191418380648 ], [ 32.635729557695157, -25.771914346892927 ] ] ] } },
{ "type": "Feature", "properties": { "id_original": 0, "id_parcela": 1, "linha": 1, "coluna": 1, "area_m2": 5.6580644060516789, "code": null, "description": null, "edificio": null }, "geometry": { "type": "Polygon", "coordinates": [ [ [ 32.634901324652937, -25.772986510871327 ], [ 32.634898999389705, -25.773006981366663 ], [ 32.634875007904462, -25.773005135850664 ], [ 32.634876477302527, -25.772984196948549 ], [ 32.634901324652937, -25.772986510871327 ] ] ] } },
{ "type": "Feature", "properties": { "id_original": 0, "id_parcela": 2, "linha": 1, "coluna": 2, "area_m2": 6.6633611570468263, "code": null, "description": null, "edificio": null }, "geometry": { "type": "Polygon", "coordinates": [ [ [ 32.634901324652937, -25.772986510871327 ], [ 32.634930669806664, -25.772989243648862 ], [ 32.634928398086466, -25.773009242820422 ], [ 32.634898999389705, -25.773006981366663 ], [ 32.634901324652937, -25.772986510871327 ] ] ] } },
{ "type": "Feature", "properties": { "id_original": 0, "id_parcela": 3, "linha": 1, "coluna": 3, "area_m2": 6.5081533577615795, "code": null, "description": null, "edificio": null }, "geometry": { "type": "Polygon", "coordinates": [ [ [ 32.634930669806664, -25.772989243648862 ], [ 32.634960014961813, -25.772991976420506 ], [ 32.634957796784427, -25.773011504268265 ], [ 32.634928398086466, -25.773009242820422 ], [ 32.634930669806664, -25.772989243648862 ] ] ] } },
{ "type": "Feature", "properties": { "id_original": 0, "id_parcela": 4, "linha": 1, "coluna": 4, "area_m2": 6.3529455568891695, "code": null, "description": null, "edificio": null }, "geometry": { "type": "Polygon", "coordinates": [ [ [ 32.634960014961813, -25.772991976420506 ], [ 32.634989360118382, -25.772994709186239 ], [ 32.634987195483582, -25.773013765710161 ], [ 32.634957796784427, -25.773011504268265 ], [ 32.634960014961813, -25.772991976420506 ] ] ] } },
{ "type": "Feature", "properties": { "id_original": 0, "id_parcela": 5, "linha": 1, "coluna": 5, "area_m2": 6.197737756419885, "code": null, "description": null, "edificio": null }, "geometry": { "type": "Polygon", "coordinates": [ [ [ 32.634989360118382, -25.772994709186239 ], [ 32.635018705276373, -25.772997441946071 ], [ 32.635016594183931, -25.773016027146138 ], [ 32.634987195483582, -25.773013765710161 ], [ 32.634989360118382, -25.772994709186239 ] ] ] } },
{ "type": "Feature", "properties": { "id_original": 0, "id_parcela": 6, "linha": 1, "coluna": 6, "area_m2": 6.0425299554884626, "code": null, "description": null, "edificio": null }, "geometry": { "type": "Polygon", "coordinates": [ [ [ 32.635018705276373, -25.772997441946071 ], [ 32.635048050435778, -25.773000174699991 ], [ 32.635045992885466, -25.773018288576182 ], [ 32.635016594183931, -25.773016027146138 ], [ 32.635018705276373, -25.772997441946071 ] ] ] } },
{ "type": "Feature", "properties": { "id_original": 0, "id_parcela": 7, "linha": 1, "coluna": 7, "area_m2": 5.8873221544160526, "code": null, "description": null, "edificio": null }, "geometry": { "type": "Polygon", "coordinates": [ [ [ 32.635048050435778, -25.773000174699991 ], [ 32.63507739559661, -25.773002907448017 ], [ 32.635075391588195, -25.773020550000293 ], [ 32.635045992885466, -25.773018288576182 ], [ 32.635048050435778, -25.773000174699991 ] ] ] } },
{ "type": "Feature", "properties": { "id_original": 0, "id_parcela": 8, "linha": 1, "coluna": 8, "area_m2": 5.6326224758099315, "code": null, "description": null, "edificio": null }, "geometry": { "type": "Polygon", "coordinates": [ [ [ 32.63507739559661, -25.773002907448017 ], [ 32.635106263838644, -25.773005595777413 ], [ 32.6351042337824, -25.773022768610492 ], [ 32.635075391588195, -25.773020550000293 ], [ 32.63507739559661, -25.773002907448017 ] ] ] } },
{ "type": "Feature", "properties": { "id_original": 0, "id_parcela": 9, "linha": 2, "coluna": 1, "area_m2": 5.9202701934544031, "code": null, "description": null, "edificio": null }, "geometry": { "type": "Polygon", "coordinates": [ [ [ 32.634903693606383, -25.772965655740801 ], [ 32.634901324652937, -25.772986510871327 ], [ 32.634876477302527, -25.772984196948549 ], [ 32.634877946700023, -25.772963258046364 ], [ 32.634903693606383, -25.772965655740801 ] ] ] } },
{ "type": "Feature", "properties": { "id_original": 0, "id_parcela": 10, "linha": 2, "coluna": 2, "area_m2": 6.8676259683073422, "code": null, "description": null, "edificio": null }, "geometry": { "type": "Polygon", "coordinates": [ [ [ 32.634903693606383, -25.772965655740801 ], [ 32.634933038755044, -25.772968388517821 ], [ 32.634930669806664, -25.772989243648862 ], [ 32.634901324652937, -25.772986510871327 ], [ 32.634903693606383, -25.772965655740801 ] ] ] } },
{ "type": "Feature", "properties": { "id_original": 0, "id_parcela": 11, "linha": 2, "coluna": 3, "area_m2": 6.8676259685226047, "code": null, "description": null, "edificio": null }, "geometry": { "type": "Polygon", "coordinates": [ [ [ 32.634933038755044, -25.772968388517821 ], [ 32.634962383905126, -25.772971121288936 ], [ 32.634960014961813, -25.772991976420506 ], [ 32.634930669806664, -25.772989243648862 ], [ 32.634933038755044, -25.772968388517821 ] ] ] } },
{ "type": "Feature", "properties": { "id_original": 0, "id_parcela": 12, "linha": 2, "coluna": 4, "area_m2": 6.8676259683073422, "code": null, "description": null, "edificio": null }, "geometry": { "type": "Polygon", "coordinates": [ [ [ 32.634962383905126, -25.772971121288936 ], [ 32.63499172905663, -25.772973854054147 ], [ 32.634989360118382, -25.772994709186239 ], [ 32.634960014961813, -25.772991976420506 ], [ 32.634962383905126, -25.772971121288936 ] ] ] } },
{ "type": "Feature", "properties": { "id_original": 0, "id_parcela": 13, "linha": 2, "coluna": 5, "area_m2": 6.8676259680041181, "code": null, "description": null, "edificio": null }, "geometry": { "type": "Polygon", "coordinates": [ [ [ 32.63499172905663, -25.772973854054147 ], [ 32.635021074209561, -25.772976586813446 ], [ 32.635018705276373, -25.772997441946071 ], [ 32.634989360118382, -25.772994709186239 ], [ 32.63499172905663, -25.772973854054147 ] ] ] } },
{ "type": "Feature", "properties": { "id_original": 0, "id_parcela": 14, "linha": 2, "coluna": 6, "area_m2": 6.867625968004119, "code": null, "description": null, "edificio": null }, "geometry": { "type": "Polygon", "coordinates": [ [ [ 32.635021074209561, -25.772976586813446 ], [ 32.635050419363907, -25.772979319566847 ], [ 32.635048050435778, -25.773000174699991 ], [ 32.635018705276373, -25.772997441946071 ], [ 32.635021074209561, -25.772976586813446 ] ] ] } },
{ "type": "Feature", "properties": { "id_original": 0, "id_parcela": 15, "linha": 2, "coluna": 7, "area_m2": 6.8676259685420007, "code": null, "description": null, "edificio": null }, "geometry": { "type": "Polygon", "coordinates": [ [ [ 32.635050419363907, -25.772979319566847 ], [ 32.635079764519681, -25.77298205231434 ], [ 32.63507739559661, -25.773002907448017 ], [ 32.635048050435778, -25.773000174699991 ], [ 32.635050419363907, -25.772979319566847 ] ] ] } },
{ "type": "Feature", "properties": { "id_original": 0, "id_parcela": 16, "linha": 2, "coluna": 8, "area_m2": 6.7671740208993167, "code": null, "description": null, "edificio": null }, "geometry": { "type": "Polygon", "coordinates": [ [ [ 32.63507739559661, -25.773002907448017 ], [ 32.635079764519681, -25.77298205231434 ], [ 32.63510872814075, -25.772984749525765 ], [ 32.635106263838644, -25.773005595777413 ], [ 32.63507739559661, -25.773002907448017 ] ] ] } },
{ "type": "Feature", "properties": { "id_original": 0, "id_parcela": 17, "linha": 3, "coluna": 1, "area_m2": 6.1307937002620259, "code": null, "description": null, "edificio": null }, "geometry": { "type": "Polygon", "coordinates": [ [ [ 32.63490606255894, -25.772944800610166 ], [ 32.634903693606383, -25.772965655740801 ], [ 32.634877946700023, -25.772963258046364 ], [ 32.634879416096958, -25.772942319144093 ], [ 32.63490606255894, -25.772944800610166 ] ] ] } },
{ "type": "Feature", "properties": { "id_original": 0, "id_parcela": 18, "linha": 3, "coluna": 2, "area_m2": 6.8676259709799323, "code": null, "description": null, "edificio": null }, "geometry": { "type": "Polygon", "coordinates": [ [ [ 32.63490606255894, -25.772944800610166 ], [ 32.634935407702542, -25.77294753338666 ], [ 32.634933038755044, -25.772968388517821 ], [ 32.634903693606383, -25.772965655740801 ], [ 32.63490606255894, -25.772944800610166 ] ] ] } },
{ "type": "Feature", "properties": { "id_original": 0, "id_parcela": 19, "linha": 3, "coluna": 3, "area_m2": 6.8676259711951957, "code": null, "description": null, "edificio": null }, "geometry": { "type": "Polygon", "coordinates": [ [ [ 32.634935407702542, -25.77294753338666 ], [ 32.634964752847566, -25.772950266157242 ], [ 32.634962383905126, -25.772971121288936 ], [ 32.634933038755044, -25.772968388517821 ], [ 32.634935407702542, -25.77294753338666 ] ] ] } },
{ "type": "Feature", "properties": { "id_original": 0, "id_parcela": 20, "linha": 3, "coluna": 4, "area_m2": 6.8676259709799323, "code": null, "description": null, "edificio": null }, "geometry": { "type": "Polygon", "coordinates": [ [ [ 32.634964752847566, -25.772950266157242 ], [ 32.634994097994003, -25.772952998921934 ], [ 32.63499172905663, -25.772973854054147 ], [ 32.634962383905126, -25.772971121288936 ], [ 32.634964752847566, -25.772950266157242 ] ] ] } },
{ "type": "Feature", "properties": { "id_original": 0, "id_parcela": 21, "linha": 3, "coluna": 5, "area_m2": 6.867625970745272, "code": null, "description": null, "edificio": null }, "geometry": { "type": "Polygon", "coordinates": [ [ [ 32.634994097994003, -25.772952998921934 ], [ 32.635023443141868, -25.77295573168071 ], [ 32.635021074209561, -25.772976586813446 ], [ 32.63499172905663, -25.772973854054147 ], [ 32.634994097994003, -25.772952998921934 ] ] ] } },
{ "type": "Feature", "properties": { "id_original": 0, "id_parcela": 22, "linha": 3, "coluna": 6, "area_m2": 6.8676259710484953, "code": null, "description": null, "edificio": null }, "geometry": { "type": "Polygon", "coordinates": [ [ [ 32.635023443141868, -25.77295573168071 ], [ 32.635052788291162, -25.772958464433582 ], [ 32.635050419363907, -25.772979319566847 ], [ 32.635021074209561, -25.772976586813446 ], [ 32.635023443141868, -25.77295573168071 ] ] ] } },
{ "type": "Feature", "properties": { "id_original": 0, "id_parcela": 23, "linha": 3, "coluna": 7, "area_m2": 6.8676259710484953, "code": null, "description": null, "edificio": null }, "geometry": { "type": "Polygon", "coordinates": [ [ [ 32.635052788291162, -25.772958464433582 ], [ 32.63508213344187, -25.77296119718056 ], [ 32.635079764519681, -25.77298205231434 ], [ 32.635050419363907, -25.772979319566847 ], [ 32.635052788291162, -25.772958464433582 ] ] ] } },
{ "type": "Feature", "properties": { "id_original": 0, "id_parcela": 24, "linha": 3, "coluna": 8, "area_m2": 6.789496678610643, "code": null, "description": null, "edificio": null }, "geometry": { "type": "Polygon", "coordinates": [ [ [ 32.635079764519681, -25.77298205231434 ], [ 32.63508213344187, -25.77296119718056 ], [ 32.635111192441954, -25.772963903274007 ], [ 32.63510872814075, -25.772984749525765 ], [ 32.635079764519681, -25.77298205231434 ] ] ] } },
{ "type": "Feature", "properties": { "id_original": 0, "id_parcela": 25, "linha": 4, "coluna": 1, "area_m2": 6.3413172072148853, "code": null, "description": null, "edificio": null }, "geometry": { "type": "Polygon", "coordinates": [ [ [ 32.634908431510631, -25.772923945479423 ], [ 32.63490606255894, -25.772944800610166 ], [ 32.634879416096958, -25.772942319144093 ], [ 32.634880885493331, -25.772921380241737 ], [ 32.634908431510631, -25.772923945479423 ] ] ] } },
{ "type": "Feature", "properties": { "id_original": 0, "id_parcela": 26, "linha": 4, "coluna": 2, "area_m2": 6.8676259710484953, "code": null, "description": null, "edificio": null }, "geometry": { "type": "Polygon", "coordinates": [ [ [ 32.634908431510631, -25.772923945479423 ], [ 32.634937776649167, -25.772926678255384 ], [ 32.634935407702542, -25.77294753338666 ], [ 32.63490606255894, -25.772944800610166 ], [ 32.634908431510631, -25.772923945479423 ] ] ] } },
{ "type": "Feature", "properties": { "id_original": 0, "id_parcela": 27, "linha": 4, "coluna": 3, "area_m2": 6.8676259712637595, "code": null, "description": null, "edificio": null }, "geometry": { "type": "Polygon", "coordinates": [ [ [ 32.634937776649167, -25.772926678255384 ], [ 32.634967121789131, -25.772929411025455 ], [ 32.634964752847566, -25.772950266157242 ], [ 32.634935407702542, -25.77294753338666 ], [ 32.634937776649167, -25.772926678255384 ] ] ] } },
{ "type": "Feature", "properties": { "id_original": 0, "id_parcela": 28, "linha": 4, "coluna": 4, "area_m2": 6.8676259710484953, "code": null, "description": null, "edificio": null }, "geometry": { "type": "Polygon", "coordinates": [ [ [ 32.634967121789131, -25.772929411025455 ], [ 32.634996466930502, -25.77293214378961 ], [ 32.634994097994003, -25.772952998921934 ], [ 32.634964752847566, -25.772950266157242 ], [ 32.634967121789131, -25.772929411025455 ] ] ] } },
{ "type": "Feature", "properties": { "id_original": 0, "id_parcela": 29, "linha": 4, "coluna": 5, "area_m2": 6.8676259710484953, "code": null, "description": null, "edificio": null }, "geometry": { "type": "Polygon", "coordinates": [ [ [ 32.634996466930502, -25.77293214378961 ], [ 32.635025812073309, -25.772934876547865 ], [ 32.635023443141868, -25.77295573168071 ], [ 32.634994097994003, -25.772952998921934 ], [ 32.634996466930502, -25.77293214378961 ] ] ] } },
{ "type": "Feature", "properties": { "id_original": 0, "id_parcela": 30, "linha": 4, "coluna": 6, "area_m2": 6.867625970745272, "code": null, "description": null, "edificio": null }, "geometry": { "type": "Polygon", "coordinates": [ [ [ 32.635025812073309, -25.772934876547865 ], [ 32.635055157217536, -25.772937609300222 ], [ 32.635052788291162, -25.772958464433582 ], [ 32.635023443141868, -25.77295573168071 ], [ 32.635025812073309, -25.772934876547865 ] ] ] } },
{ "type": "Feature", "properties": { "id_original": 0, "id_parcela": 31, "linha": 4, "coluna": 7, "area_m2": 6.8676259712831547, "code": null, "description": null, "edificio": null }, "geometry": { "type": "Polygon", "coordinates": [ [ [ 32.635055157217536, -25.772937609300222 ], [ 32.635084502363178, -25.772940342046663 ], [ 32.63508213344187, -25.77296119718056 ], [ 32.635052788291162, -25.772958464433582 ], [ 32.635055157217536, -25.772937609300222 ] ] ] } },
{ "type": "Feature", "properties": { "id_original": 0, "id_parcela": 32, "linha": 4, "coluna": 8, "area_m2": 6.8118193336211323, "code": null, "description": null, "edificio": null }, "geometry": { "type": "Polygon", "coordinates": [ [ [ 32.63508213344187, -25.77296119718056 ], [ 32.635084502363178, -25.772940342046663 ], [ 32.635113656742256, -25.772943057022129 ], [ 32.635111192441954, -25.772963903274007 ], [ 32.63508213344187, -25.77296119718056 ] ] ] } },
{ "type": "Feature", "properties": { "id_original": 0, "id_parcela": 40, "linha": 5, "coluna": 8, "area_m2": 6.8341419912914043, "code": null, "description": null, "edificio": null }, "geometry": { "type": "Polygon", "coordinates": [ [ [ 32.635086871283612, -25.772919486912656 ], [ 32.635089240203172, -25.772898631778556 ], [ 32.635118585340116, -25.772901364518052 ], [ 32.635116121041641, -25.77292221077014 ], [ 32.635113656742256, -25.772943057022129 ], [ 32.635084502363178, -25.772940342046663 ], [ 32.635086871283612, -25.772919486912656 ] ] ] } },
{ "type": "Feature", "properties": { "id_original": 0, "id_parcela": 39, "linha": 5, "coluna": 7, "area_m2": 6.8676259740928742, "code": null, "description": null, "edificio": null }, "geometry": { "type": "Polygon", "coordinates": [ [ [ 32.635084502363178, -25.772940342046663 ], [ 32.635055157217536, -25.772937609300222 ], [ 32.635057526143029, -25.772916754166733 ], [ 32.635059895067656, -25.772895899033159 ], [ 32.635089240203172, -25.772898631778556 ], [ 32.635086871283612, -25.772919486912656 ], [ 32.635084502363178, -25.772940342046663 ] ] ] } },
{ "type": "Feature", "properties": { "id_original": 0, "id_parcela": 38, "linha": 5, "coluna": 6, "area_m2": 6.8676259735549907, "code": null, "description": null, "edificio": null }, "geometry": { "type": "Polygon", "coordinates": [ [ [ 32.635055157217536, -25.772937609300222 ], [ 32.635025812073309, -25.772934876547865 ], [ 32.635028181003875, -25.772914021414913 ], [ 32.635030549933553, -25.772893166281861 ], [ 32.635059895067656, -25.772895899033159 ], [ 32.635057526143029, -25.772916754166733 ], [ 32.635055157217536, -25.772937609300222 ] ] ] } },
{ "type": "Feature", "properties": { "id_original": 0, "id_parcela": 37, "linha": 5, "coluna": 5, "area_m2": 6.867625973789651, "code": null, "description": null, "edificio": null }, "geometry": { "type": "Polygon", "coordinates": [ [ [ 32.635025812073309, -25.772934876547865 ], [ 32.634996466930502, -25.77293214378961 ], [ 32.634998835866135, -25.772911288657173 ], [ 32.635001204800879, -25.772890433524658 ], [ 32.635030549933553, -25.772893166281861 ], [ 32.635028181003875, -25.772914021414913 ], [ 32.635025812073309, -25.772934876547865 ] ] ] } },
{ "type": "Feature", "properties": { "id_original": 0, "id_parcela": 36, "linha": 5, "coluna": 4, "area_m2": 6.867625973789651, "code": null, "description": null, "edificio": null }, "geometry": { "type": "Polygon", "coordinates": [ [ [ 32.634996466930502, -25.77293214378961 ], [ 32.634967121789131, -25.772929411025455 ], [ 32.634969490729816, -25.772908555893547 ], [ 32.634971859669626, -25.772887700761544 ], [ 32.635001204800879, -25.772890433524658 ], [ 32.634998835866135, -25.772911288657173 ], [ 32.634996466930502, -25.77293214378961 ] ] ] } },
{ "type": "Feature", "properties": { "id_original": 0, "id_parcela": 35, "linha": 5, "coluna": 3, "area_m2": 6.8676259740049135, "code": null, "description": null, "edificio": null }, "geometry": { "type": "Polygon", "coordinates": [ [ [ 32.634967121789131, -25.772929411025455 ], [ 32.634937776649167, -25.772926678255384 ], [ 32.634940145594918, -25.772905823124002 ], [ 32.634942514539794, -25.772884967992525 ], [ 32.634971859669626, -25.772887700761544 ], [ 32.634969490729816, -25.772908555893547 ], [ 32.634967121789131, -25.772929411025455 ] ] ] } },
{ "type": "Feature", "properties": { "id_original": 0, "id_parcela": 34, "linha": 5, "coluna": 2, "area_m2": 6.867625973789651, "code": null, "description": null, "edificio": null }, "geometry": { "type": "Polygon", "coordinates": [ [ [ 32.634937776649167, -25.772926678255384 ], [ 32.634908431510631, -25.772923945479423 ], [ 32.634910800461441, -25.77290309034856 ], [ 32.634913169411377, -25.772882235217608 ], [ 32.634942514539794, -25.772884967992525 ], [ 32.634940145594918, -25.772905823124002 ], [ 32.634937776649167, -25.772926678255384 ] ] ] } },
{ "type": "Feature", "properties": { "id_original": 0, "id_parcela": 33, "linha": 5, "coluna": 1, "area_m2": 6.5518407142538742, "code": null, "description": null, "edificio": null }, "geometry": { "type": "Polygon", "coordinates": [ [ [ 32.634908431510631, -25.772923945479423 ], [ 32.634880885493331, -25.772921380241737 ], [ 32.634882354889143, -25.772900441339299 ], [ 32.634883824284387, -25.77287950243679 ], [ 32.634913169411377, -25.772882235217608 ], [ 32.634910800461441, -25.77290309034856 ], [ 32.634908431510631, -25.772923945479423 ] ] ] } },
{ "type": "Feature", "properties": { "id_original": 0, "id_parcela": 50, "linha": 3, "coluna": 18, "area_m2": 4.4411934921527996, "code": null, "description": null, "edificio": null }, "geometry": { "type": "Polygon", "coordinates": [ [ [ 32.635319707811064, -25.772857081389859 ], [ 32.635342171539314, -25.772857539802992 ], [ 32.635341728586468, -25.772875335273209 ], [ 32.635319264854864, -25.772874876859966 ], [ 32.635319707811064, -25.772857081389859 ] ] ] } },
{ "type": "Feature", "properties": { "id_original": 0, "id_parcela": 73, "linha": 4, "coluna": 18, "area_m2": 4.4411934921476162, "code": null, "description": null, "edificio": null }, "geometry": { "type": "Polygon", "coordinates": [ [ [ 32.635320150767093, -25.772839285919698 ], [ 32.635342614491996, -25.772839744332732 ], [ 32.635342171539314, -25.772857539802992 ], [ 32.635319707811064, -25.772857081389859 ], [ 32.635320150767093, -25.772839285919698 ] ] ] } },
{ "type": "Feature", "properties": { "id_original": 0, "id_parcela": 96, "linha": 5, "coluna": 18, "area_m2": 4.4411934900549106, "code": null, "description": null, "edificio": null }, "geometry": { "type": "Polygon", "coordinates": [ [ [ 32.635320593722959, -25.772821490449502 ], [ 32.635343057444516, -25.77282194886244 ], [ 32.635342614491996, -25.772839744332732 ], [ 32.635320150767093, -25.772839285919698 ], [ 32.635320593722959, -25.772821490449502 ] ] ] } },
{ "type": "Feature", "properties": { "id_original": 0, "id_parcela": 119, "linha": 6, "coluna": 18, "area_m2": 4.4411934921476162, "code": null, "description": null, "edificio": null }, "geometry": { "type": "Polygon", "coordinates": [ [ [ 32.635321036678654, -25.77280369497926 ], [ 32.635343500396864, -25.77280415339208 ], [ 32.635343057444516, -25.77282194886244 ], [ 32.635320593722959, -25.772821490449502 ], [ 32.635321036678654, -25.77280369497926 ] ] ] } },
{ "type": "Feature", "properties": { "id_original": 0, "id_parcela": 211, "linha": 10, "coluna": 18, "area_m2": 4.4411934921476162, "code": null, "description": null, "edificio": null }, "geometry": { "type": "Polygon", "coordinates": [ [ [ 32.635322808499765, -25.772732513097793 ], [ 32.635345272204589, -25.772732971510205 ], [ 32.635344829252908, -25.772750766980753 ], [ 32.635322365544738, -25.772750308568227 ], [ 32.635322808499765, -25.772732513097793 ] ] ] } },
{ "type": "Feature", "properties": { "id_original": 0, "id_parcela": 234, "linha": 11, "coluna": 18, "area_m2": 4.4411934900549106, "code": null, "description": null, "edificio": null }, "geometry": { "type": "Polygon", "coordinates": [ [ [ 32.635323251454622, -25.772714717627323 ], [ 32.635345715156106, -25.772715176039632 ], [ 32.635345272204589, -25.772732971510205 ], [ 32.635322808499765, -25.772732513097793 ], [ 32.635323251454622, -25.772714717627323 ] ] ] } },
{ "type": "Feature", "properties": { "id_original": 0, "id_parcela": 257, "linha": 12, "coluna": 18, "area_m2": 4.4411934921476162, "code": null, "description": null, "edificio": null }, "geometry": { "type": "Polygon", "coordinates": [ [ [ 32.635323694409315, -25.772696922156797 ], [ 32.635346158107446, -25.772697380569003 ], [ 32.635345715156106, -25.772715176039632 ], [ 32.635323251454622, -25.772714717627323 ], [ 32.635323694409315, -25.772696922156797 ] ] ] } },
{ "type": "Feature", "properties": { "id_original": 0, "id_parcela": 280, "linha": 13, "coluna": 18, "area_m2": 4.4411934921527996, "code": null, "description": null, "edificio": null }, "geometry": { "type": "Polygon", "coordinates": [ [ [ 32.635324137363845, -25.772679126686221 ], [ 32.635346601058629, -25.772679585098324 ], [ 32.635346158107446, -25.772697380569003 ], [ 32.635323694409315, -25.772696922156797 ], [ 32.635324137363845, -25.772679126686221 ] ] ] } },
{ "type": "Feature", "properties": { "id_original": 0, "id_parcela": 369, "linha": 17, "coluna": 18, "area_m2": 4.4411934921527996, "code": null, "description": null, "edificio": null }, "geometry": { "type": "Polygon", "coordinates": [ [ [ 32.635325909180281, -25.772607944803468 ], [ 32.635348372861678, -25.772608403215163 ], [ 32.635347929911163, -25.772626198686023 ], [ 32.635325466226419, -25.772625740274229 ], [ 32.635325909180281, -25.772607944803468 ] ] ] } },
{ "type": "Feature", "properties": { "id_original": 0, "id_parcela": 391, "linha": 18, "coluna": 18, "area_m2": 4.4411934900549106, "code": null, "description": null, "edificio": null }, "geometry": { "type": "Polygon", "coordinates": [ [ [ 32.635326352133973, -25.772590149332679 ], [ 32.635348815812023, -25.772590607744259 ], [ 32.635348372861678, -25.772608403215163 ], [ 32.635325909180281, -25.772607944803468 ], [ 32.635326352133973, -25.772590149332679 ] ] ] } },
{ "type": "Feature", "properties": { "id_original": 0, "id_parcela": 413, "linha": 19, "coluna": 18, "area_m2": 4.4411934921476162, "code": null, "description": null, "edificio": null }, "geometry": { "type": "Polygon", "coordinates": [ [ [ 32.635326795087501, -25.772572353861825 ], [ 32.635349258762197, -25.772572812273307 ], [ 32.635348815812023, -25.772590607744259 ], [ 32.635326352133973, -25.772590149332679 ], [ 32.635326795087501, -25.772572353861825 ] ] ] } },
{ "type": "Feature", "properties": { "id_original": 0, "id_parcela": 435, "linha": 20, "coluna": 18, "area_m2": 4.4411934921476162, "code": null, "description": null, "edificio": null }, "geometry": { "type": "Polygon", "coordinates": [ [ [ 32.635327238040851, -25.772554558390929 ], [ 32.635349701712201, -25.772555016802304 ], [ 32.635349258762197, -25.772572812273307 ], [ 32.635326795087501, -25.772572353861825 ], [ 32.635327238040851, -25.772554558390929 ] ] ] } },
{ "type": "Feature", "properties": { "id_original": 0, "id_parcela": 47, "linha": 3, "coluna": 15, "area_m2": 4.4411934923012115, "code": null, "description": null, "edificio": null }, "geometry": { "type": "Polygon", "coordinates": [ [ [ 32.635184962204434, -25.772854500646002 ], [ 32.635207425931405, -25.772854959079936 ], [ 32.635206982958479, -25.772872754549528 ], [ 32.635184519228154, -25.772872296115494 ], [ 32.635184962204434, -25.772854500646002 ] ] ] } },
{ "type": "Feature", "properties": { "id_original": 0, "id_parcela": 50, "linha": 3, "coluna": 18, "area_m2": 4.4411934921527996, "code": null, "description": null, "edificio": null }, "geometry": { "type": "Polygon", "coordinates": [ [ [ 32.635252353386008, -25.772855875937406 ], [ 32.63527481711364, -25.772856334360938 ], [ 32.635274374150754, -25.772874129830836 ], [ 32.635251910419775, -25.772873671407204 ], [ 32.635252353386008, -25.772855875937406 ] ] ] } },
{ "type": "Feature", "properties": { "id_original": 0, "id_parcela": 58, "linha": 4, "coluna": 3, "area_m2": 4.4411934923012115, "code": null, "description": null, "edificio": null }, "geometry": { "type": "Polygon", "coordinates": [ [ [ 32.634915840514033, -25.772831203700196 ], [ 32.634938304235042, -25.772831662175616 ], [ 32.634937861222113, -25.772849457644011 ], [ 32.634915397497757, -25.772848999168492 ], [ 32.634915840514033, -25.772831203700196 ] ] ] } },
{ "type": "Feature", "properties": { "id_original": 0, "id_parcela": 61, "linha": 4, "coluna": 6, "area_m2": 4.4411934921839018, "code": null, "description": null, "edificio": null }, "geometry": { "type": "Polygon", "coordinates": [ [ [ 32.634983231677708, -25.772832579116049 ], [ 32.635005695399379, -25.772833037581073 ], [ 32.635005252396489, -25.772850833049784 ], [ 32.634982788671479, -25.77285037458466 ], [ 32.634983231677708, -25.772832579116049 ] ] ] } },
{ "type": "Feature", "properties": { "id_original": 0, "id_parcela": 64, "linha": 4, "coluna": 9, "area_m2": 4.441193492264925, "code": null, "description": null, "edificio": null }, "geometry": { "type": "Polygon", "coordinates": [ [ [ 32.635050622843352, -25.772833954500715 ], [ 32.635073086565676, -25.772834412955334 ], [ 32.635072643572826, -25.77285220842435 ], [ 32.63505017984717, -25.772851749969632 ], [ 32.635050622843352, -25.772833954500715 ] ] ] } },
{ "type": "Feature", "properties": { "id_original": 0, "id_parcela": 67, "linha": 4, "coluna": 12, "area_m2": 4.4411934921890861, "code": null, "description": null, "edificio": null }, "geometry": { "type": "Polygon", "coordinates": [ [ [ 32.635118014010963, -25.772835329854178 ], [ 32.635140477733934, -25.772835788298408 ], [ 32.635140034751132, -25.772853583767741 ], [ 32.635117571024814, -25.772853125323408 ], [ 32.635118014010963, -25.772835329854178 ] ] ] } },
{ "type": "Feature", "properties": { "id_original": 0, "id_parcela": 70, "linha": 4, "coluna": 15, "area_m2": 4.4411934923012106, "code": null, "description": null, "edificio": null }, "geometry": { "type": "Polygon", "coordinates": [ [ [ 32.635185405180536, -25.772836705176463 ], [ 32.635207868904168, -25.772837163610298 ], [ 32.635207425931405, -25.772854959079936 ], [ 32.635184962204434, -25.772854500646002 ], [ 32.635185405180536, -25.772836705176463 ] ] ] } },
{ "type": "Feature", "properties": { "id_original": 0, "id_parcela": 73, "linha": 4, "coluna": 18, "area_m2": 4.4411934921476162, "code": null, "description": null, "edificio": null }, "geometry": { "type": "Polygon", "coordinates": [ [ [ 32.635252796352077, -25.772838080467558 ], [ 32.635275260076362, -25.772838538890987 ], [ 32.63527481711364, -25.772856334360938 ], [ 32.635252353386008, -25.772855875937406 ], [ 32.635252796352077, -25.772838080467558 ] ] ] } },
{ "type": "Feature", "properties": { "id_original": 0, "id_parcela": 81, "linha": 5, "coluna": 3, "area_m2": 4.4411934902033208, "code": null, "description": null, "edificio": null }, "geometry": { "type": "Polygon", "coordinates": [ [ [ 32.634916283530139, -25.772813408231862 ], [ 32.634938747247801, -25.772813866707178 ], [ 32.634938304235042, -25.772831662175616 ], [ 32.634915840514033, -25.772831203700196 ], [ 32.634916283530139, -25.772813408231862 ] ] ] } },
{ "type": "Feature", "properties": { "id_original": 0, "id_parcela": 84, "linha": 5, "coluna": 6, "area_m2": 4.4411934900860119, "code": null, "description": null, "edificio": null }, "geometry": { "type": "Polygon", "coordinates": [ [ [ 32.634983674683774, -25.772814783647409 ], [ 32.63500613840209, -25.772815242112333 ], [ 32.635005695399379, -25.772833037581073 ], [ 32.634983231677708, -25.772832579116049 ], [ 32.634983674683774, -25.772814783647409 ] ] ] } },
{ "type": "Feature", "properties": { "id_original": 0, "id_parcela": 87, "linha": 5, "coluna": 9, "area_m2": 4.4411934901670351, "code": null, "description": null, "edificio": null }, "geometry": { "type": "Polygon", "coordinates": [ [ [ 32.635051065839377, -25.772816159031763 ], [ 32.635073529558348, -25.772816617486278 ], [ 32.635073086565676, -25.772834412955334 ], [ 32.635050622843352, -25.772833954500715 ], [ 32.635051065839377, -25.772816159031763 ] ] ] } },
{ "type": "Feature", "properties": { "id_original": 0, "id_parcela": 90, "linha": 5, "coluna": 12, "area_m2": 4.4411934900860119, "code": null, "description": null, "edificio": null }, "geometry": { "type": "Polygon", "coordinates": [ [ [ 32.635118456996942, -25.772817534384917 ], [ 32.635140920716573, -25.772817992829044 ], [ 32.635140477733934, -25.772835788298408 ], [ 32.635118014010963, -25.772835329854178 ], [ 32.635118456996942, -25.772817534384917 ] ] ] } },
{ "type": "Feature", "properties": { "id_original": 0, "id_parcela": 93, "linha": 5, "coluna": 15, "area_m2": 4.4411934900860119, "code": null, "description": null, "edificio": null }, "geometry": { "type": "Polygon", "coordinates": [ [ [ 32.635185848156482, -25.772818909706892 ], [ 32.63520831187676, -25.772819368140617 ], [ 32.635207868904168, -25.772837163610298 ], [ 32.635185405180536, -25.772836705176463 ], [ 32.635185848156482, -25.772818909706892 ] ] ] } },
{ "type": "Feature", "properties": { "id_original": 0, "id_parcela": 96, "linha": 5, "coluna": 18, "area_m2": 4.4411934900549106, "code": null, "description": null, "edificio": null }, "geometry": { "type": "Polygon", "coordinates": [ [ [ 32.635253239317976, -25.772820284997668 ], [ 32.635275703038914, -25.772820743420997 ], [ 32.635275260076362, -25.772838538890987 ], [ 32.635252796352077, -25.772838080467558 ], [ 32.635253239317976, -25.772820284997668 ] ] ] } },
{ "type": "Feature", "properties": { "id_original": 0, "id_parcela": 104, "linha": 6, "coluna": 3, "area_m2": 4.4411934923012115, "code": null, "description": null, "edificio": null }, "geometry": { "type": "Polygon", "coordinates": [ [ [ 32.634916726546074, -25.772795612763471 ], [ 32.63493919026039, -25.772796071238687 ], [ 32.634938747247801, -25.772813866707178 ], [ 32.634916283530139, -25.772813408231862 ], [ 32.634916726546074, -25.772795612763471 ] ] ] } },
{ "type": "Feature", "properties": { "id_original": 0, "id_parcela": 107, "linha": 6, "coluna": 6, "area_m2": 4.4411934921890861, "code": null, "description": null, "edificio": null }, "geometry": { "type": "Polygon", "coordinates": [ [ [ 32.634984117689669, -25.772796988178712 ], [ 32.635006581404646, -25.772797446643523 ], [ 32.63500613840209, -25.772815242112333 ], [ 32.634983674683774, -25.772814783647409 ], [ 32.634984117689669, -25.772796988178712 ] ] ] } },
{ "type": "Feature", "properties": { "id_original": 0, "id_parcela": 110, "linha": 6, "coluna": 9, "area_m2": 4.441193492264925, "code": null, "description": null, "edificio": null }, "geometry": { "type": "Polygon", "coordinates": [ [ [ 32.635051508835232, -25.772798363562753 ], [ 32.635073972550856, -25.772798822017162 ], [ 32.635073529558348, -25.772816617486278 ], [ 32.635051065839377, -25.772816159031763 ], [ 32.635051508835232, -25.772798363562753 ] ] ] } },
{ "type": "Feature", "properties": { "id_original": 0, "id_parcela": 113, "linha": 6, "coluna": 12, "area_m2": 4.4411934921890861, "code": null, "description": null, "edificio": null }, "geometry": { "type": "Polygon", "coordinates": [ [ [ 32.635118899982764, -25.772799738915602 ], [ 32.635141363699042, -25.772800197359619 ], [ 32.635140920716573, -25.772817992829044 ], [ 32.635118456996942, -25.772817534384917 ], [ 32.635118899982764, -25.772799738915602 ] ] ] } },
{ "type": "Feature", "properties": { "id_original": 0, "id_parcela": 116, "linha": 6, "coluna": 15, "area_m2": 4.4411934921890861, "code": null, "description": null, "edificio": null }, "geometry": { "type": "Polygon", "coordinates": [ [ [ 32.635186291132257, -25.772801114237261 ], [ 32.635208754849188, -25.772801572670883 ], [ 32.63520831187676, -25.772819368140617 ], [ 32.635185848156482, -25.772818909706892 ], [ 32.635186291132257, -25.772801114237261 ] ] ] } },
{ "type": "Feature", "properties": { "id_original": 0, "id_parcela": 119, "linha": 6, "coluna": 18, "area_m2": 4.4411934921476162, "code": null, "description": null, "edificio": null }, "geometry": { "type": "Polygon", "coordinates": [ [ [ 32.635253682283711, -25.772802489527731 ], [ 32.635276146001296, -25.772802947950954 ], [ 32.635275703038914, -25.772820743420997 ], [ 32.635253239317976, -25.772820284997668 ], [ 32.635253682283711, -25.772802489527731 ] ] ] } },
{ "type": "Feature", "properties": { "id_original": 0, "id_parcela": 196, "linha": 10, "coluna": 3, "area_m2": 4.4411934923012115, "code": null, "description": null, "edificio": null }, "geometry": { "type": "Polygon", "coordinates": [ [ [ 32.634918498608158, -25.772724430889468 ], [ 32.634940962309081, -25.77272488936427 ], [ 32.63494051929716, -25.772742684832942 ], [ 32.634918055592891, -25.772742226358041 ], [ 32.634918498608158, -25.772724430889468 ] ] ] } },
{ "type": "Feature", "properties": { "id_original": 0, "id_parcela": 199, "linha": 10, "coluna": 6, "area_m2": 4.4411934921839018, "code": null, "description": null, "edificio": null }, "geometry": { "type": "Polygon", "coordinates": [ [ [ 32.634985889711587, -25.772725806303459 ], [ 32.635008353413163, -25.772726264767861 ], [ 32.635007910411289, -25.772744060236846 ], [ 32.634985446706359, -25.772743601772337 ], [ 32.634985889711587, -25.772725806303459 ] ] ] } },
{ "type": "Feature", "properties": { "id_original": 0, "id_parcela": 202, "linha": 10, "coluna": 9, "area_m2": 4.441193492264925, "code": null, "description": null, "edificio": null }, "geometry": { "type": "Polygon", "coordinates": [ [ [ 32.635053280816983, -25.77272718168626 ], [ 32.63507574451922, -25.772727640140264 ], [ 32.63507530152738, -25.772745435609561 ], [ 32.635052837821796, -25.772744977155462 ], [ 32.635053280816983, -25.77272718168626 ] ] ] } },
{ "type": "Feature", "properties": { "id_original": 0, "id_parcela": 205, "linha": 10, "coluna": 12, "area_m2": 4.4411934921890861, "code": null, "description": null, "edificio": null }, "geometry": { "type": "Polygon", "coordinates": [ [ [ 32.635120671924348, -25.772728557037862 ], [ 32.635143135627239, -25.772729015481474 ], [ 32.635142692645438, -25.772746810951084 ], [ 32.635120228939208, -25.772746352507369 ], [ 32.635120671924348, -25.772728557037862 ] ] ] } },
{ "type": "Feature", "properties": { "id_original": 0, "id_parcela": 208, "linha": 10, "coluna": 15, "area_m2": 4.4411934923012106, "code": null, "description": null, "edificio": null }, "geometry": { "type": "Polygon", "coordinates": [ [ [ 32.635188063033674, -25.772729932358288 ], [ 32.635210526737225, -25.772730390791494 ], [ 32.635210083765465, -25.772748186261417 ], [ 32.635187620058566, -25.772747727828097 ], [ 32.635188063033674, -25.772729932358288 ] ] ] } },
{ "type": "Feature", "properties": { "id_original": 0, "id_parcela": 211, "linha": 10, "coluna": 18, "area_m2": 4.4411934921476162, "code": null, "description": null, "edificio": null }, "geometry": { "type": "Polygon", "coordinates": [ [ [ 32.635255454144968, -25.772731307647518 ], [ 32.635277917849173, -25.772731766070326 ], [ 32.635277474887452, -25.77274956154055 ], [ 32.635255011179908, -25.772749103117636 ], [ 32.635255454144968, -25.772731307647518 ] ] ] } },
{ "type": "Feature", "properties": { "id_original": 0, "id_parcela": 219, "linha": 11, "coluna": 3, "area_m2": 4.4411934902033208, "code": null, "description": null, "edificio": null }, "geometry": { "type": "Polygon", "coordinates": [ [ [ 32.634918941623255, -25.772706635420857 ], [ 32.634941405320838, -25.772707093895555 ], [ 32.634940962309081, -25.77272488936427 ], [ 32.634918498608158, -25.772724430889468 ], [ 32.634918941623255, -25.772706635420857 ] ] ] } },
{ "type": "Feature", "properties": { "id_original": 0, "id_parcela": 222, "linha": 11, "coluna": 6, "area_m2": 4.4411934900911954, "code": null, "description": null, "edificio": null }, "geometry": { "type": "Polygon", "coordinates": [ [ [ 32.63498633271665, -25.772708010834538 ], [ 32.635008796414887, -25.772708469298845 ], [ 32.635008353413163, -25.772726264767861 ], [ 32.634985889711587, -25.772725806303459 ], [ 32.63498633271665, -25.772708010834538 ] ] ] } },
{ "type": "Feature", "properties": { "id_original": 0, "id_parcela": 225, "linha": 11, "coluna": 9, "area_m2": 4.4411934901670351, "code": null, "description": null, "edificio": null }, "geometry": { "type": "Polygon", "coordinates": [ [ [ 32.635053723812007, -25.772709386217031 ], [ 32.63507618751089, -25.772709844670921 ], [ 32.63507574451922, -25.772727640140264 ], [ 32.635053280816983, -25.77272718168626 ], [ 32.635053723812007, -25.772709386217031 ] ] ] } },
{ "type": "Feature", "properties": { "id_original": 0, "id_parcela": 228, "linha": 11, "coluna": 12, "area_m2": 4.4411934900860119, "code": null, "description": null, "edificio": null }, "geometry": { "type": "Polygon", "coordinates": [ [ [ 32.635121114909325, -25.772710761568323 ], [ 32.635143578608876, -25.772711220011828 ], [ 32.635143135627239, -25.772729015481474 ], [ 32.635120671924348, -25.772728557037862 ], [ 32.635121114909325, -25.772710761568323 ] ] ] } },
{ "type": "Feature", "properties": { "id_original": 0, "id_parcela": 231, "linha": 11, "coluna": 15, "area_m2": 4.4411934902033208, "code": null, "description": null, "edificio": null }, "geometry": { "type": "Polygon", "coordinates": [ [ [ 32.635188506008618, -25.772712136888437 ], [ 32.635210969708808, -25.772712595321547 ], [ 32.635210526737225, -25.772730390791494 ], [ 32.635188063033674, -25.772729932358288 ], [ 32.635188506008618, -25.772712136888437 ] ] ] } },
{ "type": "Feature", "properties": { "id_original": 0, "id_parcela": 234, "linha": 11, "coluna": 18, "area_m2": 4.4411934900549106, "code": null, "description": null, "edificio": null }, "geometry": { "type": "Polygon", "coordinates": [ [ [ 32.635255897109865, -25.772713512177354 ], [ 32.635278360810723, -25.772713970600059 ], [ 32.635277917849173, -25.772731766070326 ], [ 32.635255454144968, -25.772731307647518 ], [ 32.635255897109865, -25.772713512177354 ] ] ] } },
{ "type": "Feature", "properties": { "id_original": 0, "id_parcela": 242, "linha": 12, "coluna": 3, "area_m2": 4.4411934923012115, "code": null, "description": null, "edificio": null }, "geometry": { "type": "Polygon", "coordinates": [ [ [ 32.634919384638195, -25.772688839952192 ], [ 32.634941848332424, -25.772689298426783 ], [ 32.634941405320838, -25.772707093895555 ], [ 32.634918941623255, -25.772706635420857 ], [ 32.634919384638195, -25.772688839952192 ] ] ] } },
{ "type": "Feature", "properties": { "id_original": 0, "id_parcela": 245, "linha": 12, "coluna": 6, "area_m2": 4.4411934921839018, "code": null, "description": null, "edificio": null }, "geometry": { "type": "Polygon", "coordinates": [ [ [ 32.634986775721543, -25.772690215365557 ], [ 32.635009239416426, -25.772690673829761 ], [ 32.635008796414887, -25.772708469298845 ], [ 32.63498633271665, -25.772708010834538 ], [ 32.634986775721543, -25.772690215365557 ] ] ] } },
{ "type": "Feature", "properties": { "id_original": 0, "id_parcela": 248, "linha": 12, "coluna": 9, "area_m2": 4.441193492264925, "code": null, "description": null, "edificio": null }, "geometry": { "type": "Polygon", "coordinates": [ [ [ 32.63505416680686, -25.772691590747744 ], [ 32.635076630502397, -25.772692049201535 ], [ 32.63507618751089, -25.772709844670921 ], [ 32.635053723812007, -25.772709386217031 ], [ 32.63505416680686, -25.772691590747744 ] ] ] } },
{ "type": "Feature", "properties": { "id_original": 0, "id_parcela": 251, "linha": 12, "coluna": 12, "area_m2": 4.4411934921890861, "code": null, "description": null, "edificio": null }, "geometry": { "type": "Polygon", "coordinates": [ [ [ 32.635121557894138, -25.772692966098724 ], [ 32.635144021590335, -25.772693424542126 ], [ 32.635143578608876, -25.772711220011828 ], [ 32.635121114909325, -25.772710761568323 ], [ 32.635121557894138, -25.772692966098724 ] ] ] } },
{ "type": "Feature", "properties": { "id_original": 0, "id_parcela": 254, "linha": 12, "coluna": 15, "area_m2": 4.4411934923012106, "code": null, "description": null, "edificio": null }, "geometry": { "type": "Polygon", "coordinates": [ [ [ 32.635188948983384, -25.772694341418525 ], [ 32.635211412680235, -25.772694799851536 ], [ 32.635210969708808, -25.772712595321547 ], [ 32.635188506008618, -25.772712136888437 ], [ 32.635188948983384, -25.772694341418525 ] ] ] } },
{ "type": "Feature", "properties": { "id_original": 0, "id_parcela": 257, "linha": 12, "coluna": 18, "area_m2": 4.4411934921476162, "code": null, "description": null, "edificio": null }, "geometry": { "type": "Polygon", "coordinates": [ [ [ 32.635256340074598, -25.772695716707137 ], [ 32.635278803772103, -25.772696175129735 ], [ 32.635278360810723, -25.772713970600059 ], [ 32.635255897109865, -25.772713512177354 ], [ 32.635256340074598, -25.772695716707137 ] ] ] } },
{ "type": "Feature", "properties": { "id_original": 0, "id_parcela": 265, "linha": 13, "coluna": 3, "area_m2": 4.4411934923012106, "code": null, "description": null, "edificio": null }, "geometry": { "type": "Polygon", "coordinates": [ [ [ 32.634919827652965, -25.772671044483477 ], [ 32.634942291343847, -25.772671502957969 ], [ 32.634941848332424, -25.772689298426783 ], [ 32.634919384638195, -25.772688839952192 ], [ 32.634919827652965, -25.772671044483477 ] ] ] } },
{ "type": "Feature", "properties": { "id_original": 0, "id_parcela": 268, "linha": 13, "coluna": 6, "area_m2": 4.4411934921890861, "code": null, "description": null, "edificio": null }, "geometry": { "type": "Polygon", "coordinates": [ [ [ 32.634987218726273, -25.772672419896541 ], [ 32.63500968241781, -25.77267287836063 ], [ 32.635009239416426, -25.772690673829761 ], [ 32.634986775721543, -25.772690215365557 ], [ 32.634987218726273, -25.772672419896541 ] ] ] } },
{ "type": "Feature", "properties": { "id_original": 0, "id_parcela": 271, "linha": 13, "coluna": 9, "area_m2": 4.441193492264925, "code": null, "description": null, "edificio": null }, "geometry": { "type": "Polygon", "coordinates": [ [ [ 32.635054609801543, -25.772673795278411 ], [ 32.63507707349374, -25.772674253732095 ], [ 32.635076630502397, -25.772692049201535 ], [ 32.63505416680686, -25.772691590747744 ], [ 32.635054609801543, -25.772673795278411 ] ] ] } },
{ "type": "Feature", "properties": { "id_original": 0, "id_parcela": 274, "linha": 13, "coluna": 12, "area_m2": 4.4411934921890861, "code": null, "description": null, "edificio": null }, "geometry": { "type": "Polygon", "coordinates": [ [ [ 32.635122000878788, -25.772675170629086 ], [ 32.635144464571631, -25.772675629072385 ], [ 32.635144021590335, -25.772693424542126 ], [ 32.635121557894138, -25.772692966098724 ], [ 32.635122000878788, -25.772675170629086 ] ] ] } },
{ "type": "Feature", "properties": { "id_original": 0, "id_parcela": 277, "linha": 13, "coluna": 15, "area_m2": 4.4411934923012115, "code": null, "description": null, "edificio": null }, "geometry": { "type": "Polygon", "coordinates": [ [ [ 32.635189391957987, -25.772676545948578 ], [ 32.635211855651491, -25.772677004381471 ], [ 32.635211412680235, -25.772694799851536 ], [ 32.635188948983384, -25.772694341418525 ], [ 32.635189391957987, -25.772676545948578 ] ] ] } },
{ "type": "Feature", "properties": { "id_original": 0, "id_parcela": 280, "linha": 13, "coluna": 18, "area_m2": 4.4411934921527996, "code": null, "description": null, "edificio": null }, "geometry": { "type": "Polygon", "coordinates": [ [ [ 32.635256783039161, -25.77267792123687 ], [ 32.635279246733319, -25.772678379659368 ], [ 32.635278803772103, -25.772696175129735 ], [ 32.635256340074598, -25.772695716707137 ], [ 32.635256783039161, -25.77267792123687 ] ] ] } },
{ "type": "Feature", "properties": { "id_original": 0, "id_parcela": 354, "linha": 17, "coluna": 3, "area_m2": 4.4411934923012106, "code": null, "description": null, "edificio": null }, "geometry": { "type": "Polygon", "coordinates": [ [ [ 32.634921599710367, -25.772599862608185 ], [ 32.634944063387856, -25.772600321082258 ], [ 32.634943620377101, -25.772618116551261 ], [ 32.634921156696258, -25.772617658077078 ], [ 32.634921599710367, -25.772599862608185 ] ] ] } },
{ "type": "Feature", "properties": { "id_original": 0, "id_parcela": 357, "linha": 17, "coluna": 6, "area_m2": 4.4411934921839018, "code": null, "description": null, "edificio": null }, "geometry": { "type": "Polygon", "coordinates": [ [ [ 32.634988990743501, -25.772601238020002 ], [ 32.635011454421658, -25.772601696483679 ], [ 32.635011011420943, -25.772619491952987 ], [ 32.634988547739447, -25.772619033489207 ], [ 32.634988990743501, -25.772601238020002 ] ] ] } },
{ "type": "Feature", "properties": { "id_original": 0, "id_parcela": 360, "linha": 17, "coluna": 9, "area_m2": 4.441193492264925, "code": null, "description": null, "edificio": null }, "geometry": { "type": "Polygon", "coordinates": [ [ [ 32.635056381778618, -25.772602613400629 ], [ 32.635078845457421, -25.772603071853901 ], [ 32.635078402466753, -25.772620867323525 ], [ 32.635055938784603, -25.772620408870146 ], [ 32.635056381778618, -25.772602613400629 ] ] ] } },
{ "type": "Feature", "properties": { "id_original": 0, "id_parcela": 363, "linha": 17, "coluna": 12, "area_m2": 4.4411934921890861, "code": null, "description": null, "edificio": null }, "geometry": { "type": "Polygon", "coordinates": [ [ [ 32.635123772815696, -25.772603988750056 ], [ 32.635146236495153, -25.772604447192947 ], [ 32.635145793514525, -25.772622242662873 ], [ 32.635123329831714, -25.772621784219886 ], [ 32.635123772815696, -25.772603988750056 ] ] ] } },
{ "type": "Feature", "properties": { "id_original": 0, "id_parcela": 366, "linha": 17, "coluna": 15, "area_m2": 4.4411934924133361, "code": null, "description": null, "edificio": null }, "geometry": { "type": "Polygon", "coordinates": [ [ [ 32.635191163854735, -25.772605364068305 ], [ 32.635213627534853, -25.772605822500797 ], [ 32.635213184564265, -25.772623617971036 ], [ 32.6351907208808, -25.772623159538444 ], [ 32.635191163854735, -25.772605364068305 ] ] ] } },
{ "type": "Feature", "properties": { "id_original": 0, "id_parcela": 369, "linha": 17, "coluna": 18, "area_m2": 4.4411934921527996, "code": null, "description": null, "edificio": null }, "geometry": { "type": "Polygon", "coordinates": [ [ [ 32.635258554895742, -25.772606739355364 ], [ 32.635281018576514, -25.772607197777447 ], [ 32.635280575615965, -25.772624993248002 ], [ 32.635258111931847, -25.772624534825816 ], [ 32.635258554895742, -25.772606739355364 ] ] ] } },
{ "type": "Feature", "properties": { "id_original": 0, "id_parcela": 376, "linha": 18, "coluna": 3, "area_m2": 4.4411934900911954, "code": null, "description": null, "edificio": null }, "geometry": { "type": "Polygon", "coordinates": [ [ [ 32.634922042724291, -25.77258206713925 ], [ 32.634944506398448, -25.772582525613217 ], [ 32.634944063387856, -25.772600321082258 ], [ 32.634921599710367, -25.772599862608185 ], [ 32.634922042724291, -25.77258206713925 ] ] ] } },
{ "type": "Feature", "properties": { "id_original": 0, "id_parcela": 379, "linha": 18, "coluna": 6, "area_m2": 4.4411934900860119, "code": null, "description": null, "edificio": null }, "geometry": { "type": "Polygon", "coordinates": [ [ [ 32.634989433747393, -25.772583442550754 ], [ 32.635011897422203, -25.772583901014325 ], [ 32.635011454421658, -25.772601696483679 ], [ 32.634988990743501, -25.772601238020002 ], [ 32.634989433747393, -25.772583442550754 ] ] ] } },
{ "type": "Feature", "properties": { "id_original": 0, "id_parcela": 382, "linha": 18, "coluna": 9, "area_m2": 4.4411934900549106, "code": null, "description": null, "edificio": null }, "geometry": { "type": "Polygon", "coordinates": [ [ [ 32.635056824772469, -25.772584817931072 ], [ 32.635079288447926, -25.772585276384248 ], [ 32.635078845457421, -25.772603071853901 ], [ 32.635056381778618, -25.772602613400629 ], [ 32.635056824772469, -25.772584817931072 ] ] ] } },
{ "type": "Feature", "properties": { "id_original": 0, "id_parcela": 385, "linha": 18, "coluna": 12, "area_m2": 4.4411934900860119, "code": null, "description": null, "edificio": null }, "geometry": { "type": "Polygon", "coordinates": [ [ [ 32.6351242157995, -25.772586193280198 ], [ 32.635146679475618, -25.772586651722978 ], [ 32.635146236495153, -25.772604447192947 ], [ 32.635123772815696, -25.772603988750056 ], [ 32.6351242157995, -25.772586193280198 ] ] ] } },
{ "type": "Feature", "properties": { "id_original": 0, "id_parcela": 388, "linha": 18, "coluna": 15, "area_m2": 4.4411934902033208, "code": null, "description": null, "edificio": null }, "geometry": { "type": "Polygon", "coordinates": [ [ [ 32.635191606828499, -25.772587568598137 ], [ 32.63521407050527, -25.772588027030519 ], [ 32.635213627534853, -25.772605822500797 ], [ 32.635191163854735, -25.772605364068305 ], [ 32.635191606828499, -25.772587568598137 ] ] ] } },
{ "type": "Feature", "properties": { "id_original": 0, "id_parcela": 391, "linha": 18, "coluna": 18, "area_m2": 4.4411934900549106, "code": null, "description": null, "edificio": null }, "geometry": { "type": "Polygon", "coordinates": [ [ [ 32.635258997859466, -25.772588943884877 ], [ 32.635281461536891, -25.772589402306856 ], [ 32.635281018576514, -25.772607197777447 ], [ 32.635258554895742, -25.772606739355364 ], [ 32.635258997859466, -25.772588943884877 ] ] ] } },
{ "type": "Feature", "properties": { "id_original": 0, "id_parcela": 398, "linha": 19, "coluna": 3, "area_m2": 4.4411934923012115, "code": null, "description": null, "edificio": null }, "geometry": { "type": "Polygon", "coordinates": [ [ [ 32.634922485738059, -25.772564271670259 ], [ 32.634944949408862, -25.772564730144129 ], [ 32.634944506398448, -25.772582525613217 ], [ 32.634922042724291, -25.77258206713925 ], [ 32.634922485738059, -25.772564271670259 ] ] ] } },
{ "type": "Feature", "properties": { "id_original": 0, "id_parcela": 401, "linha": 19, "coluna": 6, "area_m2": 4.4411934921890861, "code": null, "description": null, "edificio": null }, "geometry": { "type": "Polygon", "coordinates": [ [ [ 32.634989876751121, -25.772565647081461 ], [ 32.635012340422584, -25.772566105544932 ], [ 32.635011897422203, -25.772583901014325 ], [ 32.634989433747393, -25.772583442550754 ], [ 32.634989876751121, -25.772565647081461 ] ] ] } },
{ "type": "Feature", "properties": { "id_original": 0, "id_parcela": 404, "linha": 19, "coluna": 9, "area_m2": 4.441193492264925, "code": null, "description": null, "edificio": null }, "geometry": { "type": "Polygon", "coordinates": [ [ [ 32.63505726776615, -25.77256702246147 ], [ 32.63507973143826, -25.772567480914532 ], [ 32.635079288447926, -25.772585276384248 ], [ 32.635056824772469, -25.772584817931072 ], [ 32.63505726776615, -25.77256702246147 ] ] ] } },
{ "type": "Feature", "properties": { "id_original": 0, "id_parcela": 407, "linha": 19, "coluna": 12, "area_m2": 4.4411934921839018, "code": null, "description": null, "edificio": null }, "geometry": { "type": "Polygon", "coordinates": [ [ [ 32.635124658783148, -25.772568397810279 ], [ 32.635147122455912, -25.772568856252949 ], [ 32.635146679475618, -25.772586651722978 ], [ 32.6351242157995, -25.772586193280198 ], [ 32.635124658783148, -25.772568397810279 ] ] ] } },
{ "type": "Feature", "properties": { "id_original": 0, "id_parcela": 410, "linha": 19, "coluna": 15, "area_m2": 4.4411934921890861, "code": null, "description": null, "edificio": null }, "geometry": { "type": "Polygon", "coordinates": [ [ [ 32.6351920498021, -25.772569773127902 ], [ 32.635214513475525, -25.772570231560177 ], [ 32.63521407050527, -25.772588027030519 ], [ 32.635191606828499, -25.772587568598137 ], [ 32.6351920498021, -25.772569773127902 ] ] ] } },
{ "type": "Feature", "properties": { "id_original": 0, "id_parcela": 413, "linha": 19, "coluna": 18, "area_m2": 4.4411934921476162, "code": null, "description": null, "edificio": null }, "geometry": { "type": "Polygon", "coordinates": [ [ [ 32.635259440823027, -25.772571148414336 ], [ 32.635281904497106, -25.772571606836216 ], [ 32.635281461536891, -25.772589402306856 ], [ 32.635258997859466, -25.772588943884877 ], [ 32.635259440823027, -25.772571148414336 ] ] ] } },
{ "type": "Feature", "properties": { "id_original": 0, "id_parcela": 420, "linha": 20, "coluna": 3, "area_m2": 4.4411934924133361, "code": null, "description": null, "edificio": null }, "geometry": { "type": "Polygon", "coordinates": [ [ [ 32.634922928751656, -25.772546476201228 ], [ 32.634945392419112, -25.772546934674988 ], [ 32.634944949408862, -25.772564730144129 ], [ 32.634922485738059, -25.772564271670259 ], [ 32.634922928751656, -25.772546476201228 ] ] ] } },
{ "type": "Feature", "properties": { "id_original": 0, "id_parcela": 423, "linha": 20, "coluna": 6, "area_m2": 4.4411934921890861, "code": null, "description": null, "edificio": null }, "geometry": { "type": "Polygon", "coordinates": [ [ [ 32.634990319754678, -25.77254785161211 ], [ 32.635012783422788, -25.772548310075482 ], [ 32.635012340422584, -25.772566105544932 ], [ 32.634989876751121, -25.772565647081461 ], [ 32.634990319754678, -25.77254785161211 ] ] ] } },
{ "type": "Feature", "properties": { "id_original": 0, "id_parcela": 426, "linha": 20, "coluna": 9, "area_m2": 4.4411934923770504, "code": null, "description": null, "edificio": null }, "geometry": { "type": "Polygon", "coordinates": [ [ [ 32.635057710759661, -25.772549226991813 ], [ 32.635080174428431, -25.772549685444769 ], [ 32.63507973143826, -25.772567480914532 ], [ 32.63505726776615, -25.77256702246147 ], [ 32.635057710759661, -25.772549226991813 ] ] ] } },
{ "type": "Feature", "properties": { "id_original": 0, "id_parcela": 429, "linha": 20, "coluna": 12, "area_m2": 4.4411934921890861, "code": null, "description": null, "edificio": null }, "geometry": { "type": "Polygon", "coordinates": [ [ [ 32.635125101766619, -25.77255060234031 ], [ 32.635147565436043, -25.772551060782881 ], [ 32.635147122455912, -25.772568856252949 ], [ 32.635124658783148, -25.772568397810279 ], [ 32.635125101766619, -25.77255060234031 ] ] ] } },
{ "type": "Feature", "properties": { "id_original": 0, "id_parcela": 432, "linha": 20, "coluna": 15, "area_m2": 4.4411934923012115, "code": null, "description": null, "edificio": null }, "geometry": { "type": "Polygon", "coordinates": [ [ [ 32.635192492775538, -25.772551977657628 ], [ 32.635214956445616, -25.7725524360898 ], [ 32.635214513475525, -25.772570231560177 ], [ 32.6351920498021, -25.772569773127902 ], [ 32.635192492775538, -25.772551977657628 ] ] ] } },
{ "type": "Feature", "properties": { "id_original": 0, "id_parcela": 435, "linha": 20, "coluna": 18, "area_m2": 4.4411934921476162, "code": null, "description": null, "edificio": null }, "geometry": { "type": "Polygon", "coordinates": [ [ [ 32.635259883786425, -25.772553352943753 ], [ 32.635282347457149, -25.772553811365526 ], [ 32.635281904497106, -25.772571606836216 ], [ 32.635259440823027, -25.772571148414336 ], [ 32.635259883786425, -25.772553352943753 ] ] ] } },
{ "type": "Feature", "properties": { "id_original": 4, "id_parcela": 704, "linha": 3, "coluna": 2, "area_m2": 10.763000038866648, "code": null, "description": null, "edificio": null }, "geometry": { "type": "Polygon", "coordinates": [ [ [ 32.636168160940755, -25.771537180577333 ], [ 32.636201802498874, -25.771537086404063 ], [ 32.63623544405705, -25.771536992223023 ], [ 32.6362355424424, -25.771565803372432 ], [ 32.636201900876102, -25.771565897553426 ], [ 32.636168259309848, -25.771565991726629 ], [ 32.636168160940755, -25.771537180577333 ] ] ] } },
{ "type": "Feature", "properties": { "id_original": 4, "id_parcela": 649, "linha": 1, "coluna": 1, "area_m2": 10.538881032668643, "code": null, "description": null, "edificio": null }, "geometry": { "type": "Polygon", "coordinates": [ [ [ 32.636269184008746, -25.771565709183676 ], [ 32.636302621335837, -25.771565615559037 ], [ 32.636302710427863, -25.77159396403961 ], [ 32.636269281084019, -25.771594134354505 ], [ 32.636269184008746, -25.771565709183676 ] ] ] } },
{ "type": "Feature", "properties": { "id_original": 4, "id_parcela": 650, "linha": 1, "coluna": 2, "area_m2": 10.698914019168775, "code": null, "description": null, "edificio": null }, "geometry": { "type": "Polygon", "coordinates": [ [ [ 32.636269184008746, -25.771565709183676 ], [ 32.636269085615275, -25.771536898034185 ], [ 32.636302530789642, -25.77153680438748 ], [ 32.636302621335837, -25.771565615559037 ], [ 32.636269184008746, -25.771565709183676 ] ] ] } },
{ "type": "Feature", "properties": { "id_original": 4, "id_parcela": 651, "linha": 1, "coluna": 3, "area_m2": 10.701427198080889, "code": null, "description": null, "edificio": null }, "geometry": { "type": "Polygon", "coordinates": [ [ [ 32.636269085615275, -25.771536898034185 ], [ 32.636268987221747, -25.77150808688458 ], [ 32.636302440243398, -25.771507993215817 ], [ 32.636302530789642, -25.77153680438748 ], [ 32.636269085615275, -25.771536898034185 ] ] ] } },
{ "type": "Feature", "properties": { "id_original": 4, "id_parcela": 652, "linha": 1, "coluna": 4, "area_m2": 10.703940375223745, "code": null, "description": null, "edificio": null }, "geometry": { "type": "Polygon", "coordinates": [ [ [ 32.636268987221747, -25.77150808688458 ], [ 32.636268888828184, -25.771479275734873 ], [ 32.636302349697118, -25.771479182044054 ], [ 32.636302440243398, -25.771507993215817 ], [ 32.636268987221747, -25.77150808688458 ] ] ] } },
{ "type": "Feature", "properties": { "id_original": 4, "id_parcela": 653, "linha": 1, "coluna": 5, "area_m2": 10.706453554195559, "code": null, "description": null, "edificio": null }, "geometry": { "type": "Polygon", "coordinates": [ [ [ 32.636268888828184, -25.771479275734873 ], [ 32.636268790434578, -25.77145046458504 ], [ 32.63630225915076, -25.771450370872156 ], [ 32.636302349697118, -25.771479182044054 ], [ 32.636268888828184, -25.771479275734873 ] ] ] } },
{ "type": "Feature", "properties": { "id_original": 4, "id_parcela": 654, "linha": 1, "coluna": 6, "area_m2": 10.708966727191426, "code": null, "description": null, "edificio": null }, "geometry": { "type": "Polygon", "coordinates": [ [ [ 32.636268790434578, -25.77145046458504 ], [ 32.636268692040943, -25.771421653435091 ], [ 32.636302168604395, -25.771421559700151 ], [ 32.63630225915076, -25.771450370872156 ], [ 32.636268790434578, -25.77145046458504 ] ] ] } },
{ "type": "Feature", "properties": { "id_original": 4, "id_parcela": 655, "linha": 1, "coluna": 7, "area_m2": 10.711479908502284, "code": null, "description": null, "edificio": null }, "geometry": { "type": "Polygon", "coordinates": [ [ [ 32.636268692040943, -25.771421653435091 ], [ 32.636268593647245, -25.771392842285039 ], [ 32.636302078057959, -25.771392748528026 ], [ 32.636302168604395, -25.771421559700151 ], [ 32.636268692040943, -25.771421653435091 ] ] ] } },
{ "type": "Feature", "properties": { "id_original": 4, "id_parcela": 656, "linha": 1, "coluna": 8, "area_m2": 10.713993083802627, "code": null, "description": null, "edificio": null }, "geometry": { "type": "Polygon", "coordinates": [ [ [ 32.636268593647245, -25.771392842285039 ], [ 32.636268495253503, -25.771364031134858 ], [ 32.63630198751148, -25.771363937355801 ], [ 32.636302078057959, -25.771392748528026 ], [ 32.636268593647245, -25.771392842285039 ] ] ] } },
{ "type": "Feature", "properties": { "id_original": 4, "id_parcela": 657, "linha": 1, "coluna": 9, "area_m2": 10.716506260934588, "code": null, "description": null, "edificio": null }, "geometry": { "type": "Polygon", "coordinates": [ [ [ 32.636268495253503, -25.771364031134858 ], [ 32.636268396859712, -25.771335219984582 ], [ 32.636301896964937, -25.771335126183441 ], [ 32.63630198751148, -25.771363937355801 ], [ 32.636268495253503, -25.771364031134858 ] ] ] } },
{ "type": "Feature", "properties": { "id_original": 4, "id_parcela": 658, "linha": 1, "coluna": 10, "area_m2": 10.719019436326541, "code": null, "description": null, "edificio": null }, "geometry": { "type": "Polygon", "coordinates": [ [ [ 32.636268396859712, -25.771335219984582 ], [ 32.636268298465886, -25.771306408834196 ], [ 32.636301806418373, -25.771306315011 ], [ 32.636301896964937, -25.771335126183441 ], [ 32.636268396859712, -25.771335219984582 ] ] ] } },
{ "type": "Feature", "properties": { "id_original": 4, "id_parcela": 659, "linha": 1, "coluna": 11, "area_m2": 10.721532616526472, "code": null, "description": null, "edificio": null }, "geometry": { "type": "Polygon", "coordinates": [ [ [ 32.636268298465886, -25.771306408834196 ], [ 32.636268200072024, -25.771277597683678 ], [ 32.63630171587176, -25.771277503838423 ], [ 32.636301806418373, -25.771306315011 ], [ 32.636268298465886, -25.771306408834196 ] ] ] } },
{ "type": "Feature", "properties": { "id_original": 4, "id_parcela": 660, "linha": 1, "coluna": 12, "area_m2": 10.72404579422469, "code": null, "description": null, "edificio": null }, "geometry": { "type": "Polygon", "coordinates": [ [ [ 32.636268200072024, -25.771277597683678 ], [ 32.636268101678105, -25.771248786533047 ], [ 32.636301625325089, -25.771248692665743 ], [ 32.63630171587176, -25.771277503838423 ], [ 32.636268200072024, -25.771277597683678 ] ] ] } },
{ "type": "Feature", "properties": { "id_original": 4, "id_parcela": 661, "linha": 1, "coluna": 13, "area_m2": 10.726558968297065, "code": null, "description": null, "edificio": null }, "geometry": { "type": "Polygon", "coordinates": [ [ [ 32.636268101678105, -25.771248786533047 ], [ 32.636268003284144, -25.771219975382319 ], [ 32.636301534778362, -25.771219881492943 ], [ 32.636301625325089, -25.771248692665743 ], [ 32.636268101678105, -25.771248786533047 ] ] ] } },
{ "type": "Feature", "properties": { "id_original": 4, "id_parcela": 662, "linha": 1, "coluna": 14, "area_m2": 10.729072146749321, "code": null, "description": null, "edificio": null }, "geometry": { "type": "Polygon", "coordinates": [ [ [ 32.636268003284144, -25.771219975382319 ], [ 32.636267904890147, -25.771191164231457 ], [ 32.636301444231592, -25.771191070320029 ], [ 32.636301534778362, -25.771219881492943 ], [ 32.636268003284144, -25.771219975382319 ] ] ] } },
{ "type": "Feature", "properties": { "id_original": 4, "id_parcela": 663, "linha": 1, "coluna": 15, "area_m2": 10.731585322602974, "code": null, "description": null, "edificio": null }, "geometry": { "type": "Polygon", "coordinates": [ [ [ 32.636267904890147, -25.771191164231457 ], [ 32.6362678064961, -25.771162353080502 ], [ 32.636301353684779, -25.771162259147008 ], [ 32.636301444231592, -25.771191070320029 ], [ 32.636267904890147, -25.771191164231457 ] ] ] } },
{ "type": "Feature", "properties": { "id_original": 4, "id_parcela": 664, "linha": 1, "coluna": 16, "area_m2": 10.734098502838716, "code": null, "description": null, "edificio": null }, "geometry": { "type": "Polygon", "coordinates": [ [ [ 32.6362678064961, -25.771162353080502 ], [ 32.636267708102011, -25.771133541929423 ], [ 32.636301263137931, -25.77113344797386 ], [ 32.636301353684779, -25.771162259147008 ], [ 32.6362678064961, -25.771162353080502 ] ] ] } },
{ "type": "Feature", "properties": { "id_original": 4, "id_parcela": 665, "linha": 1, "coluna": 17, "area_m2": 10.736611678093986, "code": null, "description": null, "edificio": null }, "geometry": { "type": "Polygon", "coordinates": [ [ [ 32.636267708102011, -25.771133541929423 ], [ 32.636267609707879, -25.771104730778234 ], [ 32.636301172591011, -25.771104636800604 ], [ 32.636301263137931, -25.77113344797386 ], [ 32.636267708102011, -25.771133541929423 ] ] ] } },
{ "type": "Feature", "properties": { "id_original": 4, "id_parcela": 666, "linha": 1, "coluna": 18, "area_m2": 10.739124855329639, "code": null, "description": null, "edificio": null }, "geometry": { "type": "Polygon", "coordinates": [ [ [ 32.636267609707879, -25.771104730778234 ], [ 32.636267511313697, -25.771075919626927 ], [ 32.636301082044049, -25.77107582562725 ], [ 32.636301172591011, -25.771104636800604 ], [ 32.636267609707879, -25.771104730778234 ] ] ] } },
{ "type": "Feature", "properties": { "id_original": 4, "id_parcela": 667, "linha": 1, "coluna": 19, "area_m2": 10.741638033027236, "code": null, "description": null, "edificio": null }, "geometry": { "type": "Polygon", "coordinates": [ [ [ 32.636267511313697, -25.771075919626927 ], [ 32.636267412919473, -25.771047108475511 ], [ 32.636300991497045, -25.771047014453767 ], [ 32.636301082044049, -25.77107582562725 ], [ 32.636267511313697, -25.771075919626927 ] ] ] } },
{ "type": "Feature", "properties": { "id_original": 4, "id_parcela": 668, "linha": 1, "coluna": 20, "area_m2": 10.744151209539275, "code": null, "description": null, "edificio": null }, "geometry": { "type": "Polygon", "coordinates": [ [ [ 32.636267412919473, -25.771047108475511 ], [ 32.636267314525199, -25.771018297323977 ], [ 32.636300900949998, -25.771018203280178 ], [ 32.636300991497045, -25.771047014453767 ], [ 32.636267412919473, -25.771047108475511 ] ] ] } },
{ "type": "Feature", "properties": { "id_original": 4, "id_parcela": 669, "linha": 1, "coluna": 21, "area_m2": 10.74666438733448, "code": null, "description": null, "edificio": null }, "geometry": { "type": "Polygon", "coordinates": [ [ [ 32.636267314525199, -25.771018297323977 ], [ 32.636267216130904, -25.770989486172333 ], [ 32.636300810402886, -25.770989392106472 ], [ 32.636300900949998, -25.771018203280178 ], [ 32.636267314525199, -25.771018297323977 ] ] ] } },
{ "type": "Feature", "properties": { "id_original": 4, "id_parcela": 670, "linha": 1, "coluna": 22, "area_m2": 10.749177562063188, "code": null, "description": null, "edificio": null }, "geometry": { "type": "Polygon", "coordinates": [ [ [ 32.636267216130904, -25.770989486172333 ], [ 32.636267117736551, -25.770960675020586 ], [ 32.636300719855747, -25.770960580932652 ], [ 32.636300810402886, -25.770989392106472 ], [ 32.636267216130904, -25.770989486172333 ] ] ] } },
{ "type": "Feature", "properties": { "id_original": 4, "id_parcela": 705, "linha": 3, "coluna": 3, "area_m2": 10.763000038931896, "code": null, "description": null, "edificio": null }, "geometry": { "type": "Polygon", "coordinates": [ [ [ 32.636201802498874, -25.771537086404063 ], [ 32.636201704121603, -25.771508275254586 ], [ 32.636235345671651, -25.771508181073482 ], [ 32.63623544405705, -25.771536992223023 ], [ 32.636201802498874, -25.771537086404063 ] ] ] } },
{ "type": "Feature", "properties": { "id_original": 4, "id_parcela": 706, "linha": 3, "coluna": 4, "area_m2": 10.763000035860738, "code": null, "description": null, "edificio": null }, "geometry": { "type": "Polygon", "coordinates": [ [ [ 32.636201704121603, -25.771508275254586 ], [ 32.63620160574429, -25.771479464105003 ], [ 32.636235247286209, -25.771479369923828 ], [ 32.636235345671651, -25.771508181073482 ], [ 32.636201704121603, -25.771508275254586 ] ] ] } },
{ "type": "Feature", "properties": { "id_original": 4, "id_parcela": 707, "linha": 3, "coluna": 5, "area_m2": 10.763000038931896, "code": null, "description": null, "edificio": null }, "geometry": { "type": "Polygon", "coordinates": [ [ [ 32.63620160574429, -25.771479464105003 ], [ 32.636201507366927, -25.771450652955298 ], [ 32.636235148900724, -25.771450558774067 ], [ 32.636235247286209, -25.771479369923828 ], [ 32.63620160574429, -25.771479464105003 ] ] ] } },
{ "type": "Feature", "properties": { "id_original": 4, "id_parcela": 708, "linha": 3, "coluna": 6, "area_m2": 10.76300003774514, "code": null, "description": null, "edificio": null }, "geometry": { "type": "Polygon", "coordinates": [ [ [ 32.636201507366927, -25.771450652955298 ], [ 32.636201408989535, -25.771421841805495 ], [ 32.636235050515211, -25.771421747624178 ], [ 32.636235148900724, -25.771450558774067 ], [ 32.636201507366927, -25.771450652955298 ] ] ] } },
{ "type": "Feature", "properties": { "id_original": 4, "id_parcela": 709, "linha": 3, "coluna": 7, "area_m2": 10.76300003830594, "code": null, "description": null, "edificio": null }, "geometry": { "type": "Polygon", "coordinates": [ [ [ 32.636201408989535, -25.771421841805495 ], [ 32.63620131061208, -25.77139303065557 ], [ 32.636234952129627, -25.771392936474182 ], [ 32.636235050515211, -25.771421747624178 ], [ 32.636201408989535, -25.771421841805495 ] ] ] } },
{ "type": "Feature", "properties": { "id_original": 4, "id_parcela": 710, "linha": 3, "coluna": 8, "area_m2": 10.76300003830594, "code": null, "description": null, "edificio": null }, "geometry": { "type": "Polygon", "coordinates": [ [ [ 32.63620131061208, -25.77139303065557 ], [ 32.636201212234596, -25.771364219505525 ], [ 32.636234853744014, -25.771364125324084 ], [ 32.636234952129627, -25.771392936474182 ], [ 32.63620131061208, -25.77139303065557 ] ] ] } },
{ "type": "Feature", "properties": { "id_original": 4, "id_parcela": 711, "linha": 3, "coluna": 9, "area_m2": 10.763000037083339, "code": null, "description": null, "edificio": null }, "geometry": { "type": "Polygon", "coordinates": [ [ [ 32.636201212234596, -25.771364219505525 ], [ 32.636201113857055, -25.77133540835537 ], [ 32.636234755358352, -25.771335314173868 ], [ 32.636234853744014, -25.771364125324084 ], [ 32.636201212234596, -25.771364219505525 ] ] ] } },
{ "type": "Feature", "properties": { "id_original": 4, "id_parcela": 712, "linha": 3, "coluna": 10, "area_m2": 10.763000037083339, "code": null, "description": null, "edificio": null }, "geometry": { "type": "Polygon", "coordinates": [ [ [ 32.636201113857055, -25.77133540835537 ], [ 32.636201015479472, -25.771306597205104 ], [ 32.636234656972654, -25.771306503023531 ], [ 32.636234755358352, -25.771335314173868 ], [ 32.636201113857055, -25.77133540835537 ] ] ] } },
{ "type": "Feature", "properties": { "id_original": 4, "id_parcela": 713, "linha": 3, "coluna": 11, "area_m2": 10.76300003774514, "code": null, "description": null, "edificio": null }, "geometry": { "type": "Polygon", "coordinates": [ [ [ 32.636201015479472, -25.771306597205104 ], [ 32.636200917101853, -25.771277786054728 ], [ 32.636234558586914, -25.771277691873095 ], [ 32.636234656972654, -25.771306503023531 ], [ 32.636201015479472, -25.771306597205104 ] ] ] } },
{ "type": "Feature", "properties": { "id_original": 4, "id_parcela": 714, "linha": 3, "coluna": 12, "area_m2": 10.763000038931896, "code": null, "description": null, "edificio": null }, "geometry": { "type": "Polygon", "coordinates": [ [ [ 32.636200818724177, -25.771248974904221 ], [ 32.636200720346466, -25.771220163753615 ], [ 32.636234361815276, -25.771220069571847 ], [ 32.636234460201109, -25.771248880722528 ], [ 32.636200818724177, -25.771248974904221 ] ] ] } },
{ "type": "Feature", "properties": { "id_original": 4, "id_parcela": 715, "linha": 3, "coluna": 13, "area_m2": 10.763000037083339, "code": null, "description": null, "edificio": null }, "geometry": { "type": "Polygon", "coordinates": [ [ [ 32.636200720346466, -25.771220163753615 ], [ 32.636200621968712, -25.771191352602902 ], [ 32.636234263429394, -25.771191258421062 ], [ 32.636234361815276, -25.771220069571847 ], [ 32.636200720346466, -25.771220163753615 ] ] ] } },
{ "type": "Feature", "properties": { "id_original": 4, "id_parcela": 717, "linha": 3, "coluna": 15, "area_m2": 10.763000037083339, "code": null, "description": null, "edificio": null }, "geometry": { "type": "Polygon", "coordinates": [ [ [ 32.636200621968719, -25.771191352602912 ], [ 32.636200523590922, -25.771162541452064 ], [ 32.636234165043476, -25.771162447270175 ], [ 32.636234263429401, -25.771191258421076 ], [ 32.636200621968719, -25.771191352602912 ] ] ] } },
{ "type": "Feature", "properties": { "id_original": 4, "id_parcela": 718, "linha": 3, "coluna": 16, "area_m2": 10.763000039593697, "code": null, "description": null, "edificio": null }, "geometry": { "type": "Polygon", "coordinates": [ [ [ 32.636200523590922, -25.771162541452064 ], [ 32.636200425213083, -25.771133730301113 ], [ 32.636234066657515, -25.771133636119167 ], [ 32.636234165043476, -25.771162447270175 ], [ 32.636200523590922, -25.771162541452064 ] ] ] } },
{ "type": "Feature", "properties": { "id_original": 4, "id_parcela": 719, "linha": 3, "coluna": 17, "area_m2": 10.763000037083339, "code": null, "description": null, "edificio": null }, "geometry": { "type": "Polygon", "coordinates": [ [ [ 32.636200425213083, -25.771133730301113 ], [ 32.636200326835194, -25.771104919150066 ], [ 32.636233968271505, -25.771104824968038 ], [ 32.636234066657515, -25.771133636119167 ], [ 32.636200425213083, -25.771133730301113 ] ] ] } },
{ "type": "Feature", "properties": { "id_original": 4, "id_parcela": 720, "linha": 3, "coluna": 18, "area_m2": 10.763000037083339, "code": null, "description": null, "edificio": null }, "geometry": { "type": "Polygon", "coordinates": [ [ [ 32.636200326835194, -25.771104919150066 ], [ 32.636200228457263, -25.771076107998891 ], [ 32.636233869885444, -25.771076013816796 ], [ 32.636233968271505, -25.771104824968038 ], [ 32.636200326835194, -25.771104919150066 ] ] ] } },
{ "type": "Feature", "properties": { "id_original": 4, "id_parcela": 721, "linha": 3, "coluna": 19, "area_m2": 10.763000037083339, "code": null, "description": null, "edificio": null }, "geometry": { "type": "Polygon", "coordinates": [ [ [ 32.636200228457263, -25.771076107998891 ], [ 32.636200130079281, -25.771047296847613 ], [ 32.636233771499349, -25.771047202665446 ], [ 32.636233869885444, -25.771076013816796 ], [ 32.636200228457263, -25.771076107998891 ] ] ] } },
{ "type": "Feature", "properties": { "id_original": 4, "id_parcela": 722, "linha": 3, "coluna": 20, "area_m2": 10.76300003830594, "code": null, "description": null, "edificio": null }, "geometry": { "type": "Polygon", "coordinates": [ [ [ 32.636200130079281, -25.771047296847613 ], [ 32.636200031701264, -25.771018485696214 ], [ 32.636233673113203, -25.771018391513987 ], [ 32.636233771499349, -25.771047202665446 ], [ 32.636200130079281, -25.771047296847613 ] ] ] } },
{ "type": "Feature", "properties": { "id_original": 4, "id_parcela": 723, "linha": 3, "coluna": 21, "area_m2": 10.763000038967741, "code": null, "description": null, "edificio": null }, "geometry": { "type": "Polygon", "coordinates": [ [ [ 32.636200031701264, -25.771018485696214 ], [ 32.636199933323205, -25.770989674544683 ], [ 32.636233574727022, -25.770989580362397 ], [ 32.636233673113203, -25.771018391513987 ], [ 32.636200031701264, -25.771018485696214 ] ] ] } },
{ "type": "Feature", "properties": { "id_original": 4, "id_parcela": 656, "linha": 1, "coluna": 8, "area_m2": 10.713993083802627, "code": null, "description": null, "edificio": null }, "geometry": { "type": "Polygon", "coordinates": [ [ [ 32.636056453630431, -25.771393836309635 ], [ 32.636056355287913, -25.771365025159863 ], [ 32.636089847545705, -25.771364931429634 ], [ 32.636089938040946, -25.771393742601433 ], [ 32.636056453630431, -25.771393836309635 ] ] ] } },
{ "type": "Feature", "properties": { "id_original": 4, "id_parcela": 732, "linha": 4, "coluna": 3, "area_m2": 10.763000041210759, "code": null, "description": null, "edificio": null }, "geometry": { "type": "Polygon", "coordinates": [ [ [ 32.636168160940755, -25.771537180577333 ], [ 32.636168062571606, -25.771508369427927 ], [ 32.636201704121603, -25.771508275254586 ], [ 32.636201802498874, -25.771537086404063 ], [ 32.636168160940755, -25.771537180577333 ] ] ] } },
{ "type": "Feature", "properties": { "id_original": 4, "id_parcela": 733, "linha": 4, "coluna": 4, "area_m2": 10.763000039988157, "code": null, "description": null, "edificio": null }, "geometry": { "type": "Polygon", "coordinates": [ [ [ 32.636168062571606, -25.771508369427927 ], [ 32.636167964202414, -25.771479558278415 ], [ 32.63620160574429, -25.771479464105003 ], [ 32.636201704121603, -25.771508275254586 ], [ 32.636168062571606, -25.771508369427927 ] ] ] } },
{ "type": "Feature", "properties": { "id_original": 4, "id_parcela": 734, "linha": 4, "coluna": 5, "area_m2": 10.763000041836714, "code": null, "description": null, "edificio": null }, "geometry": { "type": "Polygon", "coordinates": [ [ [ 32.636167964202414, -25.771479558278415 ], [ 32.636167865833173, -25.771450747128771 ], [ 32.636201507366927, -25.771450652955298 ], [ 32.63620160574429, -25.771479464105003 ], [ 32.636167964202414, -25.771479558278415 ] ] ] } },
{ "type": "Feature", "properties": { "id_original": 4, "id_parcela": 735, "linha": 4, "coluna": 6, "area_m2": 10.763000039427357, "code": null, "description": null, "edificio": null }, "geometry": { "type": "Polygon", "coordinates": [ [ [ 32.636167865833173, -25.771450747128771 ], [ 32.636167767463903, -25.771421935979031 ], [ 32.636201408989535, -25.771421841805495 ], [ 32.636201507366927, -25.771450652955298 ], [ 32.636167865833173, -25.771450747128771 ] ] ] } },
{ "type": "Feature", "properties": { "id_original": 4, "id_parcela": 736, "linha": 4, "coluna": 7, "area_m2": 10.763000041836714, "code": null, "description": null, "edificio": null }, "geometry": { "type": "Polygon", "coordinates": [ [ [ 32.636167767463903, -25.771421935979031 ], [ 32.636167669094576, -25.771393124829167 ], [ 32.63620131061208, -25.77139303065557 ], [ 32.636201408989535, -25.771421841805495 ], [ 32.636167767463903, -25.771421935979031 ] ] ] } },
{ "type": "Feature", "properties": { "id_original": 4, "id_parcela": 737, "linha": 4, "coluna": 8, "area_m2": 10.763000041836714, "code": null, "description": null, "edificio": null }, "geometry": { "type": "Polygon", "coordinates": [ [ [ 32.636167669094576, -25.771393124829167 ], [ 32.636167570725206, -25.771364313679182 ], [ 32.636201212234596, -25.771364219505525 ], [ 32.63620131061208, -25.77139303065557 ], [ 32.636167669094576, -25.771393124829167 ] ] ] } },
{ "type": "Feature", "properties": { "id_original": 4, "id_parcela": 738, "linha": 4, "coluna": 9, "area_m2": 10.763000039988157, "code": null, "description": null, "edificio": null }, "geometry": { "type": "Polygon", "coordinates": [ [ [ 32.636167570725206, -25.771364313679182 ], [ 32.636167472355794, -25.771335502529102 ], [ 32.636201113857055, -25.77133540835537 ], [ 32.636201212234596, -25.771364219505525 ], [ 32.636167570725206, -25.771364313679182 ] ] ] } },
{ "type": "Feature", "properties": { "id_original": 4, "id_parcela": 739, "linha": 4, "coluna": 10, "area_m2": 10.763000039988157, "code": null, "description": null, "edificio": null }, "geometry": { "type": "Polygon", "coordinates": [ [ [ 32.636167472355794, -25.771335502529102 ], [ 32.636167373986332, -25.771306691378911 ], [ 32.636201015479472, -25.771306597205104 ], [ 32.636201113857055, -25.77133540835537 ], [ 32.636167472355794, -25.771335502529102 ] ] ] } },
{ "type": "Feature", "properties": { "id_original": 4, "id_parcela": 740, "linha": 4, "coluna": 11, "area_m2": 10.763000042498515, "code": null, "description": null, "edificio": null }, "geometry": { "type": "Polygon", "coordinates": [ [ [ 32.636167373986332, -25.771306691378911 ], [ 32.636167275616842, -25.771277880228581 ], [ 32.636200917101853, -25.771277786054728 ], [ 32.636201015479472, -25.771306597205104 ], [ 32.636167373986332, -25.771306691378911 ] ] ] } },
{ "type": "Feature", "properties": { "id_original": 4, "id_parcela": 741, "linha": 4, "coluna": 12, "area_m2": 10.763000041836714, "code": null, "description": null, "edificio": null }, "geometry": { "type": "Polygon", "coordinates": [ [ [ 32.636167177247287, -25.771249069078149 ], [ 32.636167078877698, -25.771220257927606 ], [ 32.636200720346466, -25.771220163753615 ], [ 32.636200818724177, -25.771248974904221 ], [ 32.636167177247287, -25.771249069078149 ] ] ] } },
{ "type": "Feature", "properties": { "id_original": 4, "id_parcela": 742, "linha": 4, "coluna": 13, "area_m2": 10.763000038765556, "code": null, "description": null, "edificio": null }, "geometry": { "type": "Polygon", "coordinates": [ [ [ 32.636167078877698, -25.771220257927606 ], [ 32.636166980508072, -25.77119144677695 ], [ 32.636200621968712, -25.771191352602902 ], [ 32.636200720346466, -25.771220163753615 ], [ 32.636167078877698, -25.771220257927606 ] ] ] } },
{ "type": "Feature", "properties": { "id_original": 4, "id_parcela": 744, "linha": 4, "coluna": 15, "area_m2": 10.763000039988157, "code": null, "description": null, "edificio": null }, "geometry": { "type": "Polygon", "coordinates": [ [ [ 32.636166980508072, -25.771191446776957 ], [ 32.636166882138397, -25.771162635626201 ], [ 32.636200523590922, -25.771162541452064 ], [ 32.636200621968719, -25.771191352602912 ], [ 32.636166980508072, -25.771191446776957 ] ] ] } },
{ "type": "Feature", "properties": { "id_original": 4, "id_parcela": 745, "linha": 4, "coluna": 16, "area_m2": 10.763000041872559, "code": null, "description": null, "edificio": null }, "geometry": { "type": "Polygon", "coordinates": [ [ [ 32.636166882138397, -25.771162635626201 ], [ 32.636166783768687, -25.771133824475317 ], [ 32.636200425213083, -25.771133730301113 ], [ 32.636200523590922, -25.771162541452064 ], [ 32.636166882138397, -25.771162635626201 ] ] ] } },
{ "type": "Feature", "properties": { "id_original": 4, "id_parcela": 746, "linha": 4, "coluna": 17, "area_m2": 10.763000039988157, "code": null, "description": null, "edificio": null }, "geometry": { "type": "Polygon", "coordinates": [ [ [ 32.636166783768687, -25.771133824475317 ], [ 32.636166685398919, -25.771105013324316 ], [ 32.636200326835194, -25.771104919150066 ], [ 32.636200425213083, -25.771133730301113 ], [ 32.636166783768687, -25.771133824475317 ] ] ] } },
{ "type": "Feature", "properties": { "id_original": 4, "id_parcela": 747, "linha": 4, "coluna": 18, "area_m2": 10.763000041836714, "code": null, "description": null, "edificio": null }, "geometry": { "type": "Polygon", "coordinates": [ [ [ 32.636166685398919, -25.771105013324316 ], [ 32.636166587029109, -25.771076202173205 ], [ 32.636200228457263, -25.771076107998891 ], [ 32.636200326835194, -25.771104919150066 ], [ 32.636166685398919, -25.771105013324316 ] ] ] } },
{ "type": "Feature", "properties": { "id_original": 4, "id_parcela": 748, "linha": 4, "coluna": 19, "area_m2": 10.763000040614113, "code": null, "description": null, "edificio": null }, "geometry": { "type": "Polygon", "coordinates": [ [ [ 32.636166587029109, -25.771076202173205 ], [ 32.636166488659256, -25.771047391021977 ], [ 32.636200130079281, -25.771047296847613 ], [ 32.636200228457263, -25.771076107998891 ], [ 32.636166587029109, -25.771076202173205 ] ] ] } },
{ "type": "Feature", "properties": { "id_original": 4, "id_parcela": 749, "linha": 4, "coluna": 20, "area_m2": 10.763000040614113, "code": null, "description": null, "edificio": null }, "geometry": { "type": "Polygon", "coordinates": [ [ [ 32.636166488659256, -25.771047391021977 ], [ 32.636166390289361, -25.771018579870649 ], [ 32.636200031701264, -25.771018485696214 ], [ 32.636200130079281, -25.771047296847613 ], [ 32.636166488659256, -25.771047391021977 ] ] ] } },
{ "type": "Feature", "properties": { "id_original": 4, "id_parcela": 750, "linha": 4, "coluna": 21, "area_m2": 10.763000042498515, "code": null, "description": null, "edificio": null }, "geometry": { "type": "Polygon", "coordinates": [ [ [ 32.636166390289361, -25.771018579870649 ], [ 32.63616629191943, -25.770989768719197 ], [ 32.636199933323205, -25.770989674544683 ], [ 32.636200031701264, -25.771018485696214 ], [ 32.636166390289361, -25.771018579870649 ] ] ] } },
{ "type": "Feature", "properties": { "id_original": 4, "id_parcela": 657, "linha": 1, "coluna": 9, "area_m2": 10.716506260934588, "code": null, "description": null, "edificio": null }, "geometry": { "type": "Polygon", "coordinates": [ [ [ 32.636056355287913, -25.771365025159863 ], [ 32.636056256945359, -25.771336214010002 ], [ 32.636089757050385, -25.771336120257697 ], [ 32.636089847545705, -25.771364931429634 ], [ 32.636056355287913, -25.771365025159863 ] ] ] } },
{ "type": "Feature", "properties": { "id_original": 4, "id_parcela": 784, "linha": 6, "coluna": 1, "area_m2": 10.643485624183072, "code": null, "description": null, "edificio": null }, "geometry": { "type": "Polygon", "coordinates": [ [ [ 32.636134617743643, -25.771566085892054 ], [ 32.636134715841074, -25.771594819856045 ], [ 32.636101080294502, -25.771594991182639 ], [ 32.636101627427713, -25.771566178227033 ], [ 32.636134617743643, -25.771566085892054 ] ] ] } },
{ "type": "Feature", "properties": { "id_original": 4, "id_parcela": 785, "linha": 6, "coluna": 2, "area_m2": 10.451388831108053, "code": null, "description": null, "edificio": null }, "geometry": { "type": "Polygon", "coordinates": [ [ [ 32.636134519382672, -25.77153727474284 ], [ 32.636134617743643, -25.771566085892054 ], [ 32.636101627427713, -25.771566178227033 ], [ 32.636102174560556, -25.771537365271325 ], [ 32.636134519382672, -25.77153727474284 ] ] ] } },
{ "type": "Feature", "properties": { "id_original": 4, "id_parcela": 786, "linha": 6, "coluna": 3, "area_m2": 10.244877457719342, "code": null, "description": null, "edificio": null }, "geometry": { "type": "Polygon", "coordinates": [ [ [ 32.636134421021644, -25.771508463593488 ], [ 32.636134519382672, -25.77153727474284 ], [ 32.636102174560556, -25.771537365271325 ], [ 32.636102721693057, -25.771508552315488 ], [ 32.636134421021644, -25.771508463593488 ] ] ] } },
{ "type": "Feature", "properties": { "id_original": 4, "id_parcela": 787, "linha": 6, "coluna": 4, "area_m2": 10.038366080182927, "code": null, "description": null, "edificio": null }, "geometry": { "type": "Polygon", "coordinates": [ [ [ 32.636134322660581, -25.771479652444039 ], [ 32.636134421021644, -25.771508463593488 ], [ 32.636102721693057, -25.771508552315488 ], [ 32.636103268825195, -25.771479739359545 ], [ 32.636134322660581, -25.771479652444039 ] ] ] } },
{ "type": "Feature", "properties": { "id_original": 4, "id_parcela": 788, "linha": 6, "coluna": 5, "area_m2": 9.8318547107697505, "code": null, "description": null, "edificio": null }, "geometry": { "type": "Polygon", "coordinates": [ [ [ 32.636134224299461, -25.771450841294467 ], [ 32.636134322660581, -25.771479652444039 ], [ 32.636103268825195, -25.771479739359545 ], [ 32.636103815956972, -25.771450926403464 ], [ 32.636134224299461, -25.771450841294467 ] ] ] } },
{ "type": "Feature", "properties": { "id_original": 4, "id_parcela": 789, "linha": 6, "coluna": 6, "area_m2": 9.6579023976944303, "code": null, "description": null, "edificio": null }, "geometry": { "type": "Polygon", "coordinates": [ [ [ 32.63613412593832, -25.771422030144777 ], [ 32.636134224299461, -25.771450841294467 ], [ 32.636103815956972, -25.771450926403464 ], [ 32.636104088983267, -25.771436548334375 ], [ 32.636103956814772, -25.771422114584343 ], [ 32.63613412593832, -25.771422030144777 ] ] ] } },
{ "type": "Feature", "properties": { "id_original": 4, "id_parcela": 790, "linha": 6, "coluna": 7, "area_m2": 9.6785360091879937, "code": null, "description": null, "edificio": null }, "geometry": { "type": "Polygon", "coordinates": [ [ [ 32.636134027577114, -25.77139321899498 ], [ 32.63613412593832, -25.771422030144777 ], [ 32.636103956814772, -25.771422114584343 ], [ 32.636103692998027, -25.771393303897703 ], [ 32.636134027577114, -25.77139321899498 ] ] ] } },
{ "type": "Feature", "properties": { "id_original": 4, "id_parcela": 791, "linha": 6, "coluna": 8, "area_m2": 9.7314728736622857, "code": null, "description": null, "edificio": null }, "geometry": { "type": "Polygon", "coordinates": [ [ [ 32.636133929215873, -25.771364407845081 ], [ 32.636134027577114, -25.77139321899498 ], [ 32.636103692998027, -25.771393303897703 ], [ 32.636103429181325, -25.771364493210946 ], [ 32.636133929215873, -25.771364407845081 ] ] ] } },
{ "type": "Feature", "properties": { "id_original": 4, "id_parcela": 792, "linha": 6, "coluna": 9, "area_m2": 9.7844097331205901, "code": null, "description": null, "edificio": null }, "geometry": { "type": "Polygon", "coordinates": [ [ [ 32.636133830854575, -25.771335596695053 ], [ 32.636133929215873, -25.771364407845081 ], [ 32.636103429181325, -25.771364493210946 ], [ 32.636103165364659, -25.771335682524072 ], [ 32.636133830854575, -25.771335596695053 ] ] ] } },
{ "type": "Feature", "properties": { "id_original": 4, "id_parcela": 793, "linha": 6, "coluna": 10, "area_m2": 9.8373465969991791, "code": null, "description": null, "edificio": null }, "geometry": { "type": "Polygon", "coordinates": [ [ [ 32.636133732493242, -25.771306785544919 ], [ 32.636133830854575, -25.771335596695053 ], [ 32.636103165364659, -25.771335682524072 ], [ 32.636102901548021, -25.771306871837098 ], [ 32.636133732493242, -25.771306785544919 ] ] ] } },
{ "type": "Feature", "properties": { "id_original": 4, "id_parcela": 794, "linha": 6, "coluna": 11, "area_m2": 9.8902834598886447, "code": null, "description": null, "edificio": null }, "geometry": { "type": "Polygon", "coordinates": [ [ [ 32.63613363413188, -25.771277974394668 ], [ 32.636133732493242, -25.771306785544919 ], [ 32.636102901548021, -25.771306871837098 ], [ 32.63610263773144, -25.771278061149992 ], [ 32.63613363413188, -25.771277974394668 ] ] ] } },
{ "type": "Feature", "properties": { "id_original": 4, "id_parcela": 795, "linha": 6, "coluna": 12, "area_m2": 9.9432203237479833, "code": null, "description": null, "edificio": null }, "geometry": { "type": "Polygon", "coordinates": [ [ [ 32.636133535770455, -25.771249163244299 ], [ 32.63613363413188, -25.771277974394668 ], [ 32.63610263773144, -25.771278061149992 ], [ 32.636102373914873, -25.77124925046278 ], [ 32.636133535770455, -25.771249163244299 ] ] ] } },
{ "type": "Feature", "properties": { "id_original": 4, "id_parcela": 796, "linha": 6, "coluna": 13, "area_m2": 9.996157185415246, "code": null, "description": null, "edificio": null }, "geometry": { "type": "Polygon", "coordinates": [ [ [ 32.636133437408986, -25.771220352093827 ], [ 32.636133535770455, -25.771249163244299 ], [ 32.636102373914873, -25.77124925046278 ], [ 32.636102110098356, -25.771220439775462 ], [ 32.636133437408986, -25.771220352093827 ] ] ] } },
{ "type": "Feature", "properties": { "id_original": 4, "id_parcela": 797, "linha": 6, "coluna": 14, "area_m2": 10.049094049934853, "code": null, "description": null, "edificio": null }, "geometry": { "type": "Polygon", "coordinates": [ [ [ 32.636133339047483, -25.771191540943246 ], [ 32.636133437408986, -25.771220352093827 ], [ 32.636102110098356, -25.771220439775462 ], [ 32.636101846281861, -25.771191629088019 ], [ 32.636133339047483, -25.771191540943246 ] ] ] } },
{ "type": "Feature", "properties": { "id_original": 4, "id_parcela": 798, "linha": 6, "coluna": 15, "area_m2": 10.102030910454936, "code": null, "description": null, "edificio": null }, "geometry": { "type": "Polygon", "coordinates": [ [ [ 32.636133240685929, -25.77116272979254 ], [ 32.636133339047483, -25.771191540943246 ], [ 32.636101846281861, -25.771191629088019 ], [ 32.636101582465407, -25.77116281840048 ], [ 32.636133240685929, -25.77116272979254 ] ] ] } },
{ "type": "Feature", "properties": { "id_original": 4, "id_parcela": 799, "linha": 6, "coluna": 16, "area_m2": 10.15496777560651, "code": null, "description": null, "edificio": null }, "geometry": { "type": "Polygon", "coordinates": [ [ [ 32.63613314232434, -25.771133918641723 ], [ 32.636133240685929, -25.77116272979254 ], [ 32.636101582465407, -25.77116281840048 ], [ 32.63610131864899, -25.771134007712824 ], [ 32.63613314232434, -25.771133918641723 ] ] ] } },
{ "type": "Feature", "properties": { "id_original": 4, "id_parcela": 800, "linha": 6, "coluna": 17, "area_m2": 10.207904636619388, "code": null, "description": null, "edificio": null }, "geometry": { "type": "Polygon", "coordinates": [ [ [ 32.636133043962694, -25.771105107490783 ], [ 32.63613314232434, -25.771133918641723 ], [ 32.63610131864899, -25.771134007712824 ], [ 32.636101054832622, -25.77110519702504 ], [ 32.636133043962694, -25.771105107490783 ] ] ] } },
{ "type": "Feature", "properties": { "id_original": 4, "id_parcela": 801, "linha": 6, "coluna": 18, "area_m2": 10.260841499385176, "code": null, "description": null, "edificio": null }, "geometry": { "type": "Polygon", "coordinates": [ [ [ 32.636132945601013, -25.77107629633975 ], [ 32.636133043962694, -25.771105107490783 ], [ 32.636101054832622, -25.77110519702504 ], [ 32.636100791016268, -25.771076386337153 ], [ 32.636132945601013, -25.77107629633975 ] ] ] } },
{ "type": "Feature", "properties": { "id_original": 4, "id_parcela": 802, "linha": 6, "coluna": 19, "area_m2": 10.31377836341281, "code": null, "description": null, "edificio": null }, "geometry": { "type": "Polygon", "coordinates": [ [ [ 32.636132847239281, -25.771047485188586 ], [ 32.636132945601013, -25.77107629633975 ], [ 32.636100791016268, -25.771076386337153 ], [ 32.636100527199964, -25.771047575649156 ], [ 32.636132847239281, -25.771047485188586 ] ] ] } },
{ "type": "Feature", "properties": { "id_original": 4, "id_parcela": 803, "linha": 6, "coluna": 20, "area_m2": 10.366715226207422, "code": null, "description": null, "edificio": null }, "geometry": { "type": "Polygon", "coordinates": [ [ [ 32.636132748877515, -25.771018674037318 ], [ 32.636132847239281, -25.771047485188586 ], [ 32.636100527199964, -25.771047575649156 ], [ 32.636100263383689, -25.771018764961038 ], [ 32.636132748877515, -25.771018674037318 ] ] ] } },
{ "type": "Feature", "properties": { "id_original": 4, "id_parcela": 804, "linha": 6, "coluna": 21, "area_m2": 10.419652088454951, "code": null, "description": null, "edificio": null }, "geometry": { "type": "Polygon", "coordinates": [ [ [ 32.636132650515705, -25.770989862885934 ], [ 32.636132748877515, -25.771018674037318 ], [ 32.636100263383689, -25.771018764961038 ], [ 32.636099999567463, -25.770989954272817 ], [ 32.636132650515705, -25.770989862885934 ] ] ] } },
{ "type": "Feature", "properties": { "id_original": 4, "id_parcela": 805, "linha": 6, "coluna": 22, "area_m2": 10.472588949405999, "code": null, "description": null, "edificio": null }, "geometry": { "type": "Polygon", "coordinates": [ [ [ 32.636132552153839, -25.770961051734442 ], [ 32.636132650515705, -25.770989862885934 ], [ 32.636099999567463, -25.770989954272817 ], [ 32.636099735751259, -25.770961143584479 ], [ 32.636132552153839, -25.770961051734442 ] ] ] } },
{ "type": "Feature", "properties": { "id_original": 4, "id_parcela": 658, "linha": 1, "coluna": 10, "area_m2": 10.719019436326541, "code": null, "description": null, "edificio": null }, "geometry": { "type": "Polygon", "coordinates": [ [ [ 32.636056256945359, -25.771336214010002 ], [ 32.636056158602756, -25.771307402860028 ], [ 32.636089666555044, -25.771307309085685 ], [ 32.636089757050385, -25.771336120257697 ], [ 32.636056256945359, -25.771336214010002 ] ] ] } },
{ "type": "Feature", "properties": { "id_original": 4, "id_parcela": 659, "linha": 1, "coluna": 11, "area_m2": 10.721532616526472, "code": null, "description": null, "edificio": null }, "geometry": { "type": "Polygon", "coordinates": [ [ [ 32.636056158602756, -25.771307402860028 ], [ 32.636056060260124, -25.771278591709915 ], [ 32.636089576059661, -25.771278497913528 ], [ 32.636089666555044, -25.771307309085685 ], [ 32.636056158602756, -25.771307402860028 ] ] ] } },
{ "type": "Feature", "properties": { "id_original": 4, "id_parcela": 660, "linha": 1, "coluna": 12, "area_m2": 10.72404579422469, "code": null, "description": null, "edificio": null }, "geometry": { "type": "Polygon", "coordinates": [ [ [ 32.636056060260124, -25.771278591709915 ], [ 32.636055961917435, -25.771249780559707 ], [ 32.63608948556422, -25.771249686741275 ], [ 32.636089576059661, -25.771278497913528 ], [ 32.636056060260124, -25.771278591709915 ] ] ] } },
{ "type": "Feature", "properties": { "id_original": 4, "id_parcela": 661, "linha": 1, "coluna": 13, "area_m2": 10.726558968297065, "code": null, "description": null, "edificio": null }, "geometry": { "type": "Polygon", "coordinates": [ [ [ 32.636055961917435, -25.771249780559707 ], [ 32.636055863574704, -25.771220969409391 ], [ 32.636089395068716, -25.771220875568893 ], [ 32.63608948556422, -25.771249686741275 ], [ 32.636055961917435, -25.771249780559707 ] ] ] } },
{ "type": "Feature", "properties": { "id_original": 4, "id_parcela": 662, "linha": 1, "coluna": 14, "area_m2": 10.729072146749321, "code": null, "description": null, "edificio": null }, "geometry": { "type": "Polygon", "coordinates": [ [ [ 32.636055863574704, -25.771220969409391 ], [ 32.636055765231923, -25.771192158258941 ], [ 32.636089304573183, -25.771192064396409 ], [ 32.636089395068716, -25.771220875568893 ], [ 32.636055863574704, -25.771220969409391 ] ] ] } },
{ "type": "Feature", "properties": { "id_original": 4, "id_parcela": 663, "linha": 1, "coluna": 15, "area_m2": 10.731585322602974, "code": null, "description": null, "edificio": null }, "geometry": { "type": "Polygon", "coordinates": [ [ [ 32.636055765231923, -25.771192158258941 ], [ 32.636055666889114, -25.771163347108399 ], [ 32.636089214077593, -25.771163253223815 ], [ 32.636089304573183, -25.771192064396409 ], [ 32.636055765231923, -25.771192158258941 ] ] ] } },
{ "type": "Feature", "properties": { "id_original": 4, "id_parcela": 664, "linha": 1, "coluna": 16, "area_m2": 10.734098502838716, "code": null, "description": null, "edificio": null }, "geometry": { "type": "Polygon", "coordinates": [ [ [ 32.636055666889114, -25.771163347108399 ], [ 32.636055568546254, -25.771134535957735 ], [ 32.636089123581975, -25.771134442051086 ], [ 32.636089214077593, -25.771163253223815 ], [ 32.636055666889114, -25.771163347108399 ] ] ] } },
{ "type": "Feature", "properties": { "id_original": 4, "id_parcela": 665, "linha": 1, "coluna": 17, "area_m2": 10.736611678093986, "code": null, "description": null, "edificio": null }, "geometry": { "type": "Polygon", "coordinates": [ [ [ 32.636055568546254, -25.771134535957735 ], [ 32.636055470203345, -25.771105724806954 ], [ 32.636089033086279, -25.771105630878264 ], [ 32.636089123581975, -25.771134442051086 ], [ 32.636055568546254, -25.771134535957735 ] ] ] } },
{ "type": "Feature", "properties": { "id_original": 4, "id_parcela": 666, "linha": 1, "coluna": 18, "area_m2": 10.739124855329639, "code": null, "description": null, "edificio": null }, "geometry": { "type": "Polygon", "coordinates": [ [ [ 32.636055470203345, -25.771105724806954 ], [ 32.636055371860394, -25.771076913656064 ], [ 32.636088942590554, -25.771076819705325 ], [ 32.636089033086279, -25.771105630878264 ], [ 32.636055470203345, -25.771105724806954 ] ] ] } },
{ "type": "Feature", "properties": { "id_original": 4, "id_parcela": 667, "linha": 1, "coluna": 19, "area_m2": 10.741638033027236, "code": null, "description": null, "edificio": null }, "geometry": { "type": "Polygon", "coordinates": [ [ [ 32.636055371860394, -25.771076913656064 ], [ 32.636055273517393, -25.771048102505063 ], [ 32.636088852094773, -25.771048008532265 ], [ 32.636088942590554, -25.771076819705325 ], [ 32.636055371860394, -25.771076913656064 ] ] ] } },
{ "type": "Feature", "properties": { "id_original": 4, "id_parcela": 668, "linha": 1, "coluna": 20, "area_m2": 10.744151209539275, "code": null, "description": null, "edificio": null }, "geometry": { "type": "Polygon", "coordinates": [ [ [ 32.636055273517393, -25.771048102505063 ], [ 32.636055175174356, -25.771019291353934 ], [ 32.636088761598955, -25.771019197359099 ], [ 32.636088852094773, -25.771048008532265 ], [ 32.636055273517393, -25.771048102505063 ] ] ] } },
{ "type": "Feature", "properties": { "id_original": 4, "id_parcela": 669, "linha": 1, "coluna": 21, "area_m2": 10.74666438733448, "code": null, "description": null, "edificio": null }, "geometry": { "type": "Polygon", "coordinates": [ [ [ 32.636055175174356, -25.771019291353934 ], [ 32.636055076831283, -25.770990480202705 ], [ 32.636088671103074, -25.770990386185822 ], [ 32.636088761598955, -25.771019197359099 ], [ 32.636055175174356, -25.771019291353934 ] ] ] } },
{ "type": "Feature", "properties": { "id_original": 4, "id_parcela": 670, "linha": 1, "coluna": 22, "area_m2": 10.749177562063188, "code": null, "description": null, "edificio": null }, "geometry": { "type": "Polygon", "coordinates": [ [ [ 32.636055076831283, -25.770990480202705 ], [ 32.636054978488154, -25.770961669051371 ], [ 32.636088580607158, -25.770961575012425 ], [ 32.636088671103074, -25.770990386185822 ], [ 32.636055076831283, -25.770990480202705 ] ] ] } },
{ "type": "Feature", "properties": { "id_original": 4, "id_parcela": 705, "linha": 3, "coluna": 3, "area_m2": 10.763000038931896, "code": null, "description": null, "edificio": null }, "geometry": { "type": "Polygon", "coordinates": [ [ [ 32.635989662226315, -25.771538080328504 ], [ 32.635989563900267, -25.771509269179447 ], [ 32.636023205450115, -25.771509175047385 ], [ 32.636023303784285, -25.77153798619651 ], [ 32.635989662226315, -25.771538080328504 ] ] ] } },
{ "type": "Feature", "properties": { "id_original": 4, "id_parcela": 706, "linha": 3, "coluna": 4, "area_m2": 10.763000035860738, "code": null, "description": null, "edificio": null }, "geometry": { "type": "Polygon", "coordinates": [ [ [ 32.635989563900267, -25.771509269179447 ], [ 32.635989465574184, -25.771480458030272 ], [ 32.636023107115911, -25.771480363898142 ], [ 32.636023205450115, -25.771509175047385 ], [ 32.635989563900267, -25.771509269179447 ] ] ] } },
{ "type": "Feature", "properties": { "id_original": 4, "id_parcela": 707, "linha": 3, "coluna": 5, "area_m2": 10.763000038931896, "code": null, "description": null, "edificio": null }, "geometry": { "type": "Polygon", "coordinates": [ [ [ 32.635989465574184, -25.771480458030272 ], [ 32.635989367248051, -25.771451646880983 ], [ 32.636023008781649, -25.771451552748786 ], [ 32.636023107115911, -25.771480363898142 ], [ 32.635989465574184, -25.771480458030272 ] ] ] } },
{ "type": "Feature", "properties": { "id_original": 4, "id_parcela": 708, "linha": 3, "coluna": 6, "area_m2": 10.76300003774514, "code": null, "description": null, "edificio": null }, "geometry": { "type": "Polygon", "coordinates": [ [ [ 32.635989367248051, -25.771451646880983 ], [ 32.635989268921882, -25.771422835731588 ], [ 32.636022910447359, -25.771422741599313 ], [ 32.636023008781649, -25.771451552748786 ], [ 32.635989367248051, -25.771451646880983 ] ] ] } },
{ "type": "Feature", "properties": { "id_original": 4, "id_parcela": 709, "linha": 3, "coluna": 7, "area_m2": 10.76300003830594, "code": null, "description": null, "edificio": null }, "geometry": { "type": "Polygon", "coordinates": [ [ [ 32.635989268921882, -25.771422835731588 ], [ 32.635989170595664, -25.771394024582079 ], [ 32.636022812113012, -25.771393930449733 ], [ 32.636022910447359, -25.771422741599313 ], [ 32.635989268921882, -25.771422835731588 ] ] ] } },
{ "type": "Feature", "properties": { "id_original": 4, "id_parcela": 710, "linha": 3, "coluna": 8, "area_m2": 10.76300003830594, "code": null, "description": null, "edificio": null }, "geometry": { "type": "Polygon", "coordinates": [ [ [ 32.635989170595664, -25.771394024582079 ], [ 32.635989072269403, -25.77136521343245 ], [ 32.636022713778623, -25.77136511930005 ], [ 32.636022812113012, -25.771393930449733 ], [ 32.635989170595664, -25.771394024582079 ] ] ] } },
{ "type": "Feature", "properties": { "id_original": 4, "id_parcela": 711, "linha": 3, "coluna": 9, "area_m2": 10.763000037083339, "code": null, "description": null, "edificio": null }, "geometry": { "type": "Polygon", "coordinates": [ [ [ 32.635989072269403, -25.77136521343245 ], [ 32.635988973943093, -25.771336402282714 ], [ 32.636022615444197, -25.771336308150243 ], [ 32.636022713778623, -25.77136511930005 ], [ 32.635989072269403, -25.77136521343245 ] ] ] } },
{ "type": "Feature", "properties": { "id_original": 4, "id_parcela": 712, "linha": 3, "coluna": 10, "area_m2": 10.763000037083339, "code": null, "description": null, "edificio": null }, "geometry": { "type": "Polygon", "coordinates": [ [ [ 32.635988973943093, -25.771336402282714 ], [ 32.635988875616739, -25.771307591132853 ], [ 32.636022517109723, -25.771307497000326 ], [ 32.636022615444197, -25.771336308150243 ], [ 32.635988973943093, -25.771336402282714 ] ] ] } },
{ "type": "Feature", "properties": { "id_original": 4, "id_parcela": 713, "linha": 3, "coluna": 11, "area_m2": 10.76300003774514, "code": null, "description": null, "edificio": null }, "geometry": { "type": "Polygon", "coordinates": [ [ [ 32.635988875616739, -25.771307591132853 ], [ 32.635988777290351, -25.77127877998289 ], [ 32.636022418775205, -25.771278685850298 ], [ 32.636022517109723, -25.771307497000326 ], [ 32.635988875616739, -25.771307591132853 ] ] ] } },
{ "type": "Feature", "properties": { "id_original": 4, "id_parcela": 714, "linha": 3, "coluna": 12, "area_m2": 10.763000038931896, "code": null, "description": null, "edificio": null }, "geometry": { "type": "Polygon", "coordinates": [ [ [ 32.635988678963898, -25.771249968832809 ], [ 32.635988580637417, -25.771221157682618 ], [ 32.636022222106028, -25.771221063549895 ], [ 32.636022320440638, -25.771249874700164 ], [ 32.635988678963898, -25.771249968832809 ] ] ] } },
{ "type": "Feature", "properties": { "id_original": 4, "id_parcela": 715, "linha": 3, "coluna": 13, "area_m2": 10.763000037083339, "code": null, "description": null, "edificio": null }, "geometry": { "type": "Polygon", "coordinates": [ [ [ 32.635988580637417, -25.771221157682618 ], [ 32.635988482310886, -25.771192346532324 ], [ 32.636022123771376, -25.771192252399523 ], [ 32.636022222106028, -25.771221063549895 ], [ 32.635988580637417, -25.771221157682618 ] ] ] } },
{ "type": "Feature", "properties": { "id_original": 4, "id_parcela": 717, "linha": 3, "coluna": 15, "area_m2": 10.763000037083339, "code": null, "description": null, "edificio": null }, "geometry": { "type": "Polygon", "coordinates": [ [ [ 32.635988482310893, -25.771192346532313 ], [ 32.635988383984326, -25.771163535381874 ], [ 32.636022025436681, -25.77116344124903 ], [ 32.636022123771383, -25.771192252399523 ], [ 32.635988482310893, -25.771192346532313 ] ] ] } },
{ "type": "Feature", "properties": { "id_original": 4, "id_parcela": 718, "linha": 3, "coluna": 16, "area_m2": 10.763000039593697, "code": null, "description": null, "edificio": null }, "geometry": { "type": "Polygon", "coordinates": [ [ [ 32.635988383984326, -25.771163535381874 ], [ 32.635988285657717, -25.771134724231345 ], [ 32.636021927101957, -25.771134630098434 ], [ 32.636022025436681, -25.77116344124903 ], [ 32.635988383984326, -25.771163535381874 ] ] ] } },
{ "type": "Feature", "properties": { "id_original": 4, "id_parcela": 719, "linha": 3, "coluna": 17, "area_m2": 10.763000037083339, "code": null, "description": null, "edificio": null }, "geometry": { "type": "Polygon", "coordinates": [ [ [ 32.635988285657717, -25.771134724231345 ], [ 32.635988187331058, -25.77110591308071 ], [ 32.63602182876717, -25.771105818947714 ], [ 32.636021927101957, -25.771134630098434 ], [ 32.635988285657717, -25.771134724231345 ] ] ] } },
{ "type": "Feature", "properties": { "id_original": 4, "id_parcela": 720, "linha": 3, "coluna": 18, "area_m2": 10.763000037083339, "code": null, "description": null, "edificio": null }, "geometry": { "type": "Polygon", "coordinates": [ [ [ 32.635988187331058, -25.77110591308071 ], [ 32.635988089004357, -25.771077101929947 ], [ 32.63602173043234, -25.77107700779689 ], [ 32.63602182876717, -25.771105818947714 ], [ 32.635988187331058, -25.77110591308071 ] ] ] } },
{ "type": "Feature", "properties": { "id_original": 4, "id_parcela": 721, "linha": 3, "coluna": 19, "area_m2": 10.763000037083339, "code": null, "description": null, "edificio": null }, "geometry": { "type": "Polygon", "coordinates": [ [ [ 32.635988089004357, -25.771077101929947 ], [ 32.635987990677606, -25.771048290779074 ], [ 32.636021632097467, -25.771048196645953 ], [ 32.63602173043234, -25.77107700779689 ], [ 32.635988089004357, -25.771077101929947 ] ] ] } },
{ "type": "Feature", "properties": { "id_original": 4, "id_parcela": 722, "linha": 3, "coluna": 20, "area_m2": 10.76300003830594, "code": null, "description": null, "edificio": null }, "geometry": { "type": "Polygon", "coordinates": [ [ [ 32.635987990677606, -25.771048290779074 ], [ 32.635987892350812, -25.771019479628091 ], [ 32.636021533762552, -25.771019385494903 ], [ 32.636021632097467, -25.771048196645953 ], [ 32.635987990677606, -25.771048290779074 ] ] ] } },
{ "type": "Feature", "properties": { "id_original": 4, "id_parcela": 723, "linha": 3, "coluna": 21, "area_m2": 10.763000038967741, "code": null, "description": null, "edificio": null }, "geometry": { "type": "Polygon", "coordinates": [ [ [ 32.635987892350812, -25.771019479628091 ], [ 32.635987794023983, -25.770990668476976 ], [ 32.636021435427601, -25.770990574343735 ], [ 32.636021533762552, -25.771019385494903 ], [ 32.635987892350812, -25.771019479628091 ] ] ] } },
{ "type": "Feature", "properties": { "id_original": 4, "id_parcela": 732, "linha": 4, "coluna": 3, "area_m2": 10.763000041210759, "code": null, "description": null, "edificio": null }, "geometry": { "type": "Polygon", "coordinates": [ [ [ 32.635956020668381, -25.771538174452736 ], [ 32.635955922350469, -25.771509363303743 ], [ 32.635989563900267, -25.771509269179447 ], [ 32.635989662226315, -25.771538080328504 ], [ 32.635956020668381, -25.771538174452736 ] ] ] } },
{ "type": "Feature", "properties": { "id_original": 4, "id_parcela": 733, "linha": 4, "coluna": 4, "area_m2": 10.763000039988157, "code": null, "description": null, "edificio": null }, "geometry": { "type": "Polygon", "coordinates": [ [ [ 32.635955922350469, -25.771509363303743 ], [ 32.6359558240325, -25.771480552154642 ], [ 32.635989465574184, -25.771480458030272 ], [ 32.635989563900267, -25.771509269179447 ], [ 32.635955922350469, -25.771509363303743 ] ] ] } },
{ "type": "Feature", "properties": { "id_original": 4, "id_parcela": 734, "linha": 4, "coluna": 5, "area_m2": 10.763000041836714, "code": null, "description": null, "edificio": null }, "geometry": { "type": "Polygon", "coordinates": [ [ [ 32.6359558240325, -25.771480552154642 ], [ 32.635955725714496, -25.771451741005407 ], [ 32.635989367248051, -25.771451646880983 ], [ 32.635989465574184, -25.771480458030272 ], [ 32.6359558240325, -25.771480552154642 ] ] ] } },
{ "type": "Feature", "properties": { "id_original": 4, "id_parcela": 735, "linha": 4, "coluna": 6, "area_m2": 10.763000039427357, "code": null, "description": null, "edificio": null }, "geometry": { "type": "Polygon", "coordinates": [ [ [ 32.635955725714496, -25.771451741005407 ], [ 32.635955627396449, -25.771422929856087 ], [ 32.635989268921882, -25.771422835731588 ], [ 32.635989367248051, -25.771451646880983 ], [ 32.635955725714496, -25.771451741005407 ] ] ] } },
{ "type": "Feature", "properties": { "id_original": 4, "id_parcela": 736, "linha": 4, "coluna": 7, "area_m2": 10.763000041836714, "code": null, "description": null, "edificio": null }, "geometry": { "type": "Polygon", "coordinates": [ [ [ 32.635955627396449, -25.771422929856087 ], [ 32.635955529078352, -25.771394118706635 ], [ 32.635989170595664, -25.771394024582079 ], [ 32.635989268921882, -25.771422835731588 ], [ 32.635955627396449, -25.771422929856087 ] ] ] } },
{ "type": "Feature", "properties": { "id_original": 4, "id_parcela": 737, "linha": 4, "coluna": 8, "area_m2": 10.763000041836714, "code": null, "description": null, "edificio": null }, "geometry": { "type": "Polygon", "coordinates": [ [ [ 32.635955529078352, -25.771394118706635 ], [ 32.635955430760212, -25.771365307557065 ], [ 32.635989072269403, -25.77136521343245 ], [ 32.635989170595664, -25.771394024582079 ], [ 32.635955529078352, -25.771394118706635 ] ] ] } },
{ "type": "Feature", "properties": { "id_original": 4, "id_parcela": 738, "linha": 4, "coluna": 9, "area_m2": 10.763000039988157, "code": null, "description": null, "edificio": null }, "geometry": { "type": "Polygon", "coordinates": [ [ [ 32.635955430760212, -25.771365307557065 ], [ 32.63595533244203, -25.77133649640739 ], [ 32.635988973943093, -25.771336402282714 ], [ 32.635989072269403, -25.77136521343245 ], [ 32.635955430760212, -25.771365307557065 ] ] ] } },
{ "type": "Feature", "properties": { "id_original": 4, "id_parcela": 739, "linha": 4, "coluna": 10, "area_m2": 10.763000039988157, "code": null, "description": null, "edificio": null }, "geometry": { "type": "Polygon", "coordinates": [ [ [ 32.63595533244203, -25.77133649640739 ], [ 32.635955234123799, -25.771307685257614 ], [ 32.635988875616739, -25.771307591132853 ], [ 32.635988973943093, -25.771336402282714 ], [ 32.63595533244203, -25.77133649640739 ] ] ] } },
{ "type": "Feature", "properties": { "id_original": 4, "id_parcela": 740, "linha": 4, "coluna": 11, "area_m2": 10.763000042498515, "code": null, "description": null, "edificio": null }, "geometry": { "type": "Polygon", "coordinates": [ [ [ 32.635955234123799, -25.771307685257614 ], [ 32.635955135805531, -25.771278874107704 ], [ 32.635988777290351, -25.77127877998289 ], [ 32.635988875616739, -25.771307591132853 ], [ 32.635955234123799, -25.771307685257614 ] ] ] } },
{ "type": "Feature", "properties": { "id_original": 4, "id_parcela": 741, "linha": 4, "coluna": 12, "area_m2": 10.763000041836714, "code": null, "description": null, "edificio": null }, "geometry": { "type": "Polygon", "coordinates": [ [ [ 32.635955037487207, -25.771250062957698 ], [ 32.635954939168847, -25.771221251807564 ], [ 32.635988580637417, -25.771221157682618 ], [ 32.635988678963898, -25.771249968832809 ], [ 32.635955037487207, -25.771250062957698 ] ] ] } },
{ "type": "Feature", "properties": { "id_original": 4, "id_parcela": 742, "linha": 4, "coluna": 13, "area_m2": 10.763000038765556, "code": null, "description": null, "edificio": null }, "geometry": { "type": "Polygon", "coordinates": [ [ [ 32.635954939168847, -25.771221251807564 ], [ 32.635954840850445, -25.771192440657327 ], [ 32.635988482310886, -25.771192346532324 ], [ 32.635988580637417, -25.771221157682618 ], [ 32.635954939168847, -25.771221251807564 ] ] ] } },
{ "type": "Feature", "properties": { "id_original": 4, "id_parcela": 744, "linha": 4, "coluna": 15, "area_m2": 10.763000039988157, "code": null, "description": null, "edificio": null }, "geometry": { "type": "Polygon", "coordinates": [ [ [ 32.635954840850445, -25.771192440657316 ], [ 32.635954742532, -25.771163629506969 ], [ 32.635988383984326, -25.771163535381874 ], [ 32.635988482310893, -25.771192346532313 ], [ 32.635954840850445, -25.771192440657316 ] ] ] } },
{ "type": "Feature", "properties": { "id_original": 4, "id_parcela": 745, "linha": 4, "coluna": 16, "area_m2": 10.763000041872559, "code": null, "description": null, "edificio": null }, "geometry": { "type": "Polygon", "coordinates": [ [ [ 32.635954742532, -25.771163629506969 ], [ 32.63595464421352, -25.771134818356501 ], [ 32.635988285657717, -25.771134724231345 ], [ 32.635988383984326, -25.771163535381874 ], [ 32.635954742532, -25.771163629506969 ] ] ] } },
{ "type": "Feature", "properties": { "id_original": 4, "id_parcela": 746, "linha": 4, "coluna": 17, "area_m2": 10.763000039988157, "code": null, "description": null, "edificio": null }, "geometry": { "type": "Polygon", "coordinates": [ [ [ 32.63595464421352, -25.771134818356501 ], [ 32.635954545894982, -25.771106007205915 ], [ 32.635988187331058, -25.77110591308071 ], [ 32.635988285657717, -25.771134724231345 ], [ 32.63595464421352, -25.771134818356501 ] ] ] } },
{ "type": "Feature", "properties": { "id_original": 4, "id_parcela": 747, "linha": 4, "coluna": 18, "area_m2": 10.763000041836714, "code": null, "description": null, "edificio": null }, "geometry": { "type": "Polygon", "coordinates": [ [ [ 32.635954545894982, -25.771106007205915 ], [ 32.635954447576403, -25.77107719605522 ], [ 32.635988089004357, -25.771077101929947 ], [ 32.635988187331058, -25.77110591308071 ], [ 32.635954545894982, -25.771106007205915 ] ] ] } },
{ "type": "Feature", "properties": { "id_original": 4, "id_parcela": 748, "linha": 4, "coluna": 19, "area_m2": 10.763000040614113, "code": null, "description": null, "edificio": null }, "geometry": { "type": "Polygon", "coordinates": [ [ [ 32.635954447576403, -25.77107719605522 ], [ 32.63595434925778, -25.771048384904404 ], [ 32.635987990677606, -25.771048290779074 ], [ 32.635988089004357, -25.771077101929947 ], [ 32.635954447576403, -25.77107719605522 ] ] ] } },
{ "type": "Feature", "properties": { "id_original": 4, "id_parcela": 749, "linha": 4, "coluna": 20, "area_m2": 10.763000040614113, "code": null, "description": null, "edificio": null }, "geometry": { "type": "Polygon", "coordinates": [ [ [ 32.63595434925778, -25.771048384904404 ], [ 32.635954250939108, -25.771019573753485 ], [ 32.635987892350812, -25.771019479628091 ], [ 32.635987990677606, -25.771048290779074 ], [ 32.63595434925778, -25.771048384904404 ] ] ] } },
{ "type": "Feature", "properties": { "id_original": 4, "id_parcela": 750, "linha": 4, "coluna": 21, "area_m2": 10.763000042498515, "code": null, "description": null, "edificio": null }, "geometry": { "type": "Polygon", "coordinates": [ [ [ 32.635954250939108, -25.771019573753485 ], [ 32.635954152620407, -25.770990762602452 ], [ 32.635987794023983, -25.770990668476976 ], [ 32.635987892350812, -25.771019479628091 ], [ 32.635954250939108, -25.771019573753485 ] ] ] } },
{ "type": "Feature", "properties": { "id_original": 4, "id_parcela": 784, "linha": 6, "coluna": 1, "area_m2": 10.643485624183072, "code": null, "description": null, "edificio": null }, "geometry": { "type": "Polygon", "coordinates": [ [ [ 32.635922477420245, -25.771567079718 ], [ 32.63592257546658, -25.771595813681579 ], [ 32.635888939920079, -25.771595984959127 ], [ 32.635889487104507, -25.771567172004886 ], [ 32.635922477420245, -25.771567079718 ] ] ] } },
{ "type": "Feature", "properties": { "id_original": 4, "id_parcela": 785, "linha": 6, "coluna": 2, "area_m2": 10.451388831108053, "code": null, "description": null, "edificio": null }, "geometry": { "type": "Polygon", "coordinates": [ [ [ 32.635922379110504, -25.771538268569195 ], [ 32.635922477420245, -25.771567079718 ], [ 32.635889487104507, -25.771567172004886 ], [ 32.635890034288572, -25.771538359050531 ], [ 32.635922379110504, -25.771538268569195 ] ] ] } },
{ "type": "Feature", "properties": { "id_original": 4, "id_parcela": 786, "linha": 6, "coluna": 3, "area_m2": 10.244877457719342, "code": null, "description": null, "edificio": null }, "geometry": { "type": "Polygon", "coordinates": [ [ [ 32.635922280800706, -25.771509457420258 ], [ 32.635922379110504, -25.771538268569195 ], [ 32.635890034288572, -25.771538359050531 ], [ 32.63589058147231, -25.771509546096048 ], [ 32.635922280800706, -25.771509457420258 ] ] ] } },
{ "type": "Feature", "properties": { "id_original": 4, "id_parcela": 787, "linha": 6, "coluna": 4, "area_m2": 10.038366080182927, "code": null, "description": null, "edificio": null }, "geometry": { "type": "Polygon", "coordinates": [ [ [ 32.635922182490873, -25.771480646271225 ], [ 32.635922280800706, -25.771509457420258 ], [ 32.63589058147231, -25.771509546096048 ], [ 32.635891128655665, -25.771480733141455 ], [ 32.635922182490873, -25.771480646271225 ] ] ] } },
{ "type": "Feature", "properties": { "id_original": 4, "id_parcela": 788, "linha": 6, "coluna": 5, "area_m2": 9.8318547107697505, "code": null, "description": null, "edificio": null }, "geometry": { "type": "Polygon", "coordinates": [ [ [ 32.635922084180983, -25.771451835122072 ], [ 32.635922182490873, -25.771480646271225 ], [ 32.635891128655665, -25.771480733141455 ], [ 32.635891675838664, -25.771451920186738 ], [ 32.635922084180983, -25.771451835122072 ] ] ] } },
{ "type": "Feature", "properties": { "id_original": 4, "id_parcela": 789, "linha": 6, "coluna": 6, "area_m2": 9.6579023976944303, "code": null, "description": null, "edificio": null }, "geometry": { "type": "Polygon", "coordinates": [ [ [ 32.635921985871057, -25.771423023972794 ], [ 32.635922084180983, -25.771451835122072 ], [ 32.635891675838664, -25.771451920186738 ], [ 32.635891948890531, -25.771437542118321 ], [ 32.635891816747701, -25.771423108368371 ], [ 32.635921985871057, -25.771423023972794 ] ] ] } },
{ "type": "Feature", "properties": { "id_original": 4, "id_parcela": 790, "linha": 6, "coluna": 7, "area_m2": 9.6785360091879937, "code": null, "description": null, "edificio": null }, "geometry": { "type": "Polygon", "coordinates": [ [ [ 32.635921887561089, -25.771394212823406 ], [ 32.635921985871057, -25.771423023972794 ], [ 32.635891816747701, -25.771423108368371 ], [ 32.63589155298218, -25.771394297681908 ], [ 32.635921887561089, -25.771394212823406 ] ] ] } },
{ "type": "Feature", "properties": { "id_original": 4, "id_parcela": 791, "linha": 6, "coluna": 8, "area_m2": 9.7314728736622857, "code": null, "description": null, "edificio": null }, "geometry": { "type": "Polygon", "coordinates": [ [ [ 32.635921789251071, -25.771365401673915 ], [ 32.635921887561089, -25.771394212823406 ], [ 32.63589155298218, -25.771394297681908 ], [ 32.635891289216708, -25.771365486995318 ], [ 32.635921789251071, -25.771365401673915 ] ] ] } },
{ "type": "Feature", "properties": { "id_original": 4, "id_parcela": 792, "linha": 6, "coluna": 9, "area_m2": 9.7844097331205901, "code": null, "description": null, "edificio": null }, "geometry": { "type": "Polygon", "coordinates": [ [ [ 32.635921690941011, -25.771336590524303 ], [ 32.635921789251071, -25.771365401673915 ], [ 32.635891289216708, -25.771365486995318 ], [ 32.635891025451272, -25.771336676308628 ], [ 32.635921690941011, -25.771336590524303 ] ] ] } },
{ "type": "Feature", "properties": { "id_original": 4, "id_parcela": 793, "linha": 6, "coluna": 10, "area_m2": 9.8373465969991791, "code": null, "description": null, "edificio": null }, "geometry": { "type": "Polygon", "coordinates": [ [ [ 32.635921592630908, -25.771307779374581 ], [ 32.635921690941011, -25.771336590524303 ], [ 32.635891025451272, -25.771336676308628 ], [ 32.635890761685864, -25.771307865621818 ], [ 32.635921592630908, -25.771307779374581 ] ] ] } },
{ "type": "Feature", "properties": { "id_original": 4, "id_parcela": 794, "linha": 6, "coluna": 11, "area_m2": 9.8902834598886447, "code": null, "description": null, "edificio": null }, "geometry": { "type": "Polygon", "coordinates": [ [ [ 32.635921494320769, -25.771278968224745 ], [ 32.635921592630908, -25.771307779374581 ], [ 32.635890761685864, -25.771307865621818 ], [ 32.635890497920514, -25.771279054934883 ], [ 32.635921494320769, -25.771278968224745 ] ] ] } },
{ "type": "Feature", "properties": { "id_original": 4, "id_parcela": 795, "linha": 6, "coluna": 12, "area_m2": 9.9432203237479833, "code": null, "description": null, "edificio": null }, "geometry": { "type": "Polygon", "coordinates": [ [ [ 32.635921396010573, -25.771250157074792 ], [ 32.635921494320769, -25.771278968224745 ], [ 32.635890497920514, -25.771279054934883 ], [ 32.635890234155177, -25.771250244247845 ], [ 32.635921396010573, -25.771250157074792 ] ] ] } },
{ "type": "Feature", "properties": { "id_original": 4, "id_parcela": 796, "linha": 6, "coluna": 13, "area_m2": 9.996157185415246, "code": null, "description": null, "edificio": null }, "geometry": { "type": "Polygon", "coordinates": [ [ [ 32.635921297700335, -25.771221345924729 ], [ 32.635921396010573, -25.771250157074792 ], [ 32.635890234155177, -25.771250244247845 ], [ 32.635889970389883, -25.771221433560697 ], [ 32.635921297700335, -25.771221345924729 ] ] ] } },
{ "type": "Feature", "properties": { "id_original": 4, "id_parcela": 797, "linha": 6, "coluna": 14, "area_m2": 10.049094049934853, "code": null, "description": null, "edificio": null }, "geometry": { "type": "Polygon", "coordinates": [ [ [ 32.635921199390054, -25.771192534774556 ], [ 32.635921297700335, -25.771221345924729 ], [ 32.635889970389883, -25.771221433560697 ], [ 32.635889706624617, -25.771192622873432 ], [ 32.635921199390054, -25.771192534774556 ] ] ] } },
{ "type": "Feature", "properties": { "id_original": 4, "id_parcela": 798, "linha": 6, "coluna": 15, "area_m2": 10.102030910454936, "code": null, "description": null, "edificio": null }, "geometry": { "type": "Polygon", "coordinates": [ [ [ 32.635921101079738, -25.771163723624266 ], [ 32.635921199390054, -25.771192534774556 ], [ 32.635889706624617, -25.771192622873432 ], [ 32.635889442859394, -25.77116381218606 ], [ 32.635921101079738, -25.771163723624266 ] ] ] } },
{ "type": "Feature", "properties": { "id_original": 4, "id_parcela": 799, "linha": 6, "coluna": 16, "area_m2": 10.15496777560651, "code": null, "description": null, "edificio": null }, "geometry": { "type": "Polygon", "coordinates": [ [ [ 32.635921002769372, -25.771134912473862 ], [ 32.635921101079738, -25.771163723624266 ], [ 32.635889442859394, -25.77116381218606 ], [ 32.635889179094214, -25.771135001498571 ], [ 32.635921002769372, -25.771134912473862 ] ] ] } },
{ "type": "Feature", "properties": { "id_original": 4, "id_parcela": 800, "linha": 6, "coluna": 17, "area_m2": 10.207904636619388, "code": null, "description": null, "edificio": null }, "geometry": { "type": "Polygon", "coordinates": [ [ [ 32.635920904458956, -25.77110610132334 ], [ 32.635921002769372, -25.771134912473862 ], [ 32.635889179094214, -25.771135001498571 ], [ 32.635888915329069, -25.771106190810961 ], [ 32.635920904458956, -25.77110610132334 ] ] ] } },
{ "type": "Feature", "properties": { "id_original": 4, "id_parcela": 801, "linha": 6, "coluna": 18, "area_m2": 10.260841499385176, "code": null, "description": null, "edificio": null }, "geometry": { "type": "Polygon", "coordinates": [ [ [ 32.635920806148505, -25.771077290172716 ], [ 32.635920904458956, -25.77110610132334 ], [ 32.635888915329069, -25.771106190810961 ], [ 32.635888651563938, -25.771077380123252 ], [ 32.635920806148505, -25.771077290172716 ] ] ] } },
{ "type": "Feature", "properties": { "id_original": 4, "id_parcela": 802, "linha": 6, "coluna": 19, "area_m2": 10.31377836341281, "code": null, "description": null, "edificio": null }, "geometry": { "type": "Polygon", "coordinates": [ [ [ 32.635920707837997, -25.771048479021971 ], [ 32.635920806148505, -25.771077290172716 ], [ 32.635888651563938, -25.771077380123252 ], [ 32.635888387798865, -25.771048569435422 ], [ 32.635920707837997, -25.771048479021971 ] ] ] } },
{ "type": "Feature", "properties": { "id_original": 4, "id_parcela": 803, "linha": 6, "coluna": 20, "area_m2": 10.366715226207422, "code": null, "description": null, "edificio": null }, "geometry": { "type": "Polygon", "coordinates": [ [ [ 32.635920609527453, -25.771019667871112 ], [ 32.635920707837997, -25.771048479021971 ], [ 32.635888387798865, -25.771048569435422 ], [ 32.635888124033819, -25.771019758747475 ], [ 32.635920609527453, -25.771019667871112 ] ] ] } },
{ "type": "Feature", "properties": { "id_original": 4, "id_parcela": 804, "linha": 6, "coluna": 21, "area_m2": 10.419652088454951, "code": null, "description": null, "edificio": null }, "geometry": { "type": "Polygon", "coordinates": [ [ [ 32.635920511216867, -25.770990856720143 ], [ 32.635920609527453, -25.771019667871112 ], [ 32.635888124033819, -25.771019758747475 ], [ 32.635887860268824, -25.770990948059431 ], [ 32.635920511216867, -25.770990856720143 ] ] ] } },
{ "type": "Feature", "properties": { "id_original": 4, "id_parcela": 805, "linha": 6, "coluna": 22, "area_m2": 10.472588949405999, "code": null, "description": null, "edificio": null }, "geometry": { "type": "Polygon", "coordinates": [ [ [ 32.635920412906245, -25.770962045569064 ], [ 32.635920511216867, -25.770990856720143 ], [ 32.635887860268824, -25.770990948059431 ], [ 32.635887596503849, -25.770962137371271 ], [ 32.635920412906245, -25.770962045569064 ] ] ] } },
{ "type": "Feature", "properties": { "id_original": 4, "id_parcela": 704, "linha": 3, "coluna": 2, "area_m2": 10.763000038866648, "code": null, "description": null, "edificio": null }, "geometry": { "type": "Polygon", "coordinates": [ [ [ 32.635743862340647, -25.771538776980481 ], [ 32.635777503898268, -25.771538682905298 ], [ 32.635811145455939, -25.771538588822338 ], [ 32.635811243738821, -25.771567399970927 ], [ 32.635777602173029, -25.771567494053826 ], [ 32.635743960607279, -25.771567588128949 ], [ 32.635743862340647, -25.771538776980481 ] ] ] } },
{ "type": "Feature", "properties": { "id_original": 4, "id_parcela": 649, "linha": 1, "coluna": 1, "area_m2": 10.538881032668643, "code": null, "description": null, "edificio": null }, "geometry": { "type": "Polygon", "coordinates": [ [ [ 32.635844885304671, -25.771567305880261 ], [ 32.635878322631257, -25.771567212353119 ], [ 32.635878411622464, -25.771595560832857 ], [ 32.635844982278847, -25.771595731050279 ], [ 32.635844885304671, -25.771567305880261 ] ] ] } },
{ "type": "Feature", "properties": { "id_original": 4, "id_parcela": 650, "linha": 1, "coluna": 2, "area_m2": 10.698914019168775, "code": null, "description": null, "edificio": null }, "geometry": { "type": "Polygon", "coordinates": [ [ [ 32.635844885304671, -25.771567305880261 ], [ 32.635844787013653, -25.771538494731594 ], [ 32.635878232187522, -25.771538401182411 ], [ 32.635878322631257, -25.771567212353119 ], [ 32.635844885304671, -25.771567305880261 ] ] ] } },
{ "type": "Feature", "properties": { "id_original": 4, "id_parcela": 651, "linha": 1, "coluna": 3, "area_m2": 10.701427198080889, "code": null, "description": null, "edificio": null }, "geometry": { "type": "Polygon", "coordinates": [ [ [ 32.635844787013653, -25.771538494731594 ], [ 32.635844688722592, -25.771509683582817 ], [ 32.635878141743738, -25.771509590011583 ], [ 32.635878232187522, -25.771538401182411 ], [ 32.635844787013653, -25.771538494731594 ] ] ] } },
{ "type": "Feature", "properties": { "id_original": 4, "id_parcela": 652, "linha": 1, "coluna": 4, "area_m2": 10.703940375223745, "code": null, "description": null, "edificio": null }, "geometry": { "type": "Polygon", "coordinates": [ [ [ 32.635844688722592, -25.771509683582817 ], [ 32.635844590431489, -25.77148087243393 ], [ 32.635878051299919, -25.771480778840672 ], [ 32.635878141743738, -25.771509590011583 ], [ 32.635844688722592, -25.771509683582817 ] ] ] } },
{ "type": "Feature", "properties": { "id_original": 4, "id_parcela": 653, "linha": 1, "coluna": 5, "area_m2": 10.706453554195559, "code": null, "description": null, "edificio": null }, "geometry": { "type": "Polygon", "coordinates": [ [ [ 32.635844590431489, -25.77148087243393 ], [ 32.635844492140343, -25.771452061284926 ], [ 32.635877960856028, -25.771451967669627 ], [ 32.635878051299919, -25.771480778840672 ], [ 32.635844590431489, -25.77148087243393 ] ] ] } },
{ "type": "Feature", "properties": { "id_original": 4, "id_parcela": 654, "linha": 1, "coluna": 6, "area_m2": 10.708966727191426, "code": null, "description": null, "edificio": null }, "geometry": { "type": "Polygon", "coordinates": [ [ [ 32.635844492140343, -25.771452061284926 ], [ 32.635844393849162, -25.771423250135808 ], [ 32.635877870412124, -25.771423156498464 ], [ 32.635877960856028, -25.771451967669627 ], [ 32.635844492140343, -25.771452061284926 ] ] ] } },
{ "type": "Feature", "properties": { "id_original": 4, "id_parcela": 655, "linha": 1, "coluna": 7, "area_m2": 10.711479908502284, "code": null, "description": null, "edificio": null }, "geometry": { "type": "Polygon", "coordinates": [ [ [ 32.635844393849162, -25.771423250135808 ], [ 32.635844295557931, -25.771394438986572 ], [ 32.635877779968141, -25.771394345327195 ], [ 32.635877870412124, -25.771423156498464 ], [ 32.635844393849162, -25.771423250135808 ] ] ] } },
{ "type": "Feature", "properties": { "id_original": 4, "id_parcela": 656, "linha": 1, "coluna": 8, "area_m2": 10.713993083802627, "code": null, "description": null, "edificio": null }, "geometry": { "type": "Polygon", "coordinates": [ [ [ 32.635844295557931, -25.771394438986572 ], [ 32.63584419726665, -25.77136562783722 ], [ 32.635877689524129, -25.771365534155812 ], [ 32.635877779968141, -25.771394345327195 ], [ 32.635844295557931, -25.771394438986572 ] ] ] } },
{ "type": "Feature", "properties": { "id_original": 4, "id_parcela": 657, "linha": 1, "coluna": 9, "area_m2": 10.716506260934588, "code": null, "description": null, "edificio": null }, "geometry": { "type": "Polygon", "coordinates": [ [ [ 32.63584419726665, -25.77136562783722 ], [ 32.635844098975319, -25.771336816687768 ], [ 32.635877599080047, -25.771336722984309 ], [ 32.635877689524129, -25.771365534155812 ], [ 32.63584419726665, -25.77136562783722 ] ] ] } },
{ "type": "Feature", "properties": { "id_original": 4, "id_parcela": 658, "linha": 1, "coluna": 10, "area_m2": 10.719019436326541, "code": null, "description": null, "edificio": null }, "geometry": { "type": "Polygon", "coordinates": [ [ [ 32.635844098975319, -25.771336816687768 ], [ 32.635844000683953, -25.771308005538202 ], [ 32.635877508635943, -25.771307911812706 ], [ 32.635877599080047, -25.771336722984309 ], [ 32.635844098975319, -25.771336816687768 ] ] ] } },
{ "type": "Feature", "properties": { "id_original": 4, "id_parcela": 659, "linha": 1, "coluna": 11, "area_m2": 10.721532616526472, "code": null, "description": null, "edificio": null }, "geometry": { "type": "Polygon", "coordinates": [ [ [ 32.635844000683953, -25.771308005538202 ], [ 32.635843902392551, -25.771279194388502 ], [ 32.635877418191782, -25.771279100640982 ], [ 32.635877508635943, -25.771307911812706 ], [ 32.635844000683953, -25.771308005538202 ] ] ] } },
{ "type": "Feature", "properties": { "id_original": 4, "id_parcela": 660, "linha": 1, "coluna": 12, "area_m2": 10.72404579422469, "code": null, "description": null, "edificio": null }, "geometry": { "type": "Polygon", "coordinates": [ [ [ 32.635843902392551, -25.771279194388502 ], [ 32.6358438041011, -25.771250383238705 ], [ 32.635877327747579, -25.77125028946914 ], [ 32.635877418191782, -25.771279100640982 ], [ 32.635843902392551, -25.771279194388502 ] ] ] } },
{ "type": "Feature", "properties": { "id_original": 4, "id_parcela": 661, "linha": 1, "coluna": 13, "area_m2": 10.726558968297065, "code": null, "description": null, "edificio": null }, "geometry": { "type": "Polygon", "coordinates": [ [ [ 32.6358438041011, -25.771250383238705 ], [ 32.635843705809599, -25.771221572088802 ], [ 32.635877237303305, -25.771221478297193 ], [ 32.635877327747579, -25.77125028946914 ], [ 32.6358438041011, -25.771250383238705 ] ] ] } },
{ "type": "Feature", "properties": { "id_original": 4, "id_parcela": 662, "linha": 1, "coluna": 14, "area_m2": 10.729072146749321, "code": null, "description": null, "edificio": null }, "geometry": { "type": "Polygon", "coordinates": [ [ [ 32.635843705809599, -25.771221572088802 ], [ 32.635843607518055, -25.771192760938767 ], [ 32.635877146859002, -25.771192667125124 ], [ 32.635877237303305, -25.771221478297193 ], [ 32.635843705809599, -25.771221572088802 ] ] ] } },
{ "type": "Feature", "properties": { "id_original": 4, "id_parcela": 663, "linha": 1, "coluna": 15, "area_m2": 10.731585322602974, "code": null, "description": null, "edificio": null }, "geometry": { "type": "Polygon", "coordinates": [ [ [ 32.635843607518055, -25.771192760938767 ], [ 32.635843509226468, -25.771163949788633 ], [ 32.635877056414643, -25.771163855952949 ], [ 32.635877146859002, -25.771192667125124 ], [ 32.635843607518055, -25.771192760938767 ] ] ] } },
{ "type": "Feature", "properties": { "id_original": 4, "id_parcela": 664, "linha": 1, "coluna": 16, "area_m2": 10.734098502838716, "code": null, "description": null, "edificio": null }, "geometry": { "type": "Polygon", "coordinates": [ [ [ 32.635843509226468, -25.771163949788633 ], [ 32.635843410934839, -25.771135138638382 ], [ 32.635876965970255, -25.77113504478065 ], [ 32.635877056414643, -25.771163855952949 ], [ 32.635843509226468, -25.771163949788633 ] ] ] } },
{ "type": "Feature", "properties": { "id_original": 4, "id_parcela": 665, "linha": 1, "coluna": 17, "area_m2": 10.736611678093986, "code": null, "description": null, "edificio": null }, "geometry": { "type": "Polygon", "coordinates": [ [ [ 32.635843410934839, -25.771135138638382 ], [ 32.635843312643161, -25.77110632748801 ], [ 32.635876875525796, -25.771106233608251 ], [ 32.635876965970255, -25.77113504478065 ], [ 32.635843410934839, -25.771135138638382 ] ] ] } },
{ "type": "Feature", "properties": { "id_original": 4, "id_parcela": 666, "linha": 1, "coluna": 18, "area_m2": 10.739124855329639, "code": null, "description": null, "edificio": null }, "geometry": { "type": "Polygon", "coordinates": [ [ [ 32.635843312643161, -25.77110632748801 ], [ 32.635843214351446, -25.771077516337535 ], [ 32.635876785081294, -25.771077422435738 ], [ 32.635876875525796, -25.771106233608251 ], [ 32.635843312643161, -25.77110632748801 ] ] ] } },
{ "type": "Feature", "properties": { "id_original": 4, "id_parcela": 667, "linha": 1, "coluna": 19, "area_m2": 10.741638033027236, "code": null, "description": null, "edificio": null }, "geometry": { "type": "Polygon", "coordinates": [ [ [ 32.635843214351446, -25.771077516337535 ], [ 32.635843116059682, -25.771048705186942 ], [ 32.635876694636742, -25.771048611263101 ], [ 32.635876785081294, -25.771077422435738 ], [ 32.635843214351446, -25.771077516337535 ] ] ] } },
{ "type": "Feature", "properties": { "id_original": 4, "id_parcela": 705, "linha": 3, "coluna": 3, "area_m2": 10.763000038931896, "code": null, "description": null, "edificio": null }, "geometry": { "type": "Polygon", "coordinates": [ [ [ 32.635777503898268, -25.771538682905298 ], [ 32.635777405623458, -25.771509871756642 ], [ 32.635811047173, -25.771509777673632 ], [ 32.635811145455939, -25.771538588822338 ], [ 32.635777503898268, -25.771538682905298 ] ] ] } },
{ "type": "Feature", "properties": { "id_original": 4, "id_parcela": 706, "linha": 3, "coluna": 4, "area_m2": 10.763000035860738, "code": null, "description": null, "edificio": null }, "geometry": { "type": "Polygon", "coordinates": [ [ [ 32.635777405623458, -25.771509871756642 ], [ 32.635777307348604, -25.771481060607879 ], [ 32.635810948890018, -25.771480966524802 ], [ 32.635811047173, -25.771509777673632 ], [ 32.635777405623458, -25.771509871756642 ] ] ] } },
{ "type": "Feature", "properties": { "id_original": 4, "id_parcela": 707, "linha": 3, "coluna": 5, "area_m2": 10.763000038931896, "code": null, "description": null, "edificio": null }, "geometry": { "type": "Polygon", "coordinates": [ [ [ 32.635777307348604, -25.771481060607879 ], [ 32.635777209073701, -25.77145224945901 ], [ 32.635810850607001, -25.771452155375858 ], [ 32.635810948890018, -25.771480966524802 ], [ 32.635777307348604, -25.771481060607879 ] ] ] } },
{ "type": "Feature", "properties": { "id_original": 4, "id_parcela": 708, "linha": 3, "coluna": 6, "area_m2": 10.76300003774514, "code": null, "description": null, "edificio": null }, "geometry": { "type": "Polygon", "coordinates": [ [ [ 32.635777209073701, -25.77145224945901 ], [ 32.63577711079877, -25.771423438310027 ], [ 32.635810752323941, -25.771423344226797 ], [ 32.635810850607001, -25.771452155375858 ], [ 32.635777209073701, -25.77145224945901 ] ] ] } },
{ "type": "Feature", "properties": { "id_original": 4, "id_parcela": 709, "linha": 3, "coluna": 7, "area_m2": 10.76300003830594, "code": null, "description": null, "edificio": null }, "geometry": { "type": "Polygon", "coordinates": [ [ [ 32.63577711079877, -25.771423438310027 ], [ 32.635777012523782, -25.771394627160927 ], [ 32.635810654040824, -25.771394533077629 ], [ 32.635810752323941, -25.771423344226797 ], [ 32.63577711079877, -25.771423438310027 ] ] ] } },
{ "type": "Feature", "properties": { "id_original": 4, "id_parcela": 710, "linha": 3, "coluna": 8, "area_m2": 10.76300003830594, "code": null, "description": null, "edificio": null }, "geometry": { "type": "Polygon", "coordinates": [ [ [ 32.635777012523782, -25.771394627160927 ], [ 32.635776914248751, -25.771365816011716 ], [ 32.635810555757665, -25.771365721928355 ], [ 32.635810654040824, -25.771394533077629 ], [ 32.635777012523782, -25.771394627160927 ] ] ] } },
{ "type": "Feature", "properties": { "id_original": 4, "id_parcela": 711, "linha": 3, "coluna": 9, "area_m2": 10.763000037083339, "code": null, "description": null, "edificio": null }, "geometry": { "type": "Polygon", "coordinates": [ [ [ 32.635776914248751, -25.771365816011716 ], [ 32.635776815973671, -25.771337004862382 ], [ 32.63581045747447, -25.771336910778956 ], [ 32.635810555757665, -25.771365721928355 ], [ 32.635776914248751, -25.771365816011716 ] ] ] } },
{ "type": "Feature", "properties": { "id_original": 4, "id_parcela": 712, "linha": 3, "coluna": 10, "area_m2": 10.763000037083339, "code": null, "description": null, "edificio": null }, "geometry": { "type": "Polygon", "coordinates": [ [ [ 32.635776815973671, -25.771337004862382 ], [ 32.635776717698555, -25.771308193712937 ], [ 32.635810359191225, -25.771308099629454 ], [ 32.63581045747447, -25.771336910778956 ], [ 32.635776815973671, -25.771337004862382 ] ] ] } },
{ "type": "Feature", "properties": { "id_original": 4, "id_parcela": 713, "linha": 3, "coluna": 11, "area_m2": 10.76300003774514, "code": null, "description": null, "edificio": null }, "geometry": { "type": "Polygon", "coordinates": [ [ [ 32.635776619423382, -25.771279382563389 ], [ 32.635776521148181, -25.771250571413727 ], [ 32.635810162624608, -25.771250477330113 ], [ 32.635810260907931, -25.771279288479839 ], [ 32.635776619423382, -25.771279382563389 ] ] ] } },
{ "type": "Feature", "properties": { "id_original": 4, "id_parcela": 714, "linha": 3, "coluna": 12, "area_m2": 10.763000038931896, "code": null, "description": null, "edificio": null }, "geometry": { "type": "Polygon", "coordinates": [ [ [ 32.635776521148181, -25.771250571413727 ], [ 32.635776422872929, -25.771221760263934 ], [ 32.635810064341229, -25.771221666180264 ], [ 32.635810162624608, -25.771250477330113 ], [ 32.635776521148181, -25.771250571413727 ] ] ] } },
{ "type": "Feature", "properties": { "id_original": 4, "id_parcela": 715, "linha": 3, "coluna": 13, "area_m2": 10.763000037083339, "code": null, "description": null, "edificio": null }, "geometry": { "type": "Polygon", "coordinates": [ [ [ 32.635776422872929, -25.771221760263934 ], [ 32.635776324597636, -25.771192949114052 ], [ 32.635809966057806, -25.7711928550303 ], [ 32.635810064341229, -25.771221666180264 ], [ 32.635776422872929, -25.771221760263934 ] ] ] } },
{ "type": "Feature", "properties": { "id_original": 4, "id_parcela": 717, "linha": 3, "coluna": 15, "area_m2": 10.763000037083339, "code": null, "description": null, "edificio": null }, "geometry": { "type": "Polygon", "coordinates": [ [ [ 32.635776324597643, -25.771192949114042 ], [ 32.635776226322299, -25.771164137964028 ], [ 32.635809867774348, -25.771164043880223 ], [ 32.635809966057813, -25.7711928550303 ], [ 32.635776324597643, -25.771192949114042 ] ] ] } },
{ "type": "Feature", "properties": { "id_original": 4, "id_parcela": 718, "linha": 3, "coluna": 16, "area_m2": 10.763000039593697, "code": null, "description": null, "edificio": null }, "geometry": { "type": "Polygon", "coordinates": [ [ [ 32.635776226322299, -25.771164137964028 ], [ 32.635776128046921, -25.771135326813901 ], [ 32.635809769490855, -25.771135232730032 ], [ 32.635809867774348, -25.771164043880223 ], [ 32.635776226322299, -25.771164137964028 ] ] ] } },
{ "type": "Feature", "properties": { "id_original": 4, "id_parcela": 719, "linha": 3, "coluna": 17, "area_m2": 10.763000037083339, "code": null, "description": null, "edificio": null }, "geometry": { "type": "Polygon", "coordinates": [ [ [ 32.635776128046921, -25.771135326813901 ], [ 32.635776029771492, -25.771106515663671 ], [ 32.635809671207298, -25.771106421579734 ], [ 32.635809769490855, -25.771135232730032 ], [ 32.635776128046921, -25.771135326813901 ] ] ] } },
{ "type": "Feature", "properties": { "id_original": 4, "id_parcela": 720, "linha": 3, "coluna": 18, "area_m2": 10.763000037083339, "code": null, "description": null, "edificio": null }, "geometry": { "type": "Polygon", "coordinates": [ [ [ 32.635776029771492, -25.771106515663671 ], [ 32.635775931496021, -25.771077704513331 ], [ 32.635809572923698, -25.771077610429316 ], [ 32.635809671207298, -25.771106421579734 ], [ 32.635776029771492, -25.771106515663671 ] ] ] } },
{ "type": "Feature", "properties": { "id_original": 4, "id_parcela": 732, "linha": 4, "coluna": 3, "area_m2": 10.763000041210759, "code": null, "description": null, "edificio": null }, "geometry": { "type": "Polygon", "coordinates": [ [ [ 32.635743862340647, -25.771538776980481 ], [ 32.635743764073965, -25.7715099658319 ], [ 32.635777405623458, -25.771509871756642 ], [ 32.635777503898268, -25.771538682905298 ], [ 32.635743862340647, -25.771538776980481 ] ] ] } },
{ "type": "Feature", "properties": { "id_original": 4, "id_parcela": 733, "linha": 4, "coluna": 4, "area_m2": 10.763000039988157, "code": null, "description": null, "edificio": null }, "geometry": { "type": "Polygon", "coordinates": [ [ [ 32.635743764073965, -25.7715099658319 ], [ 32.635743665807226, -25.771481154683208 ], [ 32.635777307348604, -25.771481060607879 ], [ 32.635777405623458, -25.771509871756642 ], [ 32.635743764073965, -25.7715099658319 ] ] ] } },
{ "type": "Feature", "properties": { "id_original": 4, "id_parcela": 734, "linha": 4, "coluna": 5, "area_m2": 10.763000041836714, "code": null, "description": null, "edificio": null }, "geometry": { "type": "Polygon", "coordinates": [ [ [ 32.635743665807226, -25.771481154683208 ], [ 32.635743567540452, -25.771452343534392 ], [ 32.635777209073701, -25.77145224945901 ], [ 32.635777307348604, -25.771481060607879 ], [ 32.635743665807226, -25.771481154683208 ] ] ] } },
{ "type": "Feature", "properties": { "id_original": 4, "id_parcela": 735, "linha": 4, "coluna": 6, "area_m2": 10.763000039427357, "code": null, "description": null, "edificio": null }, "geometry": { "type": "Polygon", "coordinates": [ [ [ 32.635743567540452, -25.771452343534392 ], [ 32.635743469273642, -25.771423532385473 ], [ 32.63577711079877, -25.771423438310027 ], [ 32.635777209073701, -25.77145224945901 ], [ 32.635743567540452, -25.771452343534392 ] ] ] } },
{ "type": "Feature", "properties": { "id_original": 4, "id_parcela": 736, "linha": 4, "coluna": 7, "area_m2": 10.763000041836714, "code": null, "description": null, "edificio": null }, "geometry": { "type": "Polygon", "coordinates": [ [ [ 32.635743469273642, -25.771423532385473 ], [ 32.635743371006775, -25.77139472123644 ], [ 32.635777012523782, -25.771394627160927 ], [ 32.63577711079877, -25.771423438310027 ], [ 32.635743469273642, -25.771423532385473 ] ] ] } },
{ "type": "Feature", "properties": { "id_original": 4, "id_parcela": 737, "linha": 4, "coluna": 8, "area_m2": 10.763000041836714, "code": null, "description": null, "edificio": null }, "geometry": { "type": "Polygon", "coordinates": [ [ [ 32.635743371006775, -25.77139472123644 ], [ 32.635743272739873, -25.77136591008728 ], [ 32.635776914248751, -25.771365816011716 ], [ 32.635777012523782, -25.771394627160927 ], [ 32.635743371006775, -25.77139472123644 ] ] ] } },
{ "type": "Feature", "properties": { "id_original": 4, "id_parcela": 738, "linha": 4, "coluna": 9, "area_m2": 10.763000039988157, "code": null, "description": null, "edificio": null }, "geometry": { "type": "Polygon", "coordinates": [ [ [ 32.635743272739873, -25.77136591008728 ], [ 32.635743174472921, -25.771337098938023 ], [ 32.635776815973671, -25.771337004862382 ], [ 32.635776914248751, -25.771365816011716 ], [ 32.635743272739873, -25.77136591008728 ] ] ] } },
{ "type": "Feature", "properties": { "id_original": 4, "id_parcela": 739, "linha": 4, "coluna": 10, "area_m2": 10.763000039988157, "code": null, "description": null, "edificio": null }, "geometry": { "type": "Polygon", "coordinates": [ [ [ 32.635743174472921, -25.771337098938023 ], [ 32.63574307620592, -25.771308287788656 ], [ 32.635776717698555, -25.771308193712937 ], [ 32.635776815973671, -25.771337004862382 ], [ 32.635743174472921, -25.771337098938023 ] ] ] } },
{ "type": "Feature", "properties": { "id_original": 4, "id_parcela": 740, "linha": 4, "coluna": 11, "area_m2": 10.763000042498515, "code": null, "description": null, "edificio": null }, "geometry": { "type": "Polygon", "coordinates": [ [ [ 32.635742977938875, -25.771279476639176 ], [ 32.635742879671795, -25.771250665489557 ], [ 32.635776521148181, -25.771250571413727 ], [ 32.635776619423382, -25.771279382563389 ], [ 32.635742977938875, -25.771279476639176 ] ] ] } },
{ "type": "Feature", "properties": { "id_original": 4, "id_parcela": 741, "linha": 4, "coluna": 12, "area_m2": 10.763000041836714, "code": null, "description": null, "edificio": null }, "geometry": { "type": "Polygon", "coordinates": [ [ [ 32.635742879671795, -25.771250665489557 ], [ 32.635742781404666, -25.771221854339839 ], [ 32.635776422872929, -25.771221760263934 ], [ 32.635776521148181, -25.771250571413727 ], [ 32.635742879671795, -25.771250665489557 ] ] ] } },
{ "type": "Feature", "properties": { "id_original": 4, "id_parcela": 742, "linha": 4, "coluna": 13, "area_m2": 10.763000038765556, "code": null, "description": null, "edificio": null }, "geometry": { "type": "Polygon", "coordinates": [ [ [ 32.635742781404666, -25.771221854339839 ], [ 32.635742683137501, -25.771193043190014 ], [ 32.635776324597636, -25.771192949114052 ], [ 32.635776422872929, -25.771221760263934 ], [ 32.635742781404666, -25.771221854339839 ] ] ] } },
{ "type": "Feature", "properties": { "id_original": 4, "id_parcela": 744, "linha": 4, "coluna": 15, "area_m2": 10.763000039988157, "code": null, "description": null, "edificio": null }, "geometry": { "type": "Polygon", "coordinates": [ [ [ 32.635742683137501, -25.771193043190006 ], [ 32.635742584870286, -25.771164232040068 ], [ 32.635776226322299, -25.771164137964028 ], [ 32.635776324597643, -25.771192949114042 ], [ 32.635742683137501, -25.771193043190006 ] ] ] } },
{ "type": "Feature", "properties": { "id_original": 4, "id_parcela": 745, "linha": 4, "coluna": 16, "area_m2": 10.763000041872559, "code": null, "description": null, "edificio": null }, "geometry": { "type": "Polygon", "coordinates": [ [ [ 32.635742584870286, -25.771164232040068 ], [ 32.635742486603036, -25.771135420890012 ], [ 32.635776128046921, -25.771135326813901 ], [ 32.635776226322299, -25.771164137964028 ], [ 32.635742584870286, -25.771164232040068 ] ] ] } },
{ "type": "Feature", "properties": { "id_original": 4, "id_parcela": 746, "linha": 4, "coluna": 17, "area_m2": 10.763000039988157, "code": null, "description": null, "edificio": null }, "geometry": { "type": "Polygon", "coordinates": [ [ [ 32.635742486603036, -25.771135420890012 ], [ 32.635742388335728, -25.771106609739842 ], [ 32.635776029771492, -25.771106515663671 ], [ 32.635776128046921, -25.771135326813901 ], [ 32.635742486603036, -25.771135420890012 ] ] ] } },
{ "type": "Feature", "properties": { "id_original": 4, "id_parcela": 747, "linha": 4, "coluna": 18, "area_m2": 10.763000041836714, "code": null, "description": null, "edificio": null }, "geometry": { "type": "Polygon", "coordinates": [ [ [ 32.635742388335728, -25.771106609739842 ], [ 32.635742290068372, -25.771077798589552 ], [ 32.635775931496021, -25.771077704513331 ], [ 32.635776029771492, -25.771106515663671 ], [ 32.635742388335728, -25.771106609739842 ] ] ] } },
{ "type": "Feature", "properties": { "id_original": 4, "id_parcela": 784, "linha": 6, "coluna": 1, "area_m2": 10.643485624183072, "code": null, "description": null, "edificio": null }, "geometry": { "type": "Polygon", "coordinates": [ [ [ 32.635710319041578, -25.771567682196288 ], [ 32.635710417036826, -25.771596416159454 ], [ 32.635676781490488, -25.771596587387968 ], [ 32.635677328726153, -25.771567774435074 ], [ 32.635710319041578, -25.771567682196288 ] ] ] } },
{ "type": "Feature", "properties": { "id_original": 4, "id_parcela": 785, "linha": 6, "coluna": 2, "area_m2": 10.451388831108053, "code": null, "description": null, "edificio": null }, "geometry": { "type": "Polygon", "coordinates": [ [ [ 32.635710220783075, -25.771538871047898 ], [ 32.635710319041578, -25.771567682196288 ], [ 32.635677328726153, -25.771567774435074 ], [ 32.635677875961449, -25.771538961482072 ], [ 32.635710220783075, -25.771538871047898 ] ] ] } },
{ "type": "Feature", "properties": { "id_original": 4, "id_parcela": 786, "linha": 6, "coluna": 3, "area_m2": 10.244877457719342, "code": null, "description": null, "edificio": null }, "geometry": { "type": "Polygon", "coordinates": [ [ [ 32.635710122524507, -25.771510059899374 ], [ 32.635710220783075, -25.771538871047898 ], [ 32.635677875961449, -25.771538961482072 ], [ 32.635678423196403, -25.771510148528943 ], [ 32.635710122524507, -25.771510059899374 ] ] ] } },
{ "type": "Feature", "properties": { "id_original": 4, "id_parcela": 787, "linha": 6, "coluna": 4, "area_m2": 10.038366080182927, "code": null, "description": null, "edificio": null }, "geometry": { "type": "Polygon", "coordinates": [ [ [ 32.635710024265904, -25.771481248750746 ], [ 32.635710122524507, -25.771510059899374 ], [ 32.635678423196403, -25.771510148528943 ], [ 32.635678970430988, -25.7714813355757 ], [ 32.635710024265904, -25.771481248750746 ] ] ] } },
{ "type": "Feature", "properties": { "id_original": 4, "id_parcela": 788, "linha": 6, "coluna": 5, "area_m2": 9.8318547107697505, "code": null, "description": null, "edificio": null }, "geometry": { "type": "Polygon", "coordinates": [ [ [ 32.635709926007252, -25.771452437602001 ], [ 32.635710024265904, -25.771481248750746 ], [ 32.635678970430988, -25.7714813355757 ], [ 32.635679517665217, -25.77145252262234 ], [ 32.635709926007252, -25.771452437602001 ] ] ] } },
{ "type": "Feature", "properties": { "id_original": 4, "id_parcela": 789, "linha": 6, "coluna": 6, "area_m2": 9.6579023976944303, "code": null, "description": null, "edificio": null }, "geometry": { "type": "Polygon", "coordinates": [ [ [ 32.635709827748563, -25.771423626453135 ], [ 32.635709926007252, -25.771452437602001 ], [ 32.635679517665217, -25.77145252262234 ], [ 32.635679790742643, -25.771438144554601 ], [ 32.635679658625477, -25.771423710804736 ], [ 32.635709827748563, -25.771423626453135 ] ] ] } },
{ "type": "Feature", "properties": { "id_original": 4, "id_parcela": 790, "linha": 6, "coluna": 7, "area_m2": 9.6785360091879937, "code": null, "description": null, "edificio": null }, "geometry": { "type": "Polygon", "coordinates": [ [ [ 32.635709729489825, -25.771394815304166 ], [ 32.635709827748563, -25.771423626453135 ], [ 32.635679658625477, -25.771423710804736 ], [ 32.6356793949112, -25.771394900118445 ], [ 32.635709729489825, -25.771394815304166 ] ] ] } },
{ "type": "Feature", "properties": { "id_original": 4, "id_parcela": 791, "linha": 6, "coluna": 8, "area_m2": 9.7314728736622857, "code": null, "description": null, "edificio": null }, "geometry": { "type": "Polygon", "coordinates": [ [ [ 32.635709631231038, -25.771366004155091 ], [ 32.635709729489825, -25.771394815304166 ], [ 32.6356793949112, -25.771394900118445 ], [ 32.635679131196959, -25.771366089432025 ], [ 32.635709631231038, -25.771366004155091 ] ] ] } },
{ "type": "Feature", "properties": { "id_original": 4, "id_parcela": 792, "linha": 6, "coluna": 9, "area_m2": 9.7844097331205901, "code": null, "description": null, "edificio": null }, "geometry": { "type": "Polygon", "coordinates": [ [ [ 32.635709532972214, -25.771337193005888 ], [ 32.635709631231038, -25.771366004155091 ], [ 32.635679131196959, -25.771366089432025 ], [ 32.635678867482753, -25.771337278745502 ], [ 32.635709532972214, -25.771337193005888 ] ] ] } },
{ "type": "Feature", "properties": { "id_original": 4, "id_parcela": 793, "linha": 6, "coluna": 10, "area_m2": 9.8373465969991791, "code": null, "description": null, "edificio": null }, "geometry": { "type": "Polygon", "coordinates": [ [ [ 32.635709434713341, -25.771308381856578 ], [ 32.635709532972214, -25.771337193005888 ], [ 32.635678867482753, -25.771337278745502 ], [ 32.635678603768575, -25.771308468058866 ], [ 32.635709434713341, -25.771308381856578 ] ] ] } },
{ "type": "Feature", "properties": { "id_original": 4, "id_parcela": 794, "linha": 6, "coluna": 11, "area_m2": 9.8902834598886447, "code": null, "description": null, "edificio": null }, "geometry": { "type": "Polygon", "coordinates": [ [ [ 32.635709336454433, -25.771279570707151 ], [ 32.635709434713341, -25.771308381856578 ], [ 32.635678603768575, -25.771308468058866 ], [ 32.635678340054461, -25.771279657372101 ], [ 32.635709336454433, -25.771279570707151 ] ] ] } },
{ "type": "Feature", "properties": { "id_original": 4, "id_parcela": 795, "linha": 6, "coluna": 12, "area_m2": 9.9432203237479833, "code": null, "description": null, "edificio": null }, "geometry": { "type": "Polygon", "coordinates": [ [ [ 32.635709238195474, -25.771250759557613 ], [ 32.635709336454433, -25.771279570707151 ], [ 32.635678340054461, -25.771279657372101 ], [ 32.635678076340355, -25.771250846685231 ], [ 32.635709238195474, -25.771250759557613 ] ] ] } },
{ "type": "Feature", "properties": { "id_original": 4, "id_parcela": 796, "linha": 6, "coluna": 13, "area_m2": 9.996157185415246, "code": null, "description": null, "edificio": null }, "geometry": { "type": "Polygon", "coordinates": [ [ [ 32.635709139936466, -25.771221948407963 ], [ 32.635709238195474, -25.771250759557613 ], [ 32.635678076340355, -25.771250846685231 ], [ 32.635677812626298, -25.771222035998257 ], [ 32.635709139936466, -25.771221948407963 ] ] ] } },
{ "type": "Feature", "properties": { "id_original": 4, "id_parcela": 797, "linha": 6, "coluna": 14, "area_m2": 10.049094049934853, "code": null, "description": null, "edificio": null }, "geometry": { "type": "Polygon", "coordinates": [ [ [ 32.635709041677416, -25.771193137258201 ], [ 32.635709139936466, -25.771221948407963 ], [ 32.635677812626298, -25.771222035998257 ], [ 32.63567754891227, -25.771193225311162 ], [ 32.635709041677416, -25.771193137258201 ] ] ] } },
{ "type": "Feature", "properties": { "id_original": 4, "id_parcela": 798, "linha": 6, "coluna": 15, "area_m2": 10.102030910454936, "code": null, "description": null, "edificio": null }, "geometry": { "type": "Polygon", "coordinates": [ [ [ 32.635708943418322, -25.771164326108327 ], [ 32.635709041677416, -25.771193137258201 ], [ 32.63567754891227, -25.771193225311162 ], [ 32.635677285198277, -25.771164414623961 ], [ 32.635708943418322, -25.771164326108327 ] ] ] } },
{ "type": "Feature", "properties": { "id_original": 4, "id_parcela": 799, "linha": 6, "coluna": 16, "area_m2": 10.15496777560651, "code": null, "description": null, "edificio": null }, "geometry": { "type": "Polygon", "coordinates": [ [ [ 32.635708845159193, -25.771135514958331 ], [ 32.635708943418322, -25.771164326108327 ], [ 32.635677285198277, -25.771164414623961 ], [ 32.635677021484327, -25.771135603936642 ], [ 32.635708845159193, -25.771135514958331 ] ] ] } },
{ "type": "Feature", "properties": { "id_original": 4, "id_parcela": 800, "linha": 6, "coluna": 17, "area_m2": 10.207904636619388, "code": null, "description": null, "edificio": null }, "geometry": { "type": "Polygon", "coordinates": [ [ [ 32.635708746900008, -25.771106703808222 ], [ 32.635708845159193, -25.771135514958331 ], [ 32.635677021484327, -25.771135603936642 ], [ 32.635676757770419, -25.771106793249203 ], [ 32.635708746900008, -25.771106703808222 ] ] ] } },
{ "type": "Feature", "properties": { "id_original": 4, "id_parcela": 801, "linha": 6, "coluna": 18, "area_m2": 10.260841499385176, "code": null, "description": null, "edificio": null }, "geometry": { "type": "Polygon", "coordinates": [ [ [ 32.635708648640779, -25.77107789265801 ], [ 32.635708746900008, -25.771106703808222 ], [ 32.635676757770419, -25.771106793249203 ], [ 32.635676494056518, -25.771077982561668 ], [ 32.635708648640779, -25.77107789265801 ] ] ] } },
{ "type": "Feature", "properties": { "id_original": 4, "id_parcela": 802, "linha": 6, "coluna": 19, "area_m2": 10.31377836341281, "code": null, "description": null, "edificio": null }, "geometry": { "type": "Polygon", "coordinates": [ [ [ 32.635708550381516, -25.771049081507673 ], [ 32.635708648640779, -25.77107789265801 ], [ 32.635676494056518, -25.771077982561668 ], [ 32.635676230342682, -25.771049171874001 ], [ 32.635708550381516, -25.771049081507673 ] ] ] } },
{ "type": "Feature", "properties": { "id_original": 4, "id_parcela": 704, "linha": 3, "coluna": 2, "area_m2": 10.763000038866648, "code": null, "description": null, "edificio": null }, "geometry": { "type": "Polygon", "coordinates": [ [ [ 32.635531402650976, -25.771539982230781 ], [ 32.635565044208455, -25.77153988820471 ], [ 32.635598685765984, -25.771539794170874 ], [ 32.635598783997565, -25.771568605319047 ], [ 32.635565142431915, -25.771568699352834 ], [ 32.6355315008663, -25.771568793378837 ], [ 32.635531402650976, -25.771539982230781 ] ] ] } },
{ "type": "Feature", "properties": { "id_original": 4, "id_parcela": 649, "linha": 1, "coluna": 1, "area_m2": 10.538881032668643, "code": null, "description": null, "edificio": null }, "geometry": { "type": "Polygon", "coordinates": [ [ [ 32.635632425563273, -25.771568511277501 ], [ 32.635665862889716, -25.77156841779917 ], [ 32.63566595183044, -25.771596766278488 ], [ 32.63563252248683, -25.771596936447104 ], [ 32.635632425563273, -25.771568511277501 ] ] ] } },
{ "type": "Feature", "properties": { "id_original": 4, "id_parcela": 650, "linha": 1, "coluna": 2, "area_m2": 10.698914019168775, "code": null, "description": null, "edificio": null }, "geometry": { "type": "Polygon", "coordinates": [ [ [ 32.635632425563273, -25.771568511277501 ], [ 32.635632327323563, -25.771539700129242 ], [ 32.635665772497298, -25.771539606628888 ], [ 32.635665862889716, -25.77156841779917 ], [ 32.635632425563273, -25.771568511277501 ] ] ] } },
{ "type": "Feature", "properties": { "id_original": 4, "id_parcela": 651, "linha": 1, "coluna": 3, "area_m2": 10.701427198080889, "code": null, "description": null, "edificio": null }, "geometry": { "type": "Polygon", "coordinates": [ [ [ 32.635632327323563, -25.771539700129242 ], [ 32.635632229083811, -25.771510888980885 ], [ 32.635665682104815, -25.771510795458497 ], [ 32.635665772497298, -25.771539606628888 ], [ 32.635632327323563, -25.771539700129242 ] ] ] } },
{ "type": "Feature", "properties": { "id_original": 4, "id_parcela": 652, "linha": 1, "coluna": 4, "area_m2": 10.703940375223745, "code": null, "description": null, "edificio": null }, "geometry": { "type": "Polygon", "coordinates": [ [ [ 32.635632229083811, -25.771510888980885 ], [ 32.635632130844009, -25.771482077832413 ], [ 32.635665591712304, -25.771481984288005 ], [ 32.635665682104815, -25.771510795458497 ], [ 32.635632229083811, -25.771510888980885 ] ] ] } },
{ "type": "Feature", "properties": { "id_original": 4, "id_parcela": 653, "linha": 1, "coluna": 5, "area_m2": 10.706453554195559, "code": null, "description": null, "edificio": null }, "geometry": { "type": "Polygon", "coordinates": [ [ [ 32.635632130844009, -25.771482077832413 ], [ 32.635632032604171, -25.771453266683817 ], [ 32.635665501319714, -25.77145317311739 ], [ 32.635665591712304, -25.771481984288005 ], [ 32.635632130844009, -25.771482077832413 ] ] ] } },
{ "type": "Feature", "properties": { "id_original": 4, "id_parcela": 654, "linha": 1, "coluna": 6, "area_m2": 10.708966727191426, "code": null, "description": null, "edificio": null }, "geometry": { "type": "Polygon", "coordinates": [ [ [ 32.635632032604171, -25.771453266683817 ], [ 32.635631934364298, -25.771424455535119 ], [ 32.635665410927118, -25.771424361946654 ], [ 32.635665501319714, -25.77145317311739 ], [ 32.635632032604171, -25.771453266683817 ] ] ] } },
{ "type": "Feature", "properties": { "id_original": 4, "id_parcela": 655, "linha": 1, "coluna": 7, "area_m2": 10.711479908502284, "code": null, "description": null, "edificio": null }, "geometry": { "type": "Polygon", "coordinates": [ [ [ 32.635631934364298, -25.771424455535119 ], [ 32.635631836124375, -25.771395644386303 ], [ 32.635665320534443, -25.771395550775807 ], [ 32.635665410927118, -25.771424361946654 ], [ 32.635631934364298, -25.771424455535119 ] ] ] } },
{ "type": "Feature", "properties": { "id_original": 4, "id_parcela": 656, "linha": 1, "coluna": 8, "area_m2": 10.713993083802627, "code": null, "description": null, "edificio": null }, "geometry": { "type": "Polygon", "coordinates": [ [ [ 32.635631836124375, -25.771395644386303 ], [ 32.635631737884395, -25.771366833237359 ], [ 32.63566523014174, -25.771366739604851 ], [ 32.635665320534443, -25.771395550775807 ], [ 32.635631836124375, -25.771395644386303 ] ] ] } },
{ "type": "Feature", "properties": { "id_original": 4, "id_parcela": 657, "linha": 1, "coluna": 9, "area_m2": 10.716506260934588, "code": null, "description": null, "edificio": null }, "geometry": { "type": "Polygon", "coordinates": [ [ [ 32.635631737884395, -25.771366833237359 ], [ 32.63563163964438, -25.771338022088319 ], [ 32.635665139748966, -25.771337928433766 ], [ 32.63566523014174, -25.771366739604851 ], [ 32.635631737884395, -25.771366833237359 ] ] ] } },
{ "type": "Feature", "properties": { "id_original": 4, "id_parcela": 658, "linha": 1, "coluna": 10, "area_m2": 10.719019436326541, "code": null, "description": null, "edificio": null }, "geometry": { "type": "Polygon", "coordinates": [ [ [ 32.63563163964438, -25.771338022088319 ], [ 32.635631541404315, -25.771309210939172 ], [ 32.635665049356163, -25.771309117262604 ], [ 32.635665139748966, -25.771337928433766 ], [ 32.63563163964438, -25.771338022088319 ] ] ] } },
{ "type": "Feature", "properties": { "id_original": 4, "id_parcela": 659, "linha": 1, "coluna": 11, "area_m2": 10.721532616526472, "code": null, "description": null, "edificio": null }, "geometry": { "type": "Polygon", "coordinates": [ [ [ 32.635631541404315, -25.771309210939172 ], [ 32.635631443164222, -25.771280399789894 ], [ 32.635664958963311, -25.771280306091299 ], [ 32.635665049356163, -25.771309117262604 ], [ 32.635631541404315, -25.771309210939172 ] ] ] } },
{ "type": "Feature", "properties": { "id_original": 4, "id_parcela": 660, "linha": 1, "coluna": 12, "area_m2": 10.72404579422469, "code": null, "description": null, "edificio": null }, "geometry": { "type": "Polygon", "coordinates": [ [ [ 32.635631443164222, -25.771280399789894 ], [ 32.635631344924072, -25.771251588640514 ], [ 32.635664868570409, -25.771251494919891 ], [ 32.635664958963311, -25.771280306091299 ], [ 32.635631443164222, -25.771280399789894 ] ] ] } },
{ "type": "Feature", "properties": { "id_original": 4, "id_parcela": 661, "linha": 1, "coluna": 13, "area_m2": 10.726558968297065, "code": null, "description": null, "edificio": null }, "geometry": { "type": "Polygon", "coordinates": [ [ [ 32.635631344924072, -25.771251588640514 ], [ 32.635631246683872, -25.771222777491015 ], [ 32.635664778177443, -25.771222683748363 ], [ 32.635664868570409, -25.771251494919891 ], [ 32.635631344924072, -25.771251588640514 ] ] ] } },
{ "type": "Feature", "properties": { "id_original": 4, "id_parcela": 662, "linha": 1, "coluna": 14, "area_m2": 10.729072146749321, "code": null, "description": null, "edificio": null }, "geometry": { "type": "Polygon", "coordinates": [ [ [ 32.635631246683872, -25.771222777491015 ], [ 32.635631148443636, -25.771193966341404 ], [ 32.635664687784448, -25.771193872576724 ], [ 32.635664778177443, -25.771222683748363 ], [ 32.635631246683872, -25.771222777491015 ] ] ] } },
{ "type": "Feature", "properties": { "id_original": 4, "id_parcela": 663, "linha": 1, "coluna": 15, "area_m2": 10.731585322602974, "code": null, "description": null, "edificio": null }, "geometry": { "type": "Polygon", "coordinates": [ [ [ 32.635631148443636, -25.771193966341404 ], [ 32.635631050203358, -25.771165155191682 ], [ 32.635664597391397, -25.771165061404979 ], [ 32.635664687784448, -25.771193872576724 ], [ 32.635631148443636, -25.771193966341404 ] ] ] } },
{ "type": "Feature", "properties": { "id_original": 4, "id_parcela": 664, "linha": 1, "coluna": 16, "area_m2": 10.734098502838716, "code": null, "description": null, "edificio": null }, "geometry": { "type": "Polygon", "coordinates": [ [ [ 32.635631050203358, -25.771165155191682 ], [ 32.635630951963037, -25.771136344041846 ], [ 32.635664506998317, -25.771136250233102 ], [ 32.635664597391397, -25.771165061404979 ], [ 32.635631050203358, -25.771165155191682 ] ] ] } },
{ "type": "Feature", "properties": { "id_original": 4, "id_parcela": 665, "linha": 1, "coluna": 17, "area_m2": 10.736611678093986, "code": null, "description": null, "edificio": null }, "geometry": { "type": "Polygon", "coordinates": [ [ [ 32.635630951963037, -25.771136344041846 ], [ 32.635630853722667, -25.771107532891893 ], [ 32.635664416605159, -25.771107439061129 ], [ 32.635664506998317, -25.771136250233102 ], [ 32.635630951963037, -25.771136344041846 ] ] ] } },
{ "type": "Feature", "properties": { "id_original": 4, "id_parcela": 666, "linha": 1, "coluna": 18, "area_m2": 10.739124855329639, "code": null, "description": null, "edificio": null }, "geometry": { "type": "Polygon", "coordinates": [ [ [ 32.635630853722667, -25.771107532891893 ], [ 32.635630755482254, -25.771078721741826 ], [ 32.635664326211966, -25.771078627889043 ], [ 32.635664416605159, -25.771107439061129 ], [ 32.635630853722667, -25.771107532891893 ] ] ] } },
{ "type": "Feature", "properties": { "id_original": 4, "id_parcela": 667, "linha": 1, "coluna": 19, "area_m2": 10.741638033027236, "code": null, "description": null, "edificio": null }, "geometry": { "type": "Polygon", "coordinates": [ [ [ 32.635630755482254, -25.771078721741826 ], [ 32.635630657241791, -25.771049910591646 ], [ 32.635664235818716, -25.771049816716832 ], [ 32.635664326211966, -25.771078627889043 ], [ 32.635630755482254, -25.771078721741826 ] ] ] } },
{ "type": "Feature", "properties": { "id_original": 4, "id_parcela": 705, "linha": 3, "coluna": 3, "area_m2": 10.763000038931896, "code": null, "description": null, "edificio": null }, "geometry": { "type": "Polygon", "coordinates": [ [ [ 32.635565044208455, -25.77153988820471 ], [ 32.635564945984953, -25.771511077056477 ], [ 32.635598587534353, -25.771510983022573 ], [ 32.635598685765984, -25.771539794170874 ], [ 32.635565044208455, -25.77153988820471 ] ] ] } },
{ "type": "Feature", "properties": { "id_original": 4, "id_parcela": 706, "linha": 3, "coluna": 4, "area_m2": 10.763000035860738, "code": null, "description": null, "edificio": null }, "geometry": { "type": "Polygon", "coordinates": [ [ [ 32.635564945984953, -25.771511077056477 ], [ 32.635564847761408, -25.771482265908134 ], [ 32.63559848930268, -25.771482171874162 ], [ 32.635598587534353, -25.771510983022573 ], [ 32.635564945984953, -25.771511077056477 ] ] ] } },
{ "type": "Feature", "properties": { "id_original": 4, "id_parcela": 707, "linha": 3, "coluna": 5, "area_m2": 10.763000038931896, "code": null, "description": null, "edificio": null }, "geometry": { "type": "Polygon", "coordinates": [ [ [ 32.635564847761408, -25.771482265908134 ], [ 32.635564749537814, -25.771453454759676 ], [ 32.635598391070964, -25.771453360725641 ], [ 32.63559848930268, -25.771482171874162 ], [ 32.635564847761408, -25.771482265908134 ] ] ] } },
{ "type": "Feature", "properties": { "id_original": 4, "id_parcela": 708, "linha": 3, "coluna": 6, "area_m2": 10.76300003774514, "code": null, "description": null, "edificio": null }, "geometry": { "type": "Polygon", "coordinates": [ [ [ 32.635564749537814, -25.771453454759676 ], [ 32.635564651314183, -25.771424643611102 ], [ 32.635598292839212, -25.771424549576992 ], [ 32.635598391070964, -25.771453360725641 ], [ 32.635564749537814, -25.771453454759676 ] ] ] } },
{ "type": "Feature", "properties": { "id_original": 4, "id_parcela": 709, "linha": 3, "coluna": 7, "area_m2": 10.76300003830594, "code": null, "description": null, "edificio": null }, "geometry": { "type": "Polygon", "coordinates": [ [ [ 32.635564651314183, -25.771424643611102 ], [ 32.635564553090504, -25.771395832462424 ], [ 32.635598194607404, -25.771395738428236 ], [ 32.635598292839212, -25.771424549576992 ], [ 32.635564651314183, -25.771424643611102 ] ] ] } },
{ "type": "Feature", "properties": { "id_original": 4, "id_parcela": 710, "linha": 3, "coluna": 8, "area_m2": 10.76300003830594, "code": null, "description": null, "edificio": null }, "geometry": { "type": "Polygon", "coordinates": [ [ [ 32.635564553090504, -25.771395832462424 ], [ 32.635564454866774, -25.771367021313619 ], [ 32.635598096375553, -25.771366927279381 ], [ 32.635598194607404, -25.771395738428236 ], [ 32.635564553090504, -25.771395832462424 ] ] ] } },
{ "type": "Feature", "properties": { "id_original": 4, "id_parcela": 711, "linha": 3, "coluna": 9, "area_m2": 10.763000037083339, "code": null, "description": null, "edificio": null }, "geometry": { "type": "Polygon", "coordinates": [ [ [ 32.635564454866774, -25.771367021313619 ], [ 32.635564356643002, -25.771338210164703 ], [ 32.635597998143666, -25.771338116130398 ], [ 32.635598096375553, -25.771366927279381 ], [ 32.635564454866774, -25.771367021313619 ] ] ] } },
{ "type": "Feature", "properties": { "id_original": 4, "id_parcela": 712, "linha": 3, "coluna": 10, "area_m2": 10.763000037083339, "code": null, "description": null, "edificio": null }, "geometry": { "type": "Polygon", "coordinates": [ [ [ 32.635564356643002, -25.771338210164703 ], [ 32.635564258419194, -25.771309399015678 ], [ 32.63559789991173, -25.771309304981305 ], [ 32.635597998143666, -25.771338116130398 ], [ 32.635564356643002, -25.771338210164703 ] ] ] } },
{ "type": "Feature", "properties": { "id_original": 4, "id_parcela": 713, "linha": 3, "coluna": 11, "area_m2": 10.76300003774514, "code": null, "description": null, "edificio": null }, "geometry": { "type": "Polygon", "coordinates": [ [ [ 32.635564160195322, -25.771280587866546 ], [ 32.635564061971429, -25.771251776717289 ], [ 32.635597703447722, -25.771251682682799 ], [ 32.635597801679737, -25.771280493832116 ], [ 32.635564160195322, -25.771280587866546 ] ] ] } },
{ "type": "Feature", "properties": { "id_original": 4, "id_parcela": 714, "linha": 3, "coluna": 12, "area_m2": 10.763000038931896, "code": null, "description": null, "edificio": null }, "geometry": { "type": "Polygon", "coordinates": [ [ [ 32.635564061971429, -25.771251776717289 ], [ 32.635563963747479, -25.771222965567922 ], [ 32.635597605215644, -25.771222871533354 ], [ 32.635597703447722, -25.771251682682799 ], [ 32.635564061971429, -25.771251776717289 ] ] ] } },
{ "type": "Feature", "properties": { "id_original": 4, "id_parcela": 715, "linha": 3, "coluna": 13, "area_m2": 10.763000037083339, "code": null, "description": null, "edificio": null }, "geometry": { "type": "Polygon", "coordinates": [ [ [ 32.635563963747479, -25.771222965567922 ], [ 32.635563865523501, -25.771194154418449 ], [ 32.63559750698353, -25.771194060383809 ], [ 32.635597605215644, -25.771222871533354 ], [ 32.635563963747479, -25.771222965567922 ] ] ] } },
{ "type": "Feature", "properties": { "id_original": 4, "id_parcela": 717, "linha": 3, "coluna": 15, "area_m2": 10.763000037083339, "code": null, "description": null, "edificio": null }, "geometry": { "type": "Polygon", "coordinates": [ [ [ 32.635563865523508, -25.771194154418442 ], [ 32.635563767299466, -25.771165343268841 ], [ 32.63559740875138, -25.771165249234151 ], [ 32.635597506983537, -25.771194060383809 ], [ 32.635563865523508, -25.771194154418442 ] ] ] } },
{ "type": "Feature", "properties": { "id_original": 4, "id_parcela": 718, "linha": 3, "coluna": 16, "area_m2": 10.763000039593697, "code": null, "description": null, "edificio": null }, "geometry": { "type": "Polygon", "coordinates": [ [ [ 32.635563767299466, -25.771165343268841 ], [ 32.635563669075395, -25.771136532119129 ], [ 32.635597310519188, -25.77113643808438 ], [ 32.63559740875138, -25.771165249234151 ], [ 32.635563767299466, -25.771165343268841 ] ] ] } },
{ "type": "Feature", "properties": { "id_original": 4, "id_parcela": 719, "linha": 3, "coluna": 17, "area_m2": 10.763000037083339, "code": null, "description": null, "edificio": null }, "geometry": { "type": "Polygon", "coordinates": [ [ [ 32.635563669075395, -25.771136532119129 ], [ 32.635563570851275, -25.771107720969319 ], [ 32.635597212286939, -25.771107626934494 ], [ 32.635597310519188, -25.77113643808438 ], [ 32.635563669075395, -25.771136532119129 ] ] ] } },
{ "type": "Feature", "properties": { "id_original": 4, "id_parcela": 720, "linha": 3, "coluna": 18, "area_m2": 10.763000037083339, "code": null, "description": null, "edificio": null }, "geometry": { "type": "Polygon", "coordinates": [ [ [ 32.635563570851275, -25.771107720969319 ], [ 32.635563472627105, -25.771078909819387 ], [ 32.635597114054654, -25.771078815784495 ], [ 32.635597212286939, -25.771107626934494 ], [ 32.635563570851275, -25.771107720969319 ] ] ] } },
{ "type": "Feature", "properties": { "id_original": 4, "id_parcela": 732, "linha": 4, "coluna": 3, "area_m2": 10.763000041210759, "code": null, "description": null, "edificio": null }, "geometry": { "type": "Polygon", "coordinates": [ [ [ 32.635531402650976, -25.771539982230781 ], [ 32.635531304435595, -25.771511171082611 ], [ 32.635564945984953, -25.771511077056477 ], [ 32.635565044208455, -25.77153988820471 ], [ 32.635531402650976, -25.771539982230781 ] ] ] } },
{ "type": "Feature", "properties": { "id_original": 4, "id_parcela": 733, "linha": 4, "coluna": 4, "area_m2": 10.763000039988157, "code": null, "description": null, "edificio": null }, "geometry": { "type": "Polygon", "coordinates": [ [ [ 32.635531304435595, -25.771511171082611 ], [ 32.635531206220165, -25.771482359934335 ], [ 32.635564847761408, -25.771482265908134 ], [ 32.635564945984953, -25.771511077056477 ], [ 32.635531304435595, -25.771511171082611 ] ] ] } },
{ "type": "Feature", "properties": { "id_original": 4, "id_parcela": 734, "linha": 4, "coluna": 5, "area_m2": 10.763000041836714, "code": null, "description": null, "edificio": null }, "geometry": { "type": "Polygon", "coordinates": [ [ [ 32.635531206220165, -25.771482359934335 ], [ 32.635531108004706, -25.771453548785935 ], [ 32.635564749537814, -25.771453454759676 ], [ 32.635564847761408, -25.771482265908134 ], [ 32.635531206220165, -25.771482359934335 ] ] ] } },
{ "type": "Feature", "properties": { "id_original": 4, "id_parcela": 735, "linha": 4, "coluna": 6, "area_m2": 10.763000039427357, "code": null, "description": null, "edificio": null }, "geometry": { "type": "Polygon", "coordinates": [ [ [ 32.635531108004706, -25.771453548785935 ], [ 32.635531009789197, -25.771424737637435 ], [ 32.635564651314183, -25.771424643611102 ], [ 32.635564749537814, -25.771453454759676 ], [ 32.635531108004706, -25.771453548785935 ] ] ] } },
{ "type": "Feature", "properties": { "id_original": 4, "id_parcela": 736, "linha": 4, "coluna": 7, "area_m2": 10.763000041836714, "code": null, "description": null, "edificio": null }, "geometry": { "type": "Polygon", "coordinates": [ [ [ 32.635531009789197, -25.771424737637435 ], [ 32.635530911573639, -25.771395926488811 ], [ 32.635564553090504, -25.771395832462424 ], [ 32.635564651314183, -25.771424643611102 ], [ 32.635531009789197, -25.771424737637435 ] ] ] } },
{ "type": "Feature", "properties": { "id_original": 4, "id_parcela": 737, "linha": 4, "coluna": 8, "area_m2": 10.763000041836714, "code": null, "description": null, "edificio": null }, "geometry": { "type": "Polygon", "coordinates": [ [ [ 32.635530911573639, -25.771395926488811 ], [ 32.635530813358038, -25.771367115340073 ], [ 32.635564454866774, -25.771367021313619 ], [ 32.635564553090504, -25.771395832462424 ], [ 32.635530911573639, -25.771395926488811 ] ] ] } },
{ "type": "Feature", "properties": { "id_original": 4, "id_parcela": 738, "linha": 4, "coluna": 9, "area_m2": 10.763000039988157, "code": null, "description": null, "edificio": null }, "geometry": { "type": "Polygon", "coordinates": [ [ [ 32.635530813358038, -25.771367115340073 ], [ 32.635530715142394, -25.771338304191229 ], [ 32.635564356643002, -25.771338210164703 ], [ 32.635564454866774, -25.771367021313619 ], [ 32.635530813358038, -25.771367115340073 ] ] ] } },
{ "type": "Feature", "properties": { "id_original": 4, "id_parcela": 739, "linha": 4, "coluna": 10, "area_m2": 10.763000039988157, "code": null, "description": null, "edificio": null }, "geometry": { "type": "Polygon", "coordinates": [ [ [ 32.635530715142394, -25.771338304191229 ], [ 32.635530616926701, -25.771309493042278 ], [ 32.635564258419194, -25.771309399015678 ], [ 32.635564356643002, -25.771338210164703 ], [ 32.635530715142394, -25.771338304191229 ] ] ] } },
{ "type": "Feature", "properties": { "id_original": 4, "id_parcela": 740, "linha": 4, "coluna": 11, "area_m2": 10.763000042498515, "code": null, "description": null, "edificio": null }, "geometry": { "type": "Polygon", "coordinates": [ [ [ 32.635530518710958, -25.771280681893213 ], [ 32.635530420495186, -25.771251870744013 ], [ 32.635564061971429, -25.771251776717289 ], [ 32.635564160195322, -25.771280587866546 ], [ 32.635530518710958, -25.771280681893213 ] ] ] } },
{ "type": "Feature", "properties": { "id_original": 4, "id_parcela": 741, "linha": 4, "coluna": 12, "area_m2": 10.763000041836714, "code": null, "description": null, "edificio": null }, "geometry": { "type": "Polygon", "coordinates": [ [ [ 32.635530420495186, -25.771251870744013 ], [ 32.635530322279358, -25.77122305959471 ], [ 32.635563963747479, -25.771222965567922 ], [ 32.635564061971429, -25.771251776717289 ], [ 32.635530420495186, -25.771251870744013 ] ] ] } },
{ "type": "Feature", "properties": { "id_original": 4, "id_parcela": 742, "linha": 4, "coluna": 13, "area_m2": 10.763000038765556, "code": null, "description": null, "edificio": null }, "geometry": { "type": "Polygon", "coordinates": [ [ [ 32.635530322279358, -25.77122305959471 ], [ 32.635530224063494, -25.771194248445298 ], [ 32.635563865523501, -25.771194154418449 ], [ 32.635563963747479, -25.771222965567922 ], [ 32.635530322279358, -25.77122305959471 ] ] ] } },
{ "type": "Feature", "properties": { "id_original": 4, "id_parcela": 744, "linha": 4, "coluna": 15, "area_m2": 10.763000039988157, "code": null, "description": null, "edificio": null }, "geometry": { "type": "Polygon", "coordinates": [ [ [ 32.635530224063501, -25.771194248445287 ], [ 32.635530125847595, -25.771165437295764 ], [ 32.635563767299466, -25.771165343268841 ], [ 32.635563865523508, -25.771194154418442 ], [ 32.635530224063501, -25.771194248445287 ] ] ] } },
{ "type": "Feature", "properties": { "id_original": 4, "id_parcela": 745, "linha": 4, "coluna": 16, "area_m2": 10.763000041872559, "code": null, "description": null, "edificio": null }, "geometry": { "type": "Polygon", "coordinates": [ [ [ 32.635530125847595, -25.771165437295764 ], [ 32.635530027631653, -25.771136626146124 ], [ 32.635563669075395, -25.771136532119129 ], [ 32.635563767299466, -25.771165343268841 ], [ 32.635530125847595, -25.771165437295764 ] ] ] } },
{ "type": "Feature", "properties": { "id_original": 4, "id_parcela": 746, "linha": 4, "coluna": 17, "area_m2": 10.763000039988157, "code": null, "description": null, "edificio": null }, "geometry": { "type": "Polygon", "coordinates": [ [ [ 32.635530027631653, -25.771136626146124 ], [ 32.635529929415647, -25.771107814996366 ], [ 32.635563570851275, -25.771107720969319 ], [ 32.635563669075395, -25.771136532119129 ], [ 32.635530027631653, -25.771136626146124 ] ] ] } },
{ "type": "Feature", "properties": { "id_original": 4, "id_parcela": 747, "linha": 4, "coluna": 18, "area_m2": 10.763000041836714, "code": null, "description": null, "edificio": null }, "geometry": { "type": "Polygon", "coordinates": [ [ [ 32.635529929415647, -25.771107814996366 ], [ 32.635529831199598, -25.771079003846499 ], [ 32.635563472627105, -25.771078909819387 ], [ 32.635563570851275, -25.771107720969319 ], [ 32.635529929415647, -25.771107814996366 ] ] ] } },
{ "type": "Feature", "properties": { "id_original": 4, "id_parcela": 784, "linha": 6, "coluna": 1, "area_m2": 10.643485624183072, "code": null, "description": null, "edificio": null }, "geometry": { "type": "Polygon", "coordinates": [ [ [ 32.635497859300742, -25.771568887397049 ], [ 32.635497957244816, -25.771597621359806 ], [ 32.635464321698485, -25.771597792539207 ], [ 32.635464868985444, -25.771568979587677 ], [ 32.635497859300742, -25.771568887397049 ] ] ] } },
{ "type": "Feature", "properties": { "id_original": 4, "id_parcela": 785, "linha": 6, "coluna": 2, "area_m2": 10.451388831108053, "code": null, "description": null, "edificio": null }, "geometry": { "type": "Polygon", "coordinates": [ [ [ 32.635497761093539, -25.771540076249078 ], [ 32.635497859300742, -25.771568887397049 ], [ 32.635464868985444, -25.771568979587677 ], [ 32.635465416272048, -25.771540166636026 ], [ 32.635497761093539, -25.771540076249078 ] ] ] } },
{ "type": "Feature", "properties": { "id_original": 4, "id_parcela": 786, "linha": 6, "coluna": 3, "area_m2": 10.244877457719342, "code": null, "description": null, "edificio": null }, "geometry": { "type": "Polygon", "coordinates": [ [ [ 32.63549766288628, -25.771511265100969 ], [ 32.635497761093539, -25.771540076249078 ], [ 32.635465416272048, -25.771540166636026 ], [ 32.63546596355831, -25.771511353684257 ], [ 32.63549766288628, -25.771511265100969 ] ] ] } },
{ "type": "Feature", "properties": { "id_original": 4, "id_parcela": 787, "linha": 6, "coluna": 4, "area_m2": 10.038366080182927, "code": null, "description": null, "edificio": null }, "geometry": { "type": "Polygon", "coordinates": [ [ [ 32.635497564678985, -25.77148245395276 ], [ 32.63549766288628, -25.771511265100969 ], [ 32.63546596355831, -25.771511353684257 ], [ 32.635466510844196, -25.771482540732379 ], [ 32.635497564678985, -25.77148245395276 ] ] ] } },
{ "type": "Feature", "properties": { "id_original": 4, "id_parcela": 788, "linha": 6, "coluna": 5, "area_m2": 9.8318547107697505, "code": null, "description": null, "edificio": null }, "geometry": { "type": "Polygon", "coordinates": [ [ [ 32.635497466471634, -25.771453642804424 ], [ 32.635497564678985, -25.77148245395276 ], [ 32.635466510844196, -25.771482540732379 ], [ 32.635467058129727, -25.771453727780376 ], [ 32.635497466471634, -25.771453642804424 ] ] ] } },
{ "type": "Feature", "properties": { "id_original": 4, "id_parcela": 789, "linha": 6, "coluna": 6, "area_m2": 9.6579023976944303, "code": null, "description": null, "edificio": null }, "geometry": { "type": "Polygon", "coordinates": [ [ [ 32.635497368264254, -25.771424831655981 ], [ 32.635497466471634, -25.771453642804424 ], [ 32.635467058129727, -25.771453727780376 ], [ 32.635467331232753, -25.771439349713308 ], [ 32.635467199141296, -25.771424915963532 ], [ 32.635497368264254, -25.771424831655981 ] ] ] } },
{ "type": "Feature", "properties": { "id_original": 4, "id_parcela": 790, "linha": 6, "coluna": 7, "area_m2": 9.6785360091879937, "code": null, "description": null, "edificio": null }, "geometry": { "type": "Polygon", "coordinates": [ [ [ 32.635497270056824, -25.771396020507428 ], [ 32.635497368264254, -25.771424831655981 ], [ 32.635467199141296, -25.771424915963532 ], [ 32.63546693547832, -25.771396105277411 ], [ 32.635497270056824, -25.771396020507428 ] ] ] } },
{ "type": "Feature", "properties": { "id_original": 4, "id_parcela": 791, "linha": 6, "coluna": 8, "area_m2": 9.7314728736622857, "code": null, "description": null, "edificio": null }, "geometry": { "type": "Polygon", "coordinates": [ [ [ 32.635497171849345, -25.771367209358761 ], [ 32.635497270056824, -25.771396020507428 ], [ 32.63546693547832, -25.771396105277411 ], [ 32.635466671815387, -25.771367294591165 ], [ 32.635497171849345, -25.771367209358761 ] ] ] } },
{ "type": "Feature", "properties": { "id_original": 4, "id_parcela": 792, "linha": 6, "coluna": 9, "area_m2": 9.7844097331205901, "code": null, "description": null, "edificio": null }, "geometry": { "type": "Polygon", "coordinates": [ [ [ 32.635497073641822, -25.771338398209974 ], [ 32.635497171849345, -25.771367209358761 ], [ 32.635466671815387, -25.771367294591165 ], [ 32.635466408152496, -25.771338483904817 ], [ 32.635497073641822, -25.771338398209974 ] ] ] } },
{ "type": "Feature", "properties": { "id_original": 4, "id_parcela": 793, "linha": 6, "coluna": 10, "area_m2": 9.8373465969991791, "code": null, "description": null, "edificio": null }, "geometry": { "type": "Polygon", "coordinates": [ [ [ 32.635496975434251, -25.771309587061083 ], [ 32.635497073641822, -25.771338398209974 ], [ 32.635466408152496, -25.771338483904817 ], [ 32.635466144489619, -25.771309673218351 ], [ 32.635496975434251, -25.771309587061083 ] ] ] } },
{ "type": "Feature", "properties": { "id_original": 4, "id_parcela": 794, "linha": 6, "coluna": 11, "area_m2": 9.8902834598886447, "code": null, "description": null, "edificio": null }, "geometry": { "type": "Polygon", "coordinates": [ [ [ 32.635496877226657, -25.771280775912071 ], [ 32.635496975434251, -25.771309587061083 ], [ 32.635466144489619, -25.771309673218351 ], [ 32.635465880826814, -25.771280862531764 ], [ 32.635496877226657, -25.771280775912071 ] ] ] } },
{ "type": "Feature", "properties": { "id_original": 4, "id_parcela": 795, "linha": 6, "coluna": 12, "area_m2": 9.9432203237479833, "code": null, "description": null, "edificio": null }, "geometry": { "type": "Polygon", "coordinates": [ [ [ 32.635496779019, -25.771251964762946 ], [ 32.635496877226657, -25.771280775912071 ], [ 32.635465880826814, -25.771280862531764 ], [ 32.635465617164016, -25.771252051845067 ], [ 32.635496779019, -25.771251964762946 ] ] ] } },
{ "type": "Feature", "properties": { "id_original": 4, "id_parcela": 796, "linha": 6, "coluna": 13, "area_m2": 9.996157185415246, "code": null, "description": null, "edificio": null }, "geometry": { "type": "Polygon", "coordinates": [ [ [ 32.635496680811301, -25.771223153613711 ], [ 32.635496779019, -25.771251964762946 ], [ 32.635465617164016, -25.771252051845067 ], [ 32.63546535350126, -25.771223241158271 ], [ 32.635496680811301, -25.771223153613711 ] ] ] } },
{ "type": "Feature", "properties": { "id_original": 4, "id_parcela": 797, "linha": 6, "coluna": 14, "area_m2": 10.049094049934853, "code": null, "description": null, "edificio": null }, "geometry": { "type": "Polygon", "coordinates": [ [ [ 32.635496582603558, -25.771194342464373 ], [ 32.635496680811301, -25.771223153613711 ], [ 32.63546535350126, -25.771223241158271 ], [ 32.63546508983854, -25.771194430471347 ], [ 32.635496582603558, -25.771194342464373 ] ] ] } },
{ "type": "Feature", "properties": { "id_original": 4, "id_parcela": 798, "linha": 6, "coluna": 15, "area_m2": 10.102030910454936, "code": null, "description": null, "edificio": null }, "geometry": { "type": "Polygon", "coordinates": [ [ [ 32.635496484395766, -25.771165531314903 ], [ 32.635496582603558, -25.771194342464373 ], [ 32.63546508983854, -25.771194430471347 ], [ 32.635464826175856, -25.77116561978432 ], [ 32.635496484395766, -25.771165531314903 ] ] ] } },
{ "type": "Feature", "properties": { "id_original": 4, "id_parcela": 799, "linha": 6, "coluna": 16, "area_m2": 10.15496777560651, "code": null, "description": null, "edificio": null }, "geometry": { "type": "Polygon", "coordinates": [ [ [ 32.635496386187945, -25.77113672016533 ], [ 32.635496484395766, -25.771165531314903 ], [ 32.635464826175856, -25.77116561978432 ], [ 32.635464562513214, -25.771136809097182 ], [ 32.635496386187945, -25.77113672016533 ] ] ] } },
{ "type": "Feature", "properties": { "id_original": 4, "id_parcela": 800, "linha": 6, "coluna": 17, "area_m2": 10.207904636619388, "code": null, "description": null, "edificio": null }, "geometry": { "type": "Polygon", "coordinates": [ [ [ 32.635496287980068, -25.771107909015633 ], [ 32.635496386187945, -25.77113672016533 ], [ 32.635464562513214, -25.771136809097182 ], [ 32.635464298850607, -25.77110799840991 ], [ 32.635496287980068, -25.771107909015633 ] ] ] } },
{ "type": "Feature", "properties": { "id_original": 4, "id_parcela": 801, "linha": 6, "coluna": 18, "area_m2": 10.260841499385176, "code": null, "description": null, "edificio": null }, "geometry": { "type": "Polygon", "coordinates": [ [ [ 32.635496189772148, -25.771079097865833 ], [ 32.635496287980068, -25.771107909015633 ], [ 32.635464298850607, -25.77110799840991 ], [ 32.635464035188015, -25.771079187722545 ], [ 32.635496189772148, -25.771079097865833 ] ] ] } },
{ "type": "Feature", "properties": { "id_original": 4, "id_parcela": 802, "linha": 6, "coluna": 19, "area_m2": 10.31377836341281, "code": null, "description": null, "edificio": null }, "geometry": { "type": "Polygon", "coordinates": [ [ [ 32.635496091564185, -25.771050286715919 ], [ 32.635496189772148, -25.771079097865833 ], [ 32.635464035188015, -25.771079187722545 ], [ 32.635463771525487, -25.771050377035063 ], [ 32.635496091564185, -25.771050286715919 ] ] ] } },
{ "type": "Feature", "properties": { "id_original": 4, "id_parcela": 704, "linha": 3, "coluna": 2, "area_m2": 10.763000038866648, "code": null, "description": null, "edificio": null }, "geometry": { "type": "Polygon", "coordinates": [ [ [ 32.635318641601387, -25.771539982035165 ], [ 32.63535228315839, -25.771539888058285 ], [ 32.635385924715429, -25.771539794073629 ], [ 32.635386022895638, -25.77156860522139 ], [ 32.635352381330463, -25.771568699205989 ], [ 32.635318739765339, -25.771568793182812 ], [ 32.635318641601387, -25.771539982035165 ] ] ] } },
{ "type": "Feature", "properties": { "id_original": 4, "id_parcela": 649, "linha": 1, "coluna": 1, "area_m2": 10.538881032668643, "code": null, "description": null, "edificio": null }, "geometry": { "type": "Polygon", "coordinates": [ [ [ 32.635419664460862, -25.77156851122902 ], [ 32.63545310178683, -25.771568417799578 ], [ 32.635453190677005, -25.771596766278488 ], [ 32.635419761333736, -25.771596936398222 ], [ 32.635419664460862, -25.77156851122902 ] ] ] } },
{ "type": "Feature", "properties": { "id_original": 4, "id_parcela": 650, "linha": 1, "coluna": 2, "area_m2": 10.698914019168775, "code": null, "description": null, "edificio": null }, "geometry": { "type": "Polygon", "coordinates": [ [ [ 32.635419664460862, -25.77156851122902 ], [ 32.635419566272532, -25.771539700081181 ], [ 32.635453011445783, -25.77153960662972 ], [ 32.63545310178683, -25.771568417799578 ], [ 32.635419664460862, -25.77156851122902 ] ] ] } },
{ "type": "Feature", "properties": { "id_original": 4, "id_parcela": 651, "linha": 1, "coluna": 3, "area_m2": 10.701427198080889, "code": null, "description": null, "edificio": null }, "geometry": { "type": "Polygon", "coordinates": [ [ [ 32.635419566272532, -25.771539700081181 ], [ 32.635419468084159, -25.771510888933229 ], [ 32.635452921104687, -25.771510795459747 ], [ 32.635453011445783, -25.77153960662972 ], [ 32.635419566272532, -25.771539700081181 ] ] ] } },
{ "type": "Feature", "properties": { "id_original": 4, "id_parcela": 652, "linha": 1, "coluna": 4, "area_m2": 10.703940375223745, "code": null, "description": null, "edificio": null }, "geometry": { "type": "Polygon", "coordinates": [ [ [ 32.635419468084159, -25.771510888933229 ], [ 32.635419369895729, -25.771482077785169 ], [ 32.635452830763548, -25.771481984289682 ], [ 32.635452921104687, -25.771510795459747 ], [ 32.635419468084159, -25.771510888933229 ] ] ] } },
{ "type": "Feature", "properties": { "id_original": 4, "id_parcela": 653, "linha": 1, "coluna": 5, "area_m2": 10.706453554195559, "code": null, "description": null, "edificio": null }, "geometry": { "type": "Polygon", "coordinates": [ [ [ 32.635419369895729, -25.771482077785169 ], [ 32.635419271707271, -25.771453266636993 ], [ 32.635452740422338, -25.771453173119486 ], [ 32.635452830763548, -25.771481984289682 ], [ 32.635419369895729, -25.771482077785169 ] ] ] } },
{ "type": "Feature", "properties": { "id_original": 4, "id_parcela": 654, "linha": 1, "coluna": 6, "area_m2": 10.708966727191426, "code": null, "description": null, "edificio": null }, "geometry": { "type": "Polygon", "coordinates": [ [ [ 32.635419271707271, -25.771453266636993 ], [ 32.635419173518777, -25.771424455488695 ], [ 32.635452650081113, -25.771424361949176 ], [ 32.635452740422338, -25.771453173119486 ], [ 32.635419271707271, -25.771453266636993 ] ] ] } },
{ "type": "Feature", "properties": { "id_original": 4, "id_parcela": 655, "linha": 1, "coluna": 7, "area_m2": 10.711479908502284, "code": null, "description": null, "edificio": null }, "geometry": { "type": "Polygon", "coordinates": [ [ [ 32.635419173518777, -25.771424455488695 ], [ 32.635419075330226, -25.771395644340288 ], [ 32.635452559739818, -25.771395550778752 ], [ 32.635452650081113, -25.771424361949176 ], [ 32.635419173518777, -25.771424455488695 ] ] ] } },
{ "type": "Feature", "properties": { "id_original": 4, "id_parcela": 656, "linha": 1, "coluna": 8, "area_m2": 10.713993083802627, "code": null, "description": null, "edificio": null }, "geometry": { "type": "Polygon", "coordinates": [ [ [ 32.635419075330226, -25.771395644340288 ], [ 32.635418977141626, -25.771366833191767 ], [ 32.635452469398494, -25.771366739608222 ], [ 32.635452559739818, -25.771395550778752 ], [ 32.635419075330226, -25.771395644340288 ] ] ] } },
{ "type": "Feature", "properties": { "id_original": 4, "id_parcela": 657, "linha": 1, "coluna": 9, "area_m2": 10.716506260934588, "code": null, "description": null, "edificio": null }, "geometry": { "type": "Polygon", "coordinates": [ [ [ 32.635418977141626, -25.771366833191767 ], [ 32.635418878952983, -25.771338022043139 ], [ 32.635452379057085, -25.771337928437564 ], [ 32.635452469398494, -25.771366739608222 ], [ 32.635418977141626, -25.771366833191767 ] ] ] } },
{ "type": "Feature", "properties": { "id_original": 4, "id_parcela": 658, "linha": 1, "coluna": 10, "area_m2": 10.719019436326541, "code": null, "description": null, "edificio": null }, "geometry": { "type": "Polygon", "coordinates": [ [ [ 32.635418878952983, -25.771338022043139 ], [ 32.635418780764297, -25.771309210894401 ], [ 32.635452288715662, -25.771309117266814 ], [ 32.635452379057085, -25.771337928437564 ], [ 32.635418878952983, -25.771338022043139 ] ] ] } },
{ "type": "Feature", "properties": { "id_original": 4, "id_parcela": 659, "linha": 1, "coluna": 11, "area_m2": 10.721532616526472, "code": null, "description": null, "edificio": null }, "geometry": { "type": "Polygon", "coordinates": [ [ [ 32.635418780764297, -25.771309210894401 ], [ 32.635418682575576, -25.771280399745528 ], [ 32.635452198374182, -25.771280306095939 ], [ 32.635452288715662, -25.771309117266814 ], [ 32.635418780764297, -25.771309210894401 ] ] ] } },
{ "type": "Feature", "properties": { "id_original": 4, "id_parcela": 660, "linha": 1, "coluna": 12, "area_m2": 10.72404579422469, "code": null, "description": null, "edificio": null }, "geometry": { "type": "Polygon", "coordinates": [ [ [ 32.635418682575576, -25.771280399745528 ], [ 32.635418584386798, -25.771251588596556 ], [ 32.635452108032666, -25.77125149492495 ], [ 32.635452198374182, -25.771280306095939 ], [ 32.635418682575576, -25.771280399745528 ] ] ] } },
{ "type": "Feature", "properties": { "id_original": 4, "id_parcela": 661, "linha": 1, "coluna": 13, "area_m2": 10.726558968297065, "code": null, "description": null, "edificio": null }, "geometry": { "type": "Polygon", "coordinates": [ [ [ 32.635418584386798, -25.771251588596556 ], [ 32.635418486197985, -25.771222777447477 ], [ 32.635452017691073, -25.771222683753845 ], [ 32.635452108032666, -25.77125149492495 ], [ 32.635418584386798, -25.771251588596556 ] ] ] } },
{ "type": "Feature", "properties": { "id_original": 4, "id_parcela": 662, "linha": 1, "coluna": 14, "area_m2": 10.729072146749321, "code": null, "description": null, "edificio": null }, "geometry": { "type": "Polygon", "coordinates": [ [ [ 32.635418486197985, -25.771222777447477 ], [ 32.635418388009121, -25.77119396629827 ], [ 32.63545192734945, -25.771193872582629 ], [ 32.635452017691073, -25.771222683753845 ], [ 32.635418486197985, -25.771222777447477 ] ] ] } },
{ "type": "Feature", "properties": { "id_original": 4, "id_parcela": 663, "linha": 1, "coluna": 15, "area_m2": 10.731585322602974, "code": null, "description": null, "edificio": null }, "geometry": { "type": "Polygon", "coordinates": [ [ [ 32.635418388009121, -25.77119396629827 ], [ 32.635418289820223, -25.771165155148967 ], [ 32.635451837007771, -25.77116506141131 ], [ 32.63545192734945, -25.771193872582629 ], [ 32.635418388009121, -25.77119396629827 ] ] ] } },
{ "type": "Feature", "properties": { "id_original": 4, "id_parcela": 664, "linha": 1, "coluna": 16, "area_m2": 10.734098502838716, "code": null, "description": null, "edificio": null }, "geometry": { "type": "Polygon", "coordinates": [ [ [ 32.635418289820223, -25.771165155148967 ], [ 32.635418191631274, -25.77113634399954 ], [ 32.635451746666071, -25.771136250239852 ], [ 32.635451837007771, -25.77116506141131 ], [ 32.635418289820223, -25.771165155148967 ] ] ] } },
{ "type": "Feature", "properties": { "id_original": 4, "id_parcela": 665, "linha": 1, "coluna": 17, "area_m2": 10.736611678093986, "code": null, "description": null, "edificio": null }, "geometry": { "type": "Polygon", "coordinates": [ [ [ 32.635418191631274, -25.77113634399954 ], [ 32.635418093442276, -25.771107532849999 ], [ 32.635451656324285, -25.771107439068299 ], [ 32.635451746666071, -25.771136250239852 ], [ 32.635418191631274, -25.77113634399954 ] ] ] } },
{ "type": "Feature", "properties": { "id_original": 4, "id_parcela": 666, "linha": 1, "coluna": 18, "area_m2": 10.739124855329639, "code": null, "description": null, "edificio": null }, "geometry": { "type": "Polygon", "coordinates": [ [ [ 32.635418093442276, -25.771107532849999 ], [ 32.635417995253235, -25.771078721700352 ], [ 32.635451565982471, -25.771078627896639 ], [ 32.635451656324285, -25.771107439068299 ], [ 32.635418093442276, -25.771107532849999 ] ] ] } },
{ "type": "Feature", "properties": { "id_original": 4, "id_parcela": 667, "linha": 1, "coluna": 19, "area_m2": 10.741638033027236, "code": null, "description": null, "edificio": null }, "geometry": { "type": "Polygon", "coordinates": [ [ [ 32.635417995253235, -25.771078721700352 ], [ 32.635417897064151, -25.771049910550573 ], [ 32.6354514756406, -25.771049816724855 ], [ 32.635451565982471, -25.771078627896639 ], [ 32.635417995253235, -25.771078721700352 ] ] ] } },
{ "type": "Feature", "properties": { "id_original": 4, "id_parcela": 705, "linha": 3, "coluna": 3, "area_m2": 10.763000038931896, "code": null, "description": null, "edificio": null }, "geometry": { "type": "Polygon", "coordinates": [ [ [ 32.63535228315839, -25.771539888058285 ], [ 32.635352184986253, -25.771511076910461 ], [ 32.635385826535178, -25.77151098292574 ], [ 32.635385924715429, -25.771539794073629 ], [ 32.63535228315839, -25.771539888058285 ] ] ] } },
{ "type": "Feature", "properties": { "id_original": 4, "id_parcela": 706, "linha": 3, "coluna": 4, "area_m2": 10.763000035860738, "code": null, "description": null, "edificio": null }, "geometry": { "type": "Polygon", "coordinates": [ [ [ 32.635352184986253, -25.771511076910461 ], [ 32.635352086814088, -25.771482265762522 ], [ 32.635385728354883, -25.771482171777741 ], [ 32.635385826535178, -25.77151098292574 ], [ 32.635352184986253, -25.771511076910461 ] ] ] } },
{ "type": "Feature", "properties": { "id_original": 4, "id_parcela": 707, "linha": 3, "coluna": 5, "area_m2": 10.763000038931896, "code": null, "description": null, "edificio": null }, "geometry": { "type": "Polygon", "coordinates": [ [ [ 32.635352086814088, -25.771482265762522 ], [ 32.635351988641865, -25.771453454614477 ], [ 32.63538563017454, -25.771453360629629 ], [ 32.635385728354883, -25.771482171777741 ], [ 32.635352086814088, -25.771482265762522 ] ] ] } },
{ "type": "Feature", "properties": { "id_original": 4, "id_parcela": 708, "linha": 3, "coluna": 6, "area_m2": 10.76300003774514, "code": null, "description": null, "edificio": null }, "geometry": { "type": "Polygon", "coordinates": [ [ [ 32.635351988641865, -25.771453454614477 ], [ 32.635351890469622, -25.771424643466322 ], [ 32.635385531994167, -25.771424549481388 ], [ 32.63538563017454, -25.771453360629629 ], [ 32.635351988641865, -25.771453454614477 ] ] ] } },
{ "type": "Feature", "properties": { "id_original": 4, "id_parcela": 709, "linha": 3, "coluna": 7, "area_m2": 10.76300003830594, "code": null, "description": null, "edificio": null }, "geometry": { "type": "Polygon", "coordinates": [ [ [ 32.635351890469622, -25.771424643466322 ], [ 32.635351792297314, -25.771395832318046 ], [ 32.635385433813738, -25.771395738333048 ], [ 32.635385531994167, -25.771424549481388 ], [ 32.635351890469622, -25.771424643466322 ] ] ] } },
{ "type": "Feature", "properties": { "id_original": 4, "id_parcela": 710, "linha": 3, "coluna": 8, "area_m2": 10.76300003830594, "code": null, "description": null, "edificio": null }, "geometry": { "type": "Polygon", "coordinates": [ [ [ 32.635351792297314, -25.771395832318046 ], [ 32.635351694124964, -25.771367021169652 ], [ 32.635385335633259, -25.771366927184602 ], [ 32.635385433813738, -25.771395738333048 ], [ 32.635351792297314, -25.771395832318046 ] ] ] } },
{ "type": "Feature", "properties": { "id_original": 4, "id_parcela": 711, "linha": 3, "coluna": 9, "area_m2": 10.763000037083339, "code": null, "description": null, "edificio": null }, "geometry": { "type": "Polygon", "coordinates": [ [ [ 32.635351694124964, -25.771367021169652 ], [ 32.635351595952571, -25.771338210021156 ], [ 32.635385237452745, -25.771338116036031 ], [ 32.635385335633259, -25.771366927184602 ], [ 32.635351694124964, -25.771367021169652 ] ] ] } },
{ "type": "Feature", "properties": { "id_original": 4, "id_parcela": 712, "linha": 3, "coluna": 10, "area_m2": 10.763000037083339, "code": null, "description": null, "edificio": null }, "geometry": { "type": "Polygon", "coordinates": [ [ [ 32.635351595952571, -25.771338210021156 ], [ 32.635351497780135, -25.771309398872535 ], [ 32.635385139272181, -25.771309304887357 ], [ 32.635385237452745, -25.771338116036031 ], [ 32.635351595952571, -25.771338210021156 ] ] ] } },
{ "type": "Feature", "properties": { "id_original": 4, "id_parcela": 713, "linha": 3, "coluna": 11, "area_m2": 10.76300003774514, "code": null, "description": null, "edificio": null }, "geometry": { "type": "Polygon", "coordinates": [ [ [ 32.635351399607643, -25.771280587723812 ], [ 32.635351301435122, -25.771251776574978 ], [ 32.635384942910932, -25.771251682589668 ], [ 32.635385041091574, -25.771280493738569 ], [ 32.635351399607643, -25.771280587723812 ] ] ] } },
{ "type": "Feature", "properties": { "id_original": 4, "id_parcela": 714, "linha": 3, "coluna": 12, "area_m2": 10.763000038931896, "code": null, "description": null, "edificio": null }, "geometry": { "type": "Polygon", "coordinates": [ [ [ 32.635351301435122, -25.771251776574978 ], [ 32.635351203262552, -25.77122296542602 ], [ 32.635384844730233, -25.771222871440632 ], [ 32.635384942910925, -25.771251682589668 ], [ 32.635351301435122, -25.771251776574978 ] ] ] } },
{ "type": "Feature", "properties": { "id_original": 4, "id_parcela": 715, "linha": 3, "coluna": 13, "area_m2": 10.763000037083339, "code": null, "description": null, "edificio": null }, "geometry": { "type": "Polygon", "coordinates": [ [ [ 32.635351203262552, -25.77122296542602 ], [ 32.635351105089939, -25.771194154276955 ], [ 32.635384746549498, -25.771194060291503 ], [ 32.635384844730233, -25.771222871440632 ], [ 32.635351203262552, -25.77122296542602 ] ] ] } },
{ "type": "Feature", "properties": { "id_original": 4, "id_parcela": 717, "linha": 3, "coluna": 15, "area_m2": 10.763000037083339, "code": null, "description": null, "edificio": null }, "geometry": { "type": "Polygon", "coordinates": [ [ [ 32.635351105089946, -25.771194154276952 ], [ 32.63535100691729, -25.771165343127755 ], [ 32.635384648368721, -25.771165249142257 ], [ 32.635384746549505, -25.771194060291503 ], [ 32.635351105089946, -25.771194154276952 ] ] ] } },
{ "type": "Feature", "properties": { "id_original": 4, "id_parcela": 718, "linha": 3, "coluna": 16, "area_m2": 10.763000039593697, "code": null, "description": null, "edificio": null }, "geometry": { "type": "Polygon", "coordinates": [ [ [ 32.63535100691729, -25.771165343127755 ], [ 32.635350908744584, -25.771136531978463 ], [ 32.635384550187908, -25.77113643799289 ], [ 32.635384648368721, -25.771165249142257 ], [ 32.63535100691729, -25.771165343127755 ] ] ] } },
{ "type": "Feature", "properties": { "id_original": 4, "id_parcela": 719, "linha": 3, "coluna": 17, "area_m2": 10.763000037083339, "code": null, "description": null, "edificio": null }, "geometry": { "type": "Polygon", "coordinates": [ [ [ 32.635350908744584, -25.771136531978463 ], [ 32.635350810571843, -25.771107720829058 ], [ 32.635384452007031, -25.771107626843417 ], [ 32.635384550187908, -25.77113643799289 ], [ 32.635350908744584, -25.771136531978463 ] ] ] } },
{ "type": "Feature", "properties": { "id_original": 4, "id_parcela": 720, "linha": 3, "coluna": 18, "area_m2": 10.763000037083339, "code": null, "description": null, "edificio": null }, "geometry": { "type": "Polygon", "coordinates": [ [ [ 32.635350810571843, -25.771107720829058 ], [ 32.635350712399052, -25.771078909679538 ], [ 32.635384353826112, -25.77107881569383 ], [ 32.635384452007031, -25.771107626843417 ], [ 32.635350810571843, -25.771107720829058 ] ] ] } },
{ "type": "Feature", "properties": { "id_original": 4, "id_parcela": 732, "linha": 4, "coluna": 3, "area_m2": 10.763000041210759, "code": null, "description": null, "edificio": null }, "geometry": { "type": "Polygon", "coordinates": [ [ [ 32.635318641601387, -25.771539982035165 ], [ 32.635318543437378, -25.771511170887404 ], [ 32.635352184986253, -25.771511076910461 ], [ 32.63535228315839, -25.771539888058285 ], [ 32.635318641601387, -25.771539982035165 ] ] ] } },
{ "type": "Feature", "properties": { "id_original": 4, "id_parcela": 733, "linha": 4, "coluna": 4, "area_m2": 10.763000039988157, "code": null, "description": null, "edificio": null }, "geometry": { "type": "Polygon", "coordinates": [ [ [ 32.635318543437378, -25.771511170887404 ], [ 32.635318445273334, -25.771482359739547 ], [ 32.635352086814088, -25.771482265762522 ], [ 32.635352184986253, -25.771511076910461 ], [ 32.635318543437378, -25.771511170887404 ] ] ] } },
{ "type": "Feature", "properties": { "id_original": 4, "id_parcela": 734, "linha": 4, "coluna": 5, "area_m2": 10.763000041836714, "code": null, "description": null, "edificio": null }, "geometry": { "type": "Polygon", "coordinates": [ [ [ 32.635318445273334, -25.771482359739547 ], [ 32.635318347109241, -25.771453548591555 ], [ 32.635351988641865, -25.771453454614477 ], [ 32.635352086814088, -25.771482265762522 ], [ 32.635318445273334, -25.771482359739547 ] ] ] } },
{ "type": "Feature", "properties": { "id_original": 4, "id_parcela": 735, "linha": 4, "coluna": 6, "area_m2": 10.763000039427357, "code": null, "description": null, "edificio": null }, "geometry": { "type": "Polygon", "coordinates": [ [ [ 32.635318347109241, -25.771453548591555 ], [ 32.635318248945111, -25.771424737443468 ], [ 32.635351890469622, -25.771424643466322 ], [ 32.635351988641865, -25.771453454614477 ], [ 32.635318347109241, -25.771453548591555 ] ] ] } },
{ "type": "Feature", "properties": { "id_original": 4, "id_parcela": 736, "linha": 4, "coluna": 7, "area_m2": 10.763000041836714, "code": null, "description": null, "edificio": null }, "geometry": { "type": "Polygon", "coordinates": [ [ [ 32.635318248945111, -25.771424737443468 ], [ 32.635318150780925, -25.771395926295259 ], [ 32.635351792297314, -25.771395832318046 ], [ 32.635351890469622, -25.771424643466322 ], [ 32.635318248945111, -25.771424737443468 ] ] ] } },
{ "type": "Feature", "properties": { "id_original": 4, "id_parcela": 737, "linha": 4, "coluna": 8, "area_m2": 10.763000041836714, "code": null, "description": null, "edificio": null }, "geometry": { "type": "Polygon", "coordinates": [ [ [ 32.635318150780925, -25.771395926295259 ], [ 32.635318052616704, -25.771367115146923 ], [ 32.635351694124964, -25.771367021169652 ], [ 32.635351792297314, -25.771395832318046 ], [ 32.635318150780925, -25.771395926295259 ] ] ] } },
{ "type": "Feature", "properties": { "id_original": 4, "id_parcela": 738, "linha": 4, "coluna": 9, "area_m2": 10.763000039988157, "code": null, "description": null, "edificio": null }, "geometry": { "type": "Polygon", "coordinates": [ [ [ 32.635318052616704, -25.771367115146923 ], [ 32.635317954452439, -25.771338303998494 ], [ 32.635351595952571, -25.771338210021156 ], [ 32.635351694124964, -25.771367021169652 ], [ 32.635318052616704, -25.771367115146923 ] ] ] } },
{ "type": "Feature", "properties": { "id_original": 4, "id_parcela": 739, "linha": 4, "coluna": 10, "area_m2": 10.763000039988157, "code": null, "description": null, "edificio": null }, "geometry": { "type": "Polygon", "coordinates": [ [ [ 32.635317954452439, -25.771338303998494 ], [ 32.635317856288125, -25.771309492849955 ], [ 32.635351497780135, -25.771309398872535 ], [ 32.635351595952571, -25.771338210021156 ], [ 32.635317954452439, -25.771338303998494 ] ] ] } },
{ "type": "Feature", "properties": { "id_original": 4, "id_parcela": 740, "linha": 4, "coluna": 11, "area_m2": 10.763000042498515, "code": null, "description": null, "edificio": null }, "geometry": { "type": "Polygon", "coordinates": [ [ [ 32.635317758123755, -25.771280681701299 ], [ 32.635317659959355, -25.771251870552515 ], [ 32.635351301435122, -25.771251776574978 ], [ 32.635351399607643, -25.771280587723812 ], [ 32.635317758123755, -25.771280681701299 ] ] ] } },
{ "type": "Feature", "properties": { "id_original": 4, "id_parcela": 741, "linha": 4, "coluna": 12, "area_m2": 10.763000041836714, "code": null, "description": null, "edificio": null }, "geometry": { "type": "Polygon", "coordinates": [ [ [ 32.635317659959355, -25.771251870552515 ], [ 32.635317561794906, -25.771223059403621 ], [ 32.635351203262552, -25.77122296542602 ], [ 32.635351301435122, -25.771251776574978 ], [ 32.635317659959355, -25.771251870552515 ] ] ] } },
{ "type": "Feature", "properties": { "id_original": 4, "id_parcela": 742, "linha": 4, "coluna": 13, "area_m2": 10.763000038765556, "code": null, "description": null, "edificio": null }, "geometry": { "type": "Polygon", "coordinates": [ [ [ 32.635317561794906, -25.771223059403621 ], [ 32.635317463630422, -25.771194248254616 ], [ 32.635351105089939, -25.771194154276955 ], [ 32.635351203262552, -25.77122296542602 ], [ 32.635317561794906, -25.771223059403621 ] ] ] } },
{ "type": "Feature", "properties": { "id_original": 4, "id_parcela": 744, "linha": 4, "coluna": 15, "area_m2": 10.763000039988157, "code": null, "description": null, "edificio": null }, "geometry": { "type": "Polygon", "coordinates": [ [ [ 32.635317463630429, -25.771194248254613 ], [ 32.635317365465895, -25.771165437105502 ], [ 32.63535100691729, -25.771165343127755 ], [ 32.635351105089946, -25.771194154276952 ], [ 32.635317463630429, -25.771194248254613 ] ] ] } },
{ "type": "Feature", "properties": { "id_original": 4, "id_parcela": 745, "linha": 4, "coluna": 16, "area_m2": 10.763000041872559, "code": null, "description": null, "edificio": null }, "geometry": { "type": "Polygon", "coordinates": [ [ [ 32.635317365465895, -25.771165437105502 ], [ 32.635317267301318, -25.77113662595627 ], [ 32.635350908744584, -25.771136531978463 ], [ 32.63535100691729, -25.771165343127755 ], [ 32.635317365465895, -25.771165437105502 ] ] ] } },
{ "type": "Feature", "properties": { "id_original": 4, "id_parcela": 746, "linha": 4, "coluna": 17, "area_m2": 10.763000039988157, "code": null, "description": null, "edificio": null }, "geometry": { "type": "Polygon", "coordinates": [ [ [ 32.635317267301318, -25.77113662595627 ], [ 32.635317169136698, -25.771107814806932 ], [ 32.635350810571843, -25.771107720829058 ], [ 32.635350908744584, -25.771136531978463 ], [ 32.635317267301318, -25.77113662595627 ] ] ] } },
{ "type": "Feature", "properties": { "id_original": 4, "id_parcela": 747, "linha": 4, "coluna": 18, "area_m2": 10.763000041836714, "code": null, "description": null, "edificio": null }, "geometry": { "type": "Polygon", "coordinates": [ [ [ 32.635317169136698, -25.771107814806932 ], [ 32.635317070972029, -25.771079003657466 ], [ 32.635350712399052, -25.771078909679538 ], [ 32.635350810571843, -25.771107720829058 ], [ 32.635317169136698, -25.771107814806932 ] ] ] } },
{ "type": "Feature", "properties": { "id_original": 4, "id_parcela": 784, "linha": 6, "coluna": 1, "area_m2": 10.643485624183072, "code": null, "description": null, "edificio": null }, "geometry": { "type": "Polygon", "coordinates": [ [ [ 32.635285098200256, -25.77156888715184 ], [ 32.635285196093093, -25.771597621114182 ], [ 32.635251560547104, -25.771597792244417 ], [ 32.635252107885435, -25.77156897929423 ], [ 32.635285098200256, -25.77156888715184 ] ] ] } },
{ "type": "Feature", "properties": { "id_original": 4, "id_parcela": 785, "linha": 6, "coluna": 2, "area_m2": 10.451388831108053, "code": null, "description": null, "edificio": null }, "geometry": { "type": "Polygon", "coordinates": [ [ [ 32.635285000044433, -25.771540076004282 ], [ 32.635285098200256, -25.77156888715184 ], [ 32.635252107885435, -25.77156897929423 ], [ 32.635252655223404, -25.77154016634395 ], [ 32.635285000044433, -25.771540076004282 ] ] ] } },
{ "type": "Feature", "properties": { "id_original": 4, "id_parcela": 786, "linha": 6, "coluna": 3, "area_m2": 10.244877457719342, "code": null, "description": null, "edificio": null }, "geometry": { "type": "Polygon", "coordinates": [ [ [ 32.635284901888554, -25.771511264856585 ], [ 32.635285000044433, -25.771540076004282 ], [ 32.635252655223404, -25.77154016634395 ], [ 32.635253202561032, -25.771511353393528 ], [ 32.635284901888554, -25.771511264856585 ] ] ] } },
{ "type": "Feature", "properties": { "id_original": 4, "id_parcela": 787, "linha": 6, "coluna": 4, "area_m2": 10.038366080182927, "code": null, "description": null, "edificio": null }, "geometry": { "type": "Polygon", "coordinates": [ [ [ 32.635284803732624, -25.771482453708789 ], [ 32.635284901888554, -25.771511264856585 ], [ 32.635253202561032, -25.771511353393528 ], [ 32.635253749898283, -25.771482540443003 ], [ 32.635284803732624, -25.771482453708789 ] ] ] } },
{ "type": "Feature", "properties": { "id_original": 4, "id_parcela": 788, "linha": 6, "coluna": 5, "area_m2": 9.8318547107697505, "code": null, "description": null, "edificio": null }, "geometry": { "type": "Polygon", "coordinates": [ [ [ 32.635284705576659, -25.771453642560868 ], [ 32.635284803732624, -25.771482453708789 ], [ 32.635253749898283, -25.771482540443003 ], [ 32.635254297235178, -25.771453727492347 ], [ 32.635284705576659, -25.771453642560868 ] ] ] } },
{ "type": "Feature", "properties": { "id_original": 4, "id_parcela": 789, "linha": 6, "coluna": 6, "area_m2": 9.6579023976944303, "code": null, "description": null, "edificio": null }, "geometry": { "type": "Polygon", "coordinates": [ [ [ 32.635284607420658, -25.771424831412823 ], [ 32.635284705576659, -25.771453642560868 ], [ 32.635254297235178, -25.771453727492347 ], [ 32.635254570363841, -25.771439349425961 ], [ 32.635254438298126, -25.771424915676278 ], [ 32.635284607420658, -25.771424831412823 ] ] ] } },
{ "type": "Feature", "properties": { "id_original": 4, "id_parcela": 790, "linha": 6, "coluna": 7, "area_m2": 9.6785360091879937, "code": null, "description": null, "edificio": null }, "geometry": { "type": "Polygon", "coordinates": [ [ [ 32.635284509264601, -25.771396020264682 ], [ 32.635284607420658, -25.771424831412823 ], [ 32.635254438298126, -25.771424915676278 ], [ 32.63525417468653, -25.771396104990323 ], [ 32.635284509264601, -25.771396020264682 ] ] ] } },
{ "type": "Feature", "properties": { "id_original": 4, "id_parcela": 791, "linha": 6, "coluna": 8, "area_m2": 9.7314728736622857, "code": null, "description": null, "edificio": null }, "geometry": { "type": "Polygon", "coordinates": [ [ [ 32.635284411108493, -25.771367209116431 ], [ 32.635284509264601, -25.771396020264682 ], [ 32.63525417468653, -25.771396104990323 ], [ 32.635253911074969, -25.771367294304252 ], [ 32.635284411108493, -25.771367209116431 ] ] ] } },
{ "type": "Feature", "properties": { "id_original": 4, "id_parcela": 792, "linha": 6, "coluna": 9, "area_m2": 9.7844097331205901, "code": null, "description": null, "edificio": null }, "geometry": { "type": "Polygon", "coordinates": [ [ [ 32.635284312952351, -25.771338397968059 ], [ 32.635284411108493, -25.771367209116431 ], [ 32.635253911074969, -25.771367294304252 ], [ 32.635253647463465, -25.77133848361807 ], [ 32.635284312952351, -25.771338397968059 ] ] ] } },
{ "type": "Feature", "properties": { "id_original": 4, "id_parcela": 793, "linha": 6, "coluna": 10, "area_m2": 9.8373465969991791, "code": null, "description": null, "edificio": null }, "geometry": { "type": "Polygon", "coordinates": [ [ [ 32.635284214796158, -25.771309586819573 ], [ 32.635284312952351, -25.771338397968059 ], [ 32.635253647463465, -25.77133848361807 ], [ 32.635253383851968, -25.771309672931778 ], [ 32.635284214796158, -25.771309586819573 ] ] ] } },
{ "type": "Feature", "properties": { "id_original": 4, "id_parcela": 794, "linha": 6, "coluna": 11, "area_m2": 9.8902834598886447, "code": null, "description": null, "edificio": null }, "geometry": { "type": "Polygon", "coordinates": [ [ [ 32.63528411663993, -25.771280775670981 ], [ 32.635284214796158, -25.771309586819573 ], [ 32.635253383851968, -25.771309672931778 ], [ 32.635253120240534, -25.771280862245355 ], [ 32.63528411663993, -25.771280775670981 ] ] ] } },
{ "type": "Feature", "properties": { "id_original": 4, "id_parcela": 795, "linha": 6, "coluna": 12, "area_m2": 9.9432203237479833, "code": null, "description": null, "edificio": null }, "geometry": { "type": "Polygon", "coordinates": [ [ [ 32.635284018483659, -25.771251964522268 ], [ 32.63528411663993, -25.771280775670981 ], [ 32.635253120240534, -25.771280862245355 ], [ 32.635252856629123, -25.771252051558832 ], [ 32.635284018483659, -25.771251964522268 ] ] ] } },
{ "type": "Feature", "properties": { "id_original": 4, "id_parcela": 796, "linha": 6, "coluna": 13, "area_m2": 9.996157185415246, "code": null, "description": null, "edificio": null }, "geometry": { "type": "Polygon", "coordinates": [ [ [ 32.635283920327332, -25.771223153373441 ], [ 32.635284018483659, -25.771251964522268 ], [ 32.635252856629123, -25.771252051558832 ], [ 32.635252593017739, -25.771223240872203 ], [ 32.635283920327332, -25.771223153373441 ] ] ] } },
{ "type": "Feature", "properties": { "id_original": 4, "id_parcela": 797, "linha": 6, "coluna": 14, "area_m2": 10.049094049934853, "code": null, "description": null, "edificio": null }, "geometry": { "type": "Polygon", "coordinates": [ [ [ 32.635283822170962, -25.771194342224515 ], [ 32.635283920327332, -25.771223153373441 ], [ 32.635252593017739, -25.771223240872203 ], [ 32.635252329406391, -25.771194430185446 ], [ 32.635283822170962, -25.771194342224515 ] ] ] } },
{ "type": "Feature", "properties": { "id_original": 4, "id_parcela": 798, "linha": 6, "coluna": 15, "area_m2": 10.102030910454936, "code": null, "description": null, "edificio": null }, "geometry": { "type": "Polygon", "coordinates": [ [ [ 32.635283724014549, -25.771165531075464 ], [ 32.635283822170962, -25.771194342224515 ], [ 32.635252329406391, -25.771194430185446 ], [ 32.635252065795086, -25.771165619498593 ], [ 32.635283724014549, -25.771165531075464 ] ] ] } },
{ "type": "Feature", "properties": { "id_original": 4, "id_parcela": 799, "linha": 6, "coluna": 16, "area_m2": 10.15496777560651, "code": null, "description": null, "edificio": null }, "geometry": { "type": "Polygon", "coordinates": [ [ [ 32.635283625858108, -25.771136719926293 ], [ 32.635283724014549, -25.771165531075464 ], [ 32.635252065795086, -25.771165619498593 ], [ 32.635251802183831, -25.771136808811622 ], [ 32.635283625858108, -25.771136719926293 ] ] ] } },
{ "type": "Feature", "properties": { "id_original": 4, "id_parcela": 800, "linha": 6, "coluna": 17, "area_m2": 10.207904636619388, "code": null, "description": null, "edificio": null }, "geometry": { "type": "Polygon", "coordinates": [ [ [ 32.635283527701603, -25.771107908777005 ], [ 32.635283625858108, -25.771136719926293 ], [ 32.635251802183831, -25.771136808811622 ], [ 32.635251538572597, -25.771107998124521 ], [ 32.635283527701603, -25.771107908777005 ] ] ] } },
{ "type": "Feature", "properties": { "id_original": 4, "id_parcela": 801, "linha": 6, "coluna": 18, "area_m2": 10.260841499385176, "code": null, "description": null, "edificio": null }, "geometry": { "type": "Polygon", "coordinates": [ [ [ 32.635283429545062, -25.771079097627627 ], [ 32.635283527701603, -25.771107908777005 ], [ 32.635251538572597, -25.771107998124521 ], [ 32.635251274961391, -25.771079187437326 ], [ 32.635283429545062, -25.771079097627627 ] ] ] } },
{ "type": "Feature", "properties": { "id_original": 4, "id_parcela": 802, "linha": 6, "coluna": 19, "area_m2": 10.31377836341281, "code": null, "description": null, "edificio": null }, "geometry": { "type": "Polygon", "coordinates": [ [ [ 32.635283331388464, -25.771050286478118 ], [ 32.635283429545062, -25.771079097627627 ], [ 32.635251274961391, -25.771079187437326 ], [ 32.635251011350228, -25.771050376750008 ], [ 32.635283331388464, -25.771050286478118 ] ] ] } },
{ "type": "Feature", "properties": { "id_original": 4, "id_parcela": 704, "linha": 3, "coluna": 2, "area_m2": 10.763000038866648, "code": null, "description": null, "edificio": null }, "geometry": { "type": "Polygon", "coordinates": [ [ [ 32.636489810905928, -25.771459719241356 ], [ 32.636523452442937, -25.77145962499349 ], [ 32.636557093979988, -25.771459530737861 ], [ 32.636557192443192, -25.771488341888197 ], [ 32.636523550898012, -25.77148843614378 ], [ 32.636489909352875, -25.771488530391579 ], [ 32.636489810905928, -25.771459719241356 ] ] ] } },
{ "type": "Feature", "properties": { "id_original": 4, "id_parcela": 649, "linha": 1, "coluna": 1, "area_m2": 10.538881032668643, "code": null, "description": null, "edificio": null }, "geometry": { "type": "Polygon", "coordinates": [ [ [ 32.636590833988421, -25.771488247624848 ], [ 32.636624271294522, -25.771488153926072 ], [ 32.636624360463152, -25.771516502407572 ], [ 32.636590931140503, -25.77151667279659 ], [ 32.636590833988421, -25.771488247624848 ] ] ] } },
{ "type": "Feature", "properties": { "id_original": 4, "id_parcela": 650, "linha": 1, "coluna": 2, "area_m2": 10.698914019168775, "code": null, "description": null, "edificio": null }, "geometry": { "type": "Polygon", "coordinates": [ [ [ 32.636590833988421, -25.771488247624848 ], [ 32.636590735517103, -25.771459436474426 ], [ 32.636624180670474, -25.771459342753573 ], [ 32.636624271294522, -25.771488153926072 ], [ 32.636590833988421, -25.771488247624848 ] ] ] } },
{ "type": "Feature", "properties": { "id_original": 4, "id_parcela": 651, "linha": 1, "coluna": 3, "area_m2": 10.701427198080889, "code": null, "description": null, "edificio": null }, "geometry": { "type": "Polygon", "coordinates": [ [ [ 32.636590735517103, -25.771459436474426 ], [ 32.636590637045721, -25.771430625323905 ], [ 32.636624090046368, -25.771430531580965 ], [ 32.636624180670474, -25.771459342753573 ], [ 32.636590735517103, -25.771459436474426 ] ] ] } },
{ "type": "Feature", "properties": { "id_original": 4, "id_parcela": 652, "linha": 1, "coluna": 4, "area_m2": 10.703940375223745, "code": null, "description": null, "edificio": null }, "geometry": { "type": "Polygon", "coordinates": [ [ [ 32.636590637045721, -25.771430625323905 ], [ 32.636590538574303, -25.77140181417327 ], [ 32.636623999422227, -25.771401720408257 ], [ 32.636624090046368, -25.771430531580965 ], [ 32.636590637045721, -25.771430625323905 ] ] ] } },
{ "type": "Feature", "properties": { "id_original": 4, "id_parcela": 653, "linha": 1, "coluna": 5, "area_m2": 10.706453554195559, "code": null, "description": null, "edificio": null }, "geometry": { "type": "Polygon", "coordinates": [ [ [ 32.636590538574303, -25.77140181417327 ], [ 32.636590440102843, -25.771373003022514 ], [ 32.636623908798022, -25.771372909235428 ], [ 32.636623999422227, -25.771401720408257 ], [ 32.636590538574303, -25.77140181417327 ] ] ] } },
{ "type": "Feature", "properties": { "id_original": 4, "id_parcela": 654, "linha": 1, "coluna": 6, "area_m2": 10.708966727191426, "code": null, "description": null, "edificio": null }, "geometry": { "type": "Polygon", "coordinates": [ [ [ 32.636590440102843, -25.771373003022514 ], [ 32.636590341631347, -25.771344191871648 ], [ 32.636623818173796, -25.771344098062478 ], [ 32.636623908798022, -25.771372909235428 ], [ 32.636590440102843, -25.771373003022514 ] ] ] } },
{ "type": "Feature", "properties": { "id_original": 4, "id_parcela": 655, "linha": 1, "coluna": 7, "area_m2": 10.711479908502284, "code": null, "description": null, "edificio": null }, "geometry": { "type": "Polygon", "coordinates": [ [ [ 32.636590341631347, -25.771344191871648 ], [ 32.636590243159809, -25.771315380720662 ], [ 32.636623727549505, -25.771315286889408 ], [ 32.636623818173796, -25.771344098062478 ], [ 32.636590341631347, -25.771344191871648 ] ] ] } },
{ "type": "Feature", "properties": { "id_original": 4, "id_parcela": 656, "linha": 1, "coluna": 8, "area_m2": 10.713993083802627, "code": null, "description": null, "edificio": null }, "geometry": { "type": "Polygon", "coordinates": [ [ [ 32.636590243159809, -25.771315380720662 ], [ 32.636590144688213, -25.771286569569558 ], [ 32.636623636925172, -25.771286475716241 ], [ 32.636623727549505, -25.771315286889408 ], [ 32.636590243159809, -25.771315380720662 ] ] ] } },
{ "type": "Feature", "properties": { "id_original": 4, "id_parcela": 657, "linha": 1, "coluna": 9, "area_m2": 10.716506260934588, "code": null, "description": null, "edificio": null }, "geometry": { "type": "Polygon", "coordinates": [ [ [ 32.636590144688213, -25.771286569569558 ], [ 32.636590046216568, -25.771257758418358 ], [ 32.636623546300775, -25.771257664542937 ], [ 32.636623636925172, -25.771286475716241 ], [ 32.636590144688213, -25.771286569569558 ] ] ] } },
{ "type": "Feature", "properties": { "id_original": 4, "id_parcela": 658, "linha": 1, "coluna": 10, "area_m2": 10.719019436326541, "code": null, "description": null, "edificio": null }, "geometry": { "type": "Polygon", "coordinates": [ [ [ 32.636590046216568, -25.771257758418358 ], [ 32.636589947744895, -25.771228947267041 ], [ 32.636623455676343, -25.771228853369557 ], [ 32.636623546300775, -25.771257664542937 ], [ 32.636590046216568, -25.771257758418358 ] ] ] } },
{ "type": "Feature", "properties": { "id_original": 4, "id_parcela": 659, "linha": 1, "coluna": 11, "area_m2": 10.721532616526472, "code": null, "description": null, "edificio": null }, "geometry": { "type": "Polygon", "coordinates": [ [ [ 32.636589947744895, -25.771228947267041 ], [ 32.636589849273179, -25.771200136115596 ], [ 32.636623365051868, -25.771200042196039 ], [ 32.636623455676343, -25.771228853369557 ], [ 32.636589947744895, -25.771228947267041 ] ] ] } },
{ "type": "Feature", "properties": { "id_original": 4, "id_parcela": 660, "linha": 1, "coluna": 12, "area_m2": 10.72404579422469, "code": null, "description": null, "edificio": null }, "geometry": { "type": "Polygon", "coordinates": [ [ [ 32.636589849273179, -25.771200136115596 ], [ 32.636589750801406, -25.771171324964051 ], [ 32.63662327442735, -25.771171231022421 ], [ 32.636623365051868, -25.771200042196039 ], [ 32.636589849273179, -25.771200136115596 ] ] ] } },
{ "type": "Feature", "properties": { "id_original": 4, "id_parcela": 661, "linha": 1, "coluna": 13, "area_m2": 10.726558968297065, "code": null, "description": null, "edificio": null }, "geometry": { "type": "Polygon", "coordinates": [ [ [ 32.636589750801406, -25.771171324964051 ], [ 32.636589652329597, -25.771142513812393 ], [ 32.636623183802762, -25.771142419848672 ], [ 32.63662327442735, -25.771171231022421 ], [ 32.636589750801406, -25.771171324964051 ] ] ] } },
{ "type": "Feature", "properties": { "id_original": 4, "id_parcela": 705, "linha": 3, "coluna": 3, "area_m2": 10.763000038931896, "code": null, "description": null, "edificio": null }, "geometry": { "type": "Polygon", "coordinates": [ [ [ 32.636523452442937, -25.77145962499349 ], [ 32.636523353987805, -25.771430813843093 ], [ 32.636556995516742, -25.771430719587393 ], [ 32.636557093979988, -25.771459530737861 ], [ 32.636523452442937, -25.77145962499349 ] ] ] } },
{ "type": "Feature", "properties": { "id_original": 4, "id_parcela": 706, "linha": 3, "coluna": 4, "area_m2": 10.763000035860738, "code": null, "description": null, "edificio": null }, "geometry": { "type": "Polygon", "coordinates": [ [ [ 32.636523353987805, -25.771430813843093 ], [ 32.636523255532644, -25.771402002692586 ], [ 32.636556897053445, -25.771401908436818 ], [ 32.636556995516742, -25.771430719587393 ], [ 32.636523353987805, -25.771430813843093 ] ] ] } },
{ "type": "Feature", "properties": { "id_original": 4, "id_parcela": 707, "linha": 3, "coluna": 5, "area_m2": 10.763000038931896, "code": null, "description": null, "edificio": null }, "geometry": { "type": "Polygon", "coordinates": [ [ [ 32.636523255532644, -25.771402002692586 ], [ 32.636523157077427, -25.771373191541954 ], [ 32.636556798590107, -25.771373097286126 ], [ 32.636556897053445, -25.771401908436818 ], [ 32.636523255532644, -25.771402002692586 ] ] ] } },
{ "type": "Feature", "properties": { "id_original": 4, "id_parcela": 708, "linha": 3, "coluna": 6, "area_m2": 10.76300003774514, "code": null, "description": null, "edificio": null }, "geometry": { "type": "Polygon", "coordinates": [ [ [ 32.636523157077427, -25.771373191541954 ], [ 32.636523058622181, -25.771344380391227 ], [ 32.636556700126739, -25.771344286135317 ], [ 32.636556798590107, -25.771373097286126 ], [ 32.636523157077427, -25.771373191541954 ] ] ] } },
{ "type": "Feature", "properties": { "id_original": 4, "id_parcela": 709, "linha": 3, "coluna": 7, "area_m2": 10.76300003830594, "code": null, "description": null, "edificio": null }, "geometry": { "type": "Polygon", "coordinates": [ [ [ 32.636523058622181, -25.771344380391227 ], [ 32.636522960166886, -25.771315569240375 ], [ 32.636556601663308, -25.771315474984398 ], [ 32.636556700126739, -25.771344286135317 ], [ 32.636523058622181, -25.771344380391227 ] ] ] } },
{ "type": "Feature", "properties": { "id_original": 4, "id_parcela": 710, "linha": 3, "coluna": 8, "area_m2": 10.76300003830594, "code": null, "description": null, "edificio": null }, "geometry": { "type": "Polygon", "coordinates": [ [ [ 32.636522861711526, -25.771286758089417 ], [ 32.636522763256139, -25.771257946938341 ], [ 32.636556404736318, -25.77125785268224 ], [ 32.636556503199834, -25.771286663833379 ], [ 32.636522861711526, -25.771286758089417 ] ] ] } },
{ "type": "Feature", "properties": { "id_original": 4, "id_parcela": 711, "linha": 3, "coluna": 9, "area_m2": 10.763000037083339, "code": null, "description": null, "edificio": null }, "geometry": { "type": "Polygon", "coordinates": [ [ [ 32.636522763256139, -25.771257946938341 ], [ 32.636522664800708, -25.771229135787149 ], [ 32.636556306272766, -25.771229041530979 ], [ 32.636556404736318, -25.77125785268224 ], [ 32.636522763256139, -25.771257946938341 ] ] ] } },
{ "type": "Feature", "properties": { "id_original": 4, "id_parcela": 712, "linha": 3, "coluna": 10, "area_m2": 10.763000037083339, "code": null, "description": null, "edificio": null }, "geometry": { "type": "Polygon", "coordinates": [ [ [ 32.636522664800708, -25.771229135787149 ], [ 32.636522566345235, -25.771200324635839 ], [ 32.636556207809164, -25.771200230379613 ], [ 32.636556306272766, -25.771229041530979 ], [ 32.636522664800708, -25.771229135787149 ] ] ] } },
{ "type": "Feature", "properties": { "id_original": 4, "id_parcela": 713, "linha": 3, "coluna": 11, "area_m2": 10.76300003774514, "code": null, "description": null, "edificio": null }, "geometry": { "type": "Polygon", "coordinates": [ [ [ 32.636522566345235, -25.771200324635839 ], [ 32.636522467889719, -25.771171513484418 ], [ 32.636556109345527, -25.771171419228136 ], [ 32.636556207809164, -25.771200230379613 ], [ 32.636522566345235, -25.771200324635839 ] ] ] } },
{ "type": "Feature", "properties": { "id_original": 4, "id_parcela": 714, "linha": 3, "coluna": 12, "area_m2": 10.763000038931896, "code": null, "description": null, "edificio": null }, "geometry": { "type": "Polygon", "coordinates": [ [ [ 32.636522467889712, -25.771171513484418 ], [ 32.636522369434154, -25.771142702332885 ], [ 32.63655601088184, -25.771142608076531 ], [ 32.636556109345527, -25.771171419228136 ], [ 32.636522467889712, -25.771171513484418 ] ] ] } },
{ "type": "Feature", "properties": { "id_original": 4, "id_parcela": 732, "linha": 4, "coluna": 3, "area_m2": 10.763000041210759, "code": null, "description": null, "edificio": null }, "geometry": { "type": "Polygon", "coordinates": [ [ [ 32.636489810905928, -25.771459719241356 ], [ 32.636489712458925, -25.771430908091023 ], [ 32.636523353987805, -25.771430813843093 ], [ 32.636523452442937, -25.77145962499349 ], [ 32.636489810905928, -25.771459719241356 ] ] ] } },
{ "type": "Feature", "properties": { "id_original": 4, "id_parcela": 733, "linha": 4, "coluna": 4, "area_m2": 10.763000039988157, "code": null, "description": null, "edificio": null }, "geometry": { "type": "Polygon", "coordinates": [ [ [ 32.636489712458925, -25.771430908091023 ], [ 32.636489614011879, -25.77140209694058 ], [ 32.636523255532644, -25.771402002692586 ], [ 32.636523353987805, -25.771430813843093 ], [ 32.636489712458925, -25.771430908091023 ] ] ] } },
{ "type": "Feature", "properties": { "id_original": 4, "id_parcela": 734, "linha": 4, "coluna": 5, "area_m2": 10.763000041836714, "code": null, "description": null, "edificio": null }, "geometry": { "type": "Polygon", "coordinates": [ [ [ 32.636489614011879, -25.77140209694058 ], [ 32.63648951556479, -25.771373285790016 ], [ 32.636523157077427, -25.771373191541954 ], [ 32.636523255532644, -25.771402002692586 ], [ 32.636489614011879, -25.77140209694058 ] ] ] } },
{ "type": "Feature", "properties": { "id_original": 4, "id_parcela": 735, "linha": 4, "coluna": 6, "area_m2": 10.763000039427357, "code": null, "description": null, "edificio": null }, "geometry": { "type": "Polygon", "coordinates": [ [ [ 32.63648951556479, -25.771373285790016 ], [ 32.636489417117666, -25.771344474639346 ], [ 32.636523058622181, -25.771344380391227 ], [ 32.636523157077427, -25.771373191541954 ], [ 32.63648951556479, -25.771373285790016 ] ] ] } },
{ "type": "Feature", "properties": { "id_original": 4, "id_parcela": 736, "linha": 4, "coluna": 7, "area_m2": 10.763000041836714, "code": null, "description": null, "edificio": null }, "geometry": { "type": "Polygon", "coordinates": [ [ [ 32.636489417117666, -25.771344474639346 ], [ 32.636489318670492, -25.771315663488558 ], [ 32.636522960166886, -25.771315569240375 ], [ 32.636523058622181, -25.771344380391227 ], [ 32.636489417117666, -25.771344474639346 ] ] ] } },
{ "type": "Feature", "properties": { "id_original": 4, "id_parcela": 737, "linha": 4, "coluna": 8, "area_m2": 10.763000041836714, "code": null, "description": null, "edificio": null }, "geometry": { "type": "Polygon", "coordinates": [ [ [ 32.636489220223261, -25.771286852337671 ], [ 32.636489121775995, -25.771258041186648 ], [ 32.636522763256139, -25.771257946938341 ], [ 32.636522861711526, -25.771286758089417 ], [ 32.636489220223261, -25.771286852337671 ] ] ] } },
{ "type": "Feature", "properties": { "id_original": 4, "id_parcela": 738, "linha": 4, "coluna": 9, "area_m2": 10.763000039988157, "code": null, "description": null, "edificio": null }, "geometry": { "type": "Polygon", "coordinates": [ [ [ 32.636489121775995, -25.771258041186648 ], [ 32.636489023328693, -25.771229230035527 ], [ 32.636522664800708, -25.771229135787149 ], [ 32.636522763256139, -25.771257946938341 ], [ 32.636489121775995, -25.771258041186648 ] ] ] } },
{ "type": "Feature", "properties": { "id_original": 4, "id_parcela": 739, "linha": 4, "coluna": 10, "area_m2": 10.763000039988157, "code": null, "description": null, "edificio": null }, "geometry": { "type": "Polygon", "coordinates": [ [ [ 32.636489023328693, -25.771229230035527 ], [ 32.636488924881334, -25.771200418884298 ], [ 32.636522566345235, -25.771200324635839 ], [ 32.636522664800708, -25.771229135787149 ], [ 32.636489023328693, -25.771229230035527 ] ] ] } },
{ "type": "Feature", "properties": { "id_original": 4, "id_parcela": 740, "linha": 4, "coluna": 11, "area_m2": 10.763000042498515, "code": null, "description": null, "edificio": null }, "geometry": { "type": "Polygon", "coordinates": [ [ [ 32.636488924881334, -25.771200418884298 ], [ 32.636488826433947, -25.771171607732935 ], [ 32.636522467889719, -25.771171513484418 ], [ 32.636522566345235, -25.771200324635839 ], [ 32.636488924881334, -25.771200418884298 ] ] ] } },
{ "type": "Feature", "properties": { "id_original": 4, "id_parcela": 741, "linha": 4, "coluna": 12, "area_m2": 10.763000041836714, "code": null, "description": null, "edificio": null }, "geometry": { "type": "Polygon", "coordinates": [ [ [ 32.63648882643394, -25.771171607732935 ], [ 32.636488727986503, -25.771142796581469 ], [ 32.636522369434154, -25.771142702332885 ], [ 32.636522467889712, -25.771171513484418 ], [ 32.63648882643394, -25.771171607732935 ] ] ] } },
{ "type": "Feature", "properties": { "id_original": 4, "id_parcela": 784, "linha": 6, "coluna": 1, "area_m2": 10.643485624183072, "code": null, "description": null, "edificio": null }, "geometry": { "type": "Polygon", "coordinates": [ [ [ 32.636456267807787, -25.771488624631587 ], [ 32.636456365982859, -25.771517358596508 ], [ 32.636422730457618, -25.771517529997674 ], [ 32.636423277512563, -25.771488717039716 ], [ 32.636456267807787, -25.771488624631587 ] ] ] } },
{ "type": "Feature", "properties": { "id_original": 4, "id_parcela": 785, "linha": 6, "coluna": 2, "area_m2": 10.451388831108053, "code": null, "description": null, "edificio": null }, "geometry": { "type": "Polygon", "coordinates": [ [ [ 32.636456169368962, -25.771459813481446 ], [ 32.636456267807787, -25.771488624631587 ], [ 32.636423277512563, -25.771488717039716 ], [ 32.636423824567153, -25.771459904081656 ], [ 32.636456169368962, -25.771459813481446 ] ] ] } },
{ "type": "Feature", "properties": { "id_original": 4, "id_parcela": 786, "linha": 6, "coluna": 3, "area_m2": 10.244877457719342, "code": null, "description": null, "edificio": null }, "geometry": { "type": "Polygon", "coordinates": [ [ [ 32.63645607093008, -25.771431002331177 ], [ 32.636456169368962, -25.771459813481446 ], [ 32.636423824567153, -25.771459904081656 ], [ 32.636424371621395, -25.771431091123464 ], [ 32.63645607093008, -25.771431002331177 ] ] ] } },
{ "type": "Feature", "properties": { "id_original": 4, "id_parcela": 787, "linha": 6, "coluna": 4, "area_m2": 10.038366080182927, "code": null, "description": null, "edificio": null }, "geometry": { "type": "Polygon", "coordinates": [ [ [ 32.636455972491163, -25.771402191180801 ], [ 32.63645607093008, -25.771431002331177 ], [ 32.636424371621395, -25.771431091123464 ], [ 32.636424918675274, -25.771402278165159 ], [ 32.636455972491163, -25.771402191180801 ] ] ] } },
{ "type": "Feature", "properties": { "id_original": 4, "id_parcela": 788, "linha": 6, "coluna": 5, "area_m2": 9.8318547107697505, "code": null, "description": null, "edificio": null }, "geometry": { "type": "Polygon", "coordinates": [ [ [ 32.636455874052203, -25.771373380030301 ], [ 32.636455972491163, -25.771402191180801 ], [ 32.636424918675274, -25.771402278165159 ], [ 32.636425465728792, -25.771373465206725 ], [ 32.636455874052203, -25.771373380030301 ] ] ] } },
{ "type": "Feature", "properties": { "id_original": 4, "id_parcela": 789, "linha": 6, "coluna": 6, "area_m2": 9.6579023976944303, "code": null, "description": null, "edificio": null }, "geometry": { "type": "Polygon", "coordinates": [ [ [ 32.636455775613193, -25.771344568879691 ], [ 32.636455874052203, -25.771373380030301 ], [ 32.636425465728792, -25.771373465206725 ], [ 32.636425738716049, -25.77135908713646 ], [ 32.636425606508595, -25.771344653386144 ], [ 32.636455775613193, -25.771344568879691 ] ] ] } },
{ "type": "Feature", "properties": { "id_original": 4, "id_parcela": 790, "linha": 6, "coluna": 7, "area_m2": 9.6785360091879937, "code": null, "description": null, "edificio": null }, "geometry": { "type": "Polygon", "coordinates": [ [ [ 32.636455677174148, -25.771315757728967 ], [ 32.636455775613193, -25.771344568879691 ], [ 32.636425606508595, -25.771344653386144 ], [ 32.636425342614103, -25.771315842698943 ], [ 32.636455677174148, -25.771315757728967 ] ] ] } },
{ "type": "Feature", "properties": { "id_original": 4, "id_parcela": 791, "linha": 6, "coluna": 8, "area_m2": 9.7314728736622857, "code": null, "description": null, "edificio": null }, "geometry": { "type": "Polygon", "coordinates": [ [ [ 32.636455578735045, -25.77128694657814 ], [ 32.636455677174148, -25.771315757728967 ], [ 32.636425342614103, -25.771315842698943 ], [ 32.636425078719647, -25.771287032011632 ], [ 32.636455578735045, -25.77128694657814 ] ] ] } },
{ "type": "Feature", "properties": { "id_original": 4, "id_parcela": 792, "linha": 6, "coluna": 9, "area_m2": 9.7844097331205901, "code": null, "description": null, "edificio": null }, "geometry": { "type": "Polygon", "coordinates": [ [ [ 32.636455480295908, -25.771258135427193 ], [ 32.636455578735045, -25.77128694657814 ], [ 32.636425078719647, -25.771287032011632 ], [ 32.63642481482524, -25.771258221324207 ], [ 32.636455480295908, -25.771258135427193 ] ] ] } },
{ "type": "Feature", "properties": { "id_original": 4, "id_parcela": 793, "linha": 6, "coluna": 10, "area_m2": 9.8373465969991791, "code": null, "description": null, "edificio": null }, "geometry": { "type": "Polygon", "coordinates": [ [ [ 32.63645538185672, -25.771229324276128 ], [ 32.636455480295908, -25.771258135427193 ], [ 32.63642481482524, -25.771258221324207 ], [ 32.636424550930847, -25.771229410636671 ], [ 32.63645538185672, -25.771229324276128 ] ] ] } },
{ "type": "Feature", "properties": { "id_original": 4, "id_parcela": 794, "linha": 6, "coluna": 11, "area_m2": 9.8902834598886447, "code": null, "description": null, "edificio": null }, "geometry": { "type": "Polygon", "coordinates": [ [ [ 32.636455283417504, -25.771200513124953 ], [ 32.63645538185672, -25.771229324276128 ], [ 32.636424550930847, -25.771229410636671 ], [ 32.636424287036526, -25.771200599949005 ], [ 32.636455283417504, -25.771200513124953 ] ] ] } },
{ "type": "Feature", "properties": { "id_original": 4, "id_parcela": 795, "linha": 6, "coluna": 12, "area_m2": 9.9432203237479833, "code": null, "description": null, "edificio": null }, "geometry": { "type": "Polygon", "coordinates": [ [ [ 32.636455184978232, -25.77117170197366 ], [ 32.636455283417504, -25.771200513124953 ], [ 32.636424287036526, -25.771200599949005 ], [ 32.636424023142212, -25.771171789261231 ], [ 32.636455184978232, -25.77117170197366 ] ] ] } },
{ "type": "Feature", "properties": { "id_original": 4, "id_parcela": 796, "linha": 6, "coluna": 13, "area_m2": 9.996157185415246, "code": null, "description": null, "edificio": null }, "geometry": { "type": "Polygon", "coordinates": [ [ [ 32.636455086538916, -25.771142890822265 ], [ 32.636455184978232, -25.77117170197366 ], [ 32.636424023142212, -25.771171789261231 ], [ 32.63642375924794, -25.771142978573359 ], [ 32.636455086538916, -25.771142890822265 ] ] ] } },
{ "type": "Feature", "properties": { "id_original": 4, "id_parcela": 704, "linha": 3, "coluna": 2, "area_m2": 10.763000038866648, "code": null, "description": null, "edificio": null }, "geometry": { "type": "Polygon", "coordinates": [ [ [ 32.636710220675155, -25.771450273159438 ], [ 32.636743862209997, -25.771450178860597 ], [ 32.636777503744888, -25.771450084553987 ], [ 32.636777602261333, -25.771478895704778 ], [ 32.636743960718327, -25.771478990011346 ], [ 32.63671031917535, -25.771479084310126 ], [ 32.636710220675155, -25.771450273159438 ] ] ] } },
{ "type": "Feature", "properties": { "id_original": 4, "id_parcela": 649, "linha": 1, "coluna": 1, "area_m2": 10.538881032668643, "code": null, "description": null, "edificio": null }, "geometry": { "type": "Polygon", "coordinates": [ [ [ 32.636811243804395, -25.771478801390455 ], [ 32.636844681108336, -25.771478707641005 ], [ 32.636844770329368, -25.771507056122978 ], [ 32.636811341009007, -25.771507226562651 ], [ 32.636811243804395, -25.771478801390455 ] ] ] } },
{ "type": "Feature", "properties": { "id_original": 4, "id_parcela": 650, "linha": 1, "coluna": 2, "area_m2": 10.698914019168775, "code": null, "description": null, "edificio": null }, "geometry": { "type": "Polygon", "coordinates": [ [ [ 32.636811243804395, -25.771478801390455 ], [ 32.636811145279822, -25.771449990239578 ], [ 32.636844590431039, -25.771449896468038 ], [ 32.636844681108336, -25.771478707641005 ], [ 32.636811243804395, -25.771478801390455 ] ] ] } },
{ "type": "Feature", "properties": { "id_original": 4, "id_parcela": 651, "linha": 1, "coluna": 3, "area_m2": 10.701427198080889, "code": null, "description": null, "edificio": null }, "geometry": { "type": "Polygon", "coordinates": [ [ [ 32.636811145279822, -25.771449990239578 ], [ 32.636811046755199, -25.771421179088591 ], [ 32.636844499753693, -25.771421085294957 ], [ 32.636844590431039, -25.771449896468038 ], [ 32.636811145279822, -25.771449990239578 ] ] ] } },
{ "type": "Feature", "properties": { "id_original": 4, "id_parcela": 652, "linha": 1, "coluna": 4, "area_m2": 10.703940375223745, "code": null, "description": null, "edificio": null }, "geometry": { "type": "Polygon", "coordinates": [ [ [ 32.636811046755199, -25.771421179088591 ], [ 32.63681094823054, -25.771392367937491 ], [ 32.636844409076311, -25.771392274121776 ], [ 32.636844499753693, -25.771421085294957 ], [ 32.636811046755199, -25.771421179088591 ] ] ] } },
{ "type": "Feature", "properties": { "id_original": 4, "id_parcela": 653, "linha": 1, "coluna": 5, "area_m2": 10.706453554195559, "code": null, "description": null, "edificio": null }, "geometry": { "type": "Polygon", "coordinates": [ [ [ 32.63681094823054, -25.771392367937491 ], [ 32.636810849705832, -25.771363556786277 ], [ 32.636844318398857, -25.771363462948468 ], [ 32.636844409076311, -25.771392274121776 ], [ 32.63681094823054, -25.771392367937491 ] ] ] } },
{ "type": "Feature", "properties": { "id_original": 4, "id_parcela": 654, "linha": 1, "coluna": 6, "area_m2": 10.708966727191426, "code": null, "description": null, "edificio": null }, "geometry": { "type": "Polygon", "coordinates": [ [ [ 32.636810849705832, -25.771363556786277 ], [ 32.636810751181095, -25.771334745634949 ], [ 32.636844227721383, -25.771334651775049 ], [ 32.636844318398857, -25.771363462948468 ], [ 32.636810849705832, -25.771363556786277 ] ] ] } },
{ "type": "Feature", "properties": { "id_original": 4, "id_parcela": 655, "linha": 1, "coluna": 7, "area_m2": 10.711479908502284, "code": null, "description": null, "edificio": null }, "geometry": { "type": "Polygon", "coordinates": [ [ [ 32.636810751181095, -25.771334745634949 ], [ 32.636810652656301, -25.7713059344835 ], [ 32.636844137043845, -25.77130584060151 ], [ 32.636844227721383, -25.771334651775049 ], [ 32.636810751181095, -25.771334745634949 ] ] ] } },
{ "type": "Feature", "properties": { "id_original": 4, "id_parcela": 656, "linha": 1, "coluna": 8, "area_m2": 10.713993083802627, "code": null, "description": null, "edificio": null }, "geometry": { "type": "Polygon", "coordinates": [ [ [ 32.636810652656301, -25.7713059344835 ], [ 32.636810554131465, -25.771277123331938 ], [ 32.636844046366264, -25.771277029427864 ], [ 32.636844137043845, -25.77130584060151 ], [ 32.636810652656301, -25.7713059344835 ] ] ] } },
{ "type": "Feature", "properties": { "id_original": 4, "id_parcela": 657, "linha": 1, "coluna": 9, "area_m2": 10.716506260934588, "code": null, "description": null, "edificio": null }, "geometry": { "type": "Polygon", "coordinates": [ [ [ 32.636810554131465, -25.771277123331938 ], [ 32.636810455606586, -25.771248312180283 ], [ 32.636843955688619, -25.771248218254094 ], [ 32.636844046366264, -25.771277029427864 ], [ 32.636810554131465, -25.771277123331938 ] ] ] } },
{ "type": "Feature", "properties": { "id_original": 4, "id_parcela": 658, "linha": 1, "coluna": 10, "area_m2": 10.719019436326541, "code": null, "description": null, "edificio": null }, "geometry": { "type": "Polygon", "coordinates": [ [ [ 32.636810455606586, -25.771248312180283 ], [ 32.636810357081657, -25.771219501028501 ], [ 32.636843865010952, -25.771219407080235 ], [ 32.636843955688619, -25.771248218254094 ], [ 32.636810455606586, -25.771248312180283 ] ] ] } },
{ "type": "Feature", "properties": { "id_original": 4, "id_parcela": 659, "linha": 1, "coluna": 11, "area_m2": 10.721532616526472, "code": null, "description": null, "edificio": null }, "geometry": { "type": "Polygon", "coordinates": [ [ [ 32.636810357081657, -25.771219501028501 ], [ 32.6368102585567, -25.771190689876594 ], [ 32.636843774333229, -25.771190595906241 ], [ 32.636843865010952, -25.771219407080235 ], [ 32.636810357081657, -25.771219501028501 ] ] ] } },
{ "type": "Feature", "properties": { "id_original": 4, "id_parcela": 660, "linha": 1, "coluna": 12, "area_m2": 10.72404579422469, "code": null, "description": null, "edificio": null }, "geometry": { "type": "Polygon", "coordinates": [ [ [ 32.6368102585567, -25.771190689876594 ], [ 32.636810160031679, -25.771161878724588 ], [ 32.636843683655464, -25.771161784732154 ], [ 32.636843774333229, -25.771190595906241 ], [ 32.6368102585567, -25.771190689876594 ] ] ] } },
{ "type": "Feature", "properties": { "id_original": 4, "id_parcela": 661, "linha": 1, "coluna": 13, "area_m2": 10.726558968297065, "code": null, "description": null, "edificio": null }, "geometry": { "type": "Polygon", "coordinates": [ [ [ 32.636810160031679, -25.771161878724588 ], [ 32.63681006150663, -25.771133067572471 ], [ 32.636843592977634, -25.771132973557929 ], [ 32.636843683655464, -25.771161784732154 ], [ 32.636810160031679, -25.771161878724588 ] ] ] } },
{ "type": "Feature", "properties": { "id_original": 4, "id_parcela": 705, "linha": 3, "coluna": 3, "area_m2": 10.763000038931896, "code": null, "description": null, "edificio": null }, "geometry": { "type": "Polygon", "coordinates": [ [ [ 32.636743862209997, -25.771450178860597 ], [ 32.636743763701624, -25.771421367709738 ], [ 32.636777405228386, -25.77142127340306 ], [ 32.636777503744888, -25.771450084553987 ], [ 32.636743862209997, -25.771450178860597 ] ] ] } },
{ "type": "Feature", "properties": { "id_original": 4, "id_parcela": 706, "linha": 3, "coluna": 4, "area_m2": 10.763000035860738, "code": null, "description": null, "edificio": null }, "geometry": { "type": "Polygon", "coordinates": [ [ [ 32.636743763701624, -25.771421367709738 ], [ 32.636743665193215, -25.771392556558766 ], [ 32.636777306711849, -25.77139246225202 ], [ 32.636777405228386, -25.77142127340306 ], [ 32.636743763701624, -25.771421367709738 ] ] ] } },
{ "type": "Feature", "properties": { "id_original": 4, "id_parcela": 707, "linha": 3, "coluna": 5, "area_m2": 10.763000038931896, "code": null, "description": null, "edificio": null }, "geometry": { "type": "Polygon", "coordinates": [ [ [ 32.636743665193215, -25.771392556558766 ], [ 32.636743566684757, -25.771363745407676 ], [ 32.636777208195269, -25.771363651100874 ], [ 32.636777306711849, -25.77139246225202 ], [ 32.636743665193215, -25.771392556558766 ] ] ] } },
{ "type": "Feature", "properties": { "id_original": 4, "id_parcela": 708, "linha": 3, "coluna": 6, "area_m2": 10.76300003774514, "code": null, "description": null, "edificio": null }, "geometry": { "type": "Polygon", "coordinates": [ [ [ 32.636743566684757, -25.771363745407676 ], [ 32.636743468176263, -25.77133493425649 ], [ 32.636777109678654, -25.771334839949596 ], [ 32.636777208195269, -25.771363651100874 ], [ 32.636743566684757, -25.771363745407676 ] ] ] } },
{ "type": "Feature", "properties": { "id_original": 4, "id_parcela": 709, "linha": 3, "coluna": 7, "area_m2": 10.76300003830594, "code": null, "description": null, "edificio": null }, "geometry": { "type": "Polygon", "coordinates": [ [ [ 32.636743468176263, -25.77133493425649 ], [ 32.63674336966772, -25.771306123105173 ], [ 32.636777011161975, -25.771306028798218 ], [ 32.636777109678654, -25.771334839949596 ], [ 32.636743468176263, -25.77133493425649 ] ] ] } },
{ "type": "Feature", "properties": { "id_original": 4, "id_parcela": 710, "linha": 3, "coluna": 8, "area_m2": 10.76300003830594, "code": null, "description": null, "edificio": null }, "geometry": { "type": "Polygon", "coordinates": [ [ [ 32.636743271159119, -25.771277311953757 ], [ 32.636743172650483, -25.771248500802209 ], [ 32.636776814128503, -25.77124840649514 ], [ 32.636776912645253, -25.771277217646738 ], [ 32.636743271159119, -25.771277311953757 ] ] ] } },
{ "type": "Feature", "properties": { "id_original": 4, "id_parcela": 711, "linha": 3, "coluna": 9, "area_m2": 10.763000037083339, "code": null, "description": null, "edificio": null }, "geometry": { "type": "Polygon", "coordinates": [ [ [ 32.636743172650483, -25.771248500802209 ], [ 32.636743074141805, -25.771219689650561 ], [ 32.636776715611695, -25.771219595343418 ], [ 32.636776814128503, -25.77124840649514 ], [ 32.636743172650483, -25.771248500802209 ] ] ] } },
{ "type": "Feature", "properties": { "id_original": 4, "id_parcela": 712, "linha": 3, "coluna": 10, "area_m2": 10.763000037083339, "code": null, "description": null, "edificio": null }, "geometry": { "type": "Polygon", "coordinates": [ [ [ 32.636743074141805, -25.771219689650561 ], [ 32.636742975633084, -25.771190878498796 ], [ 32.63677661709486, -25.771190784191589 ], [ 32.636776715611695, -25.771219595343418 ], [ 32.636743074141805, -25.771219689650561 ] ] ] } },
{ "type": "Feature", "properties": { "id_original": 4, "id_parcela": 713, "linha": 3, "coluna": 11, "area_m2": 10.76300003774514, "code": null, "description": null, "edificio": null }, "geometry": { "type": "Polygon", "coordinates": [ [ [ 32.636742975633084, -25.771190878498796 ], [ 32.636742877124327, -25.771162067346907 ], [ 32.636776518577975, -25.77116197303965 ], [ 32.63677661709486, -25.771190784191589 ], [ 32.636742975633084, -25.771190878498796 ] ] ] } },
{ "type": "Feature", "properties": { "id_original": 4, "id_parcela": 714, "linha": 3, "coluna": 12, "area_m2": 10.763000038931896, "code": null, "description": null, "edificio": null }, "geometry": { "type": "Polygon", "coordinates": [ [ [ 32.636742877124327, -25.771162067346907 ], [ 32.636742778615513, -25.771133256194918 ], [ 32.63677642006104, -25.771133161887583 ], [ 32.636776518577967, -25.77116197303965 ], [ 32.636742877124327, -25.771162067346907 ] ] ] } },
{ "type": "Feature", "properties": { "id_original": 4, "id_parcela": 732, "linha": 4, "coluna": 3, "area_m2": 10.763000041210759, "code": null, "description": null, "edificio": null }, "geometry": { "type": "Polygon", "coordinates": [ [ [ 32.636710220675155, -25.771450273159438 ], [ 32.636710122174911, -25.771421462008647 ], [ 32.636743763701624, -25.771421367709738 ], [ 32.636743862209997, -25.771450178860597 ], [ 32.636710220675155, -25.771450273159438 ] ] ] } },
{ "type": "Feature", "properties": { "id_original": 4, "id_parcela": 733, "linha": 4, "coluna": 4, "area_m2": 10.763000039988157, "code": null, "description": null, "edificio": null }, "geometry": { "type": "Polygon", "coordinates": [ [ [ 32.636710122174911, -25.771421462008647 ], [ 32.636710023674617, -25.771392650857745 ], [ 32.636743665193215, -25.771392556558766 ], [ 32.636743763701624, -25.771421367709738 ], [ 32.636710122174911, -25.771421462008647 ] ] ] } },
{ "type": "Feature", "properties": { "id_original": 4, "id_parcela": 734, "linha": 4, "coluna": 5, "area_m2": 10.763000041836714, "code": null, "description": null, "edificio": null }, "geometry": { "type": "Polygon", "coordinates": [ [ [ 32.636710023674617, -25.771392650857745 ], [ 32.63670992517428, -25.771363839706719 ], [ 32.636743566684757, -25.771363745407676 ], [ 32.636743665193215, -25.771392556558766 ], [ 32.636710023674617, -25.771392650857745 ] ] ] } },
{ "type": "Feature", "properties": { "id_original": 4, "id_parcela": 735, "linha": 4, "coluna": 6, "area_m2": 10.763000039427357, "code": null, "description": null, "edificio": null }, "geometry": { "type": "Polygon", "coordinates": [ [ [ 32.63670992517428, -25.771363839706719 ], [ 32.636709826673915, -25.77133502855559 ], [ 32.636743468176263, -25.77133493425649 ], [ 32.636743566684757, -25.771363745407676 ], [ 32.63670992517428, -25.771363839706719 ] ] ] } },
{ "type": "Feature", "properties": { "id_original": 4, "id_parcela": 736, "linha": 4, "coluna": 7, "area_m2": 10.763000041836714, "code": null, "description": null, "edificio": null }, "geometry": { "type": "Polygon", "coordinates": [ [ [ 32.636709826673915, -25.77133502855559 ], [ 32.636709728173493, -25.771306217404344 ], [ 32.63674336966772, -25.771306123105173 ], [ 32.636743468176263, -25.77133493425649 ], [ 32.636709826673915, -25.77133502855559 ] ] ] } },
{ "type": "Feature", "properties": { "id_original": 4, "id_parcela": 737, "linha": 4, "coluna": 8, "area_m2": 10.763000041836714, "code": null, "description": null, "edificio": null }, "geometry": { "type": "Polygon", "coordinates": [ [ [ 32.636709629673021, -25.771277406252988 ], [ 32.636709531172514, -25.771248595101504 ], [ 32.636743172650483, -25.771248500802209 ], [ 32.636743271159119, -25.771277311953757 ], [ 32.636709629673021, -25.771277406252988 ] ] ] } },
{ "type": "Feature", "properties": { "id_original": 4, "id_parcela": 738, "linha": 4, "coluna": 9, "area_m2": 10.763000039988157, "code": null, "description": null, "edificio": null }, "geometry": { "type": "Polygon", "coordinates": [ [ [ 32.636709531172514, -25.771248595101504 ], [ 32.636709432671964, -25.771219783949924 ], [ 32.636743074141805, -25.771219689650561 ], [ 32.636743172650483, -25.771248500802209 ], [ 32.636709531172514, -25.771248595101504 ] ] ] } },
{ "type": "Feature", "properties": { "id_original": 4, "id_parcela": 739, "linha": 4, "coluna": 10, "area_m2": 10.763000039988157, "code": null, "description": null, "edificio": null }, "geometry": { "type": "Polygon", "coordinates": [ [ [ 32.636709432671964, -25.771219783949924 ], [ 32.636709334171357, -25.77119097279823 ], [ 32.636742975633084, -25.771190878498796 ], [ 32.636743074141805, -25.771219689650561 ], [ 32.636709432671964, -25.771219783949924 ] ] ] } },
{ "type": "Feature", "properties": { "id_original": 4, "id_parcela": 740, "linha": 4, "coluna": 11, "area_m2": 10.763000042498515, "code": null, "description": null, "edificio": null }, "geometry": { "type": "Polygon", "coordinates": [ [ [ 32.636709334171357, -25.77119097279823 ], [ 32.636709235670729, -25.771162161646409 ], [ 32.636742877124327, -25.771162067346907 ], [ 32.636742975633084, -25.771190878498796 ], [ 32.636709334171357, -25.77119097279823 ] ] ] } },
{ "type": "Feature", "properties": { "id_original": 4, "id_parcela": 741, "linha": 4, "coluna": 12, "area_m2": 10.763000041836714, "code": null, "description": null, "edificio": null }, "geometry": { "type": "Polygon", "coordinates": [ [ [ 32.636709235670729, -25.771162161646409 ], [ 32.636709137170037, -25.771133350494477 ], [ 32.636742778615513, -25.771133256194918 ], [ 32.636742877124327, -25.771162067346907 ], [ 32.636709235670729, -25.771162161646409 ] ] ] } },
{ "type": "Feature", "properties": { "id_original": 4, "id_parcela": 784, "linha": 6, "coluna": 1, "area_m2": 10.643485624183072, "code": null, "description": null, "edificio": null }, "geometry": { "type": "Polygon", "coordinates": [ [ [ 32.63667667763243, -25.771479178601123 ], [ 32.636676775860607, -25.771507912566491 ], [ 32.636643140337675, -25.771508084018635 ], [ 32.636643687339337, -25.771479271059238 ], [ 32.63667667763243, -25.771479178601123 ] ] ] } },
{ "type": "Feature", "properties": { "id_original": 4, "id_parcela": 785, "linha": 6, "coluna": 2, "area_m2": 10.451388831108053, "code": null, "description": null, "edificio": null }, "geometry": { "type": "Polygon", "coordinates": [ [ [ 32.636676579140364, -25.771450367450516 ], [ 32.63667667763243, -25.771479178601123 ], [ 32.636643687339337, -25.771479271059238 ], [ 32.636644234340636, -25.771450458099732 ], [ 32.636676579140364, -25.771450367450516 ] ] ] } },
{ "type": "Feature", "properties": { "id_original": 4, "id_parcela": 786, "linha": 6, "coluna": 3, "area_m2": 10.244877457719342, "code": null, "description": null, "edificio": null }, "geometry": { "type": "Polygon", "coordinates": [ [ [ 32.636676480648241, -25.771421556299781 ], [ 32.636676579140364, -25.771450367450516 ], [ 32.636644234340636, -25.771450458099732 ], [ 32.636644781341595, -25.771421645140101 ], [ 32.636676480648241, -25.771421556299781 ] ] ] } },
{ "type": "Feature", "properties": { "id_original": 4, "id_parcela": 787, "linha": 6, "coluna": 4, "area_m2": 10.038366080182927, "code": null, "description": null, "edificio": null }, "geometry": { "type": "Polygon", "coordinates": [ [ [ 32.636676382156082, -25.771392745148944 ], [ 32.636676480648241, -25.771421556299781 ], [ 32.636644781341595, -25.771421645140101 ], [ 32.636645328342176, -25.771392832180364 ], [ 32.636676382156082, -25.771392745148944 ] ] ] } },
{ "type": "Feature", "properties": { "id_original": 4, "id_parcela": 788, "linha": 6, "coluna": 5, "area_m2": 9.8318547107697505, "code": null, "description": null, "edificio": null }, "geometry": { "type": "Polygon", "coordinates": [ [ [ 32.63667628366386, -25.771363933997986 ], [ 32.636676382156082, -25.771392745148944 ], [ 32.636645328342176, -25.771392832180364 ], [ 32.636645875342417, -25.771364019220488 ], [ 32.63667628366386, -25.771363933997986 ] ] ] } },
{ "type": "Feature", "properties": { "id_original": 4, "id_parcela": 789, "linha": 6, "coluna": 6, "area_m2": 9.6579023976944303, "code": null, "description": null, "edificio": null }, "geometry": { "type": "Polygon", "coordinates": [ [ [ 32.636676185171616, -25.77133512284691 ], [ 32.63667628366386, -25.771363933997986 ], [ 32.636645875342417, -25.771364019220488 ], [ 32.636646148303079, -25.771349641149499 ], [ 32.636646016068958, -25.771335207399083 ], [ 32.636676185171616, -25.77133512284691 ] ] ] } },
{ "type": "Feature", "properties": { "id_original": 4, "id_parcela": 790, "linha": 6, "coluna": 7, "area_m2": 9.6785360091879937, "code": null, "description": null, "edificio": null }, "geometry": { "type": "Polygon", "coordinates": [ [ [ 32.636676086679316, -25.771306311695721 ], [ 32.636676185171616, -25.77133512284691 ], [ 32.636646016068958, -25.771335207399083 ], [ 32.636645752121233, -25.771306396711676 ], [ 32.636676086679316, -25.771306311695721 ] ] ] } },
{ "type": "Feature", "properties": { "id_original": 4, "id_parcela": 791, "linha": 6, "coluna": 8, "area_m2": 9.7314728736622857, "code": null, "description": null, "edificio": null }, "geometry": { "type": "Polygon", "coordinates": [ [ [ 32.636675988186973, -25.771277500544439 ], [ 32.636676086679316, -25.771306311695721 ], [ 32.636645752121233, -25.771306396711676 ], [ 32.636645488173542, -25.771277586024144 ], [ 32.636675988186973, -25.771277500544439 ] ] ] } },
{ "type": "Feature", "properties": { "id_original": 4, "id_parcela": 792, "linha": 6, "coluna": 9, "area_m2": 9.7844097331205901, "code": null, "description": null, "edificio": null }, "geometry": { "type": "Polygon", "coordinates": [ [ [ 32.636675889694587, -25.771248689393026 ], [ 32.636675988186973, -25.771277500544439 ], [ 32.636645488173542, -25.771277586024144 ], [ 32.636645224225902, -25.771248775336506 ], [ 32.636675889694587, -25.771248689393026 ] ] ] } },
{ "type": "Feature", "properties": { "id_original": 4, "id_parcela": 793, "linha": 6, "coluna": 10, "area_m2": 9.8373465969991791, "code": null, "description": null, "edificio": null }, "geometry": { "type": "Polygon", "coordinates": [ [ [ 32.636675791202158, -25.771219878241507 ], [ 32.636675889694587, -25.771248689393026 ], [ 32.636645224225902, -25.771248775336506 ], [ 32.636644960278268, -25.771219964648765 ], [ 32.636675791202158, -25.771219878241507 ] ] ] } },
{ "type": "Feature", "properties": { "id_original": 4, "id_parcela": 794, "linha": 6, "coluna": 11, "area_m2": 9.8902834598886447, "code": null, "description": null, "edificio": null }, "geometry": { "type": "Polygon", "coordinates": [ [ [ 32.636675692709694, -25.771191067089866 ], [ 32.636675791202158, -25.771219878241507 ], [ 32.636644960278268, -25.771219964648765 ], [ 32.636644696330713, -25.771191153960888 ], [ 32.636675692709694, -25.771191067089866 ] ] ] } },
{ "type": "Feature", "properties": { "id_original": 4, "id_parcela": 795, "linha": 6, "coluna": 12, "area_m2": 9.9432203237479833, "code": null, "description": null, "edificio": null }, "geometry": { "type": "Polygon", "coordinates": [ [ [ 32.636675594217174, -25.771162255938112 ], [ 32.636675692709694, -25.771191067089866 ], [ 32.636644696330713, -25.771191153960888 ], [ 32.636644432383164, -25.771162343272906 ], [ 32.636675594217174, -25.771162255938112 ] ] ] } },
{ "type": "Feature", "properties": { "id_original": 4, "id_parcela": 796, "linha": 6, "coluna": 13, "area_m2": 9.996157185415246, "code": null, "description": null, "edificio": null }, "geometry": { "type": "Polygon", "coordinates": [ [ [ 32.63667549572461, -25.771133444786251 ], [ 32.636675594217174, -25.771162255938112 ], [ 32.636644432383164, -25.771162343272906 ], [ 32.636644168435659, -25.77113353258482 ], [ 32.63667549572461, -25.771133444786251 ] ] ] } },
{ "type": "Feature", "properties": { "id_original": 4, "id_parcela": 704, "linha": 3, "coluna": 2, "area_m2": 10.763000038866648, "code": null, "description": null, "edificio": null }, "geometry": { "type": "Polygon", "coordinates": [ [ [ 32.63693272961153, -25.771452372341344 ], [ 32.636966371147466, -25.77145227799107 ], [ 32.637000012683444, -25.771452183633034 ], [ 32.637000111253613, -25.771480994784245 ], [ 32.636966469709513, -25.771481089142242 ], [ 32.636932828165456, -25.771481183492444 ], [ 32.63693272961153, -25.771452372341344 ] ] ] } },
{ "type": "Feature", "properties": { "id_original": 4, "id_parcela": 649, "linha": 1, "coluna": 1, "area_m2": 10.538881032668643, "code": null, "description": null, "edificio": null }, "geometry": { "type": "Polygon", "coordinates": [ [ [ 32.63703375279777, -25.771480900418492 ], [ 32.637067190102798, -25.771480806617923 ], [ 32.63706727937668, -25.771509155100318 ], [ 32.637033850055388, -25.771509325591101 ], [ 32.63703375279777, -25.771480900418492 ] ] ] } },
{ "type": "Feature", "properties": { "id_original": 4, "id_parcela": 650, "linha": 1, "coluna": 2, "area_m2": 10.698914019168775, "code": null, "description": null, "edificio": null }, "geometry": { "type": "Polygon", "coordinates": [ [ [ 32.63703375279777, -25.771480900418492 ], [ 32.637033654219472, -25.771452089267193 ], [ 32.637067099371777, -25.771451995444522 ], [ 32.637067190102798, -25.771480806617923 ], [ 32.63703375279777, -25.771480900418492 ] ] ] } },
{ "type": "Feature", "properties": { "id_original": 4, "id_parcela": 651, "linha": 1, "coluna": 3, "area_m2": 10.701427198080889, "code": null, "description": null, "edificio": null }, "geometry": { "type": "Polygon", "coordinates": [ [ [ 32.637033654219472, -25.771452089267193 ], [ 32.637033555641125, -25.77142327811578 ], [ 32.637067008640699, -25.771423184271011 ], [ 32.637067099371777, -25.771451995444522 ], [ 32.637033654219472, -25.771452089267193 ] ] ] } },
{ "type": "Feature", "properties": { "id_original": 4, "id_parcela": 652, "linha": 1, "coluna": 4, "area_m2": 10.703940375223745, "code": null, "description": null, "edificio": null }, "geometry": { "type": "Polygon", "coordinates": [ [ [ 32.637033555641125, -25.77142327811578 ], [ 32.637033457062742, -25.771394466964271 ], [ 32.637066917909593, -25.771394373097397 ], [ 32.637067008640699, -25.771423184271011 ], [ 32.637033555641125, -25.77142327811578 ] ] ] } },
{ "type": "Feature", "properties": { "id_original": 4, "id_parcela": 653, "linha": 1, "coluna": 5, "area_m2": 10.706453554195559, "code": null, "description": null, "edificio": null }, "geometry": { "type": "Polygon", "coordinates": [ [ [ 32.637033457062742, -25.771394466964271 ], [ 32.637033358484302, -25.771365655812634 ], [ 32.637066827178408, -25.771365561923659 ], [ 32.637066917909593, -25.771394373097397 ], [ 32.637033457062742, -25.771394466964271 ] ] ] } },
{ "type": "Feature", "properties": { "id_original": 4, "id_parcela": 654, "linha": 1, "coluna": 6, "area_m2": 10.708966727191426, "code": null, "description": null, "edificio": null }, "geometry": { "type": "Polygon", "coordinates": [ [ [ 32.637033358484302, -25.771365655812634 ], [ 32.637033259905841, -25.77133684466088 ], [ 32.637066736447217, -25.771336750749803 ], [ 32.637066827178408, -25.771365561923659 ], [ 32.637033358484302, -25.771365655812634 ] ] ] } },
{ "type": "Feature", "properties": { "id_original": 4, "id_parcela": 655, "linha": 1, "coluna": 7, "area_m2": 10.711479908502284, "code": null, "description": null, "edificio": null }, "geometry": { "type": "Polygon", "coordinates": [ [ [ 32.637033259905841, -25.77133684466088 ], [ 32.637033161327324, -25.771308033509023 ], [ 32.637066645715954, -25.771307939575845 ], [ 32.637066736447217, -25.771336750749803 ], [ 32.637033259905841, -25.77133684466088 ] ] ] } },
{ "type": "Feature", "properties": { "id_original": 4, "id_parcela": 656, "linha": 1, "coluna": 8, "area_m2": 10.713993083802627, "code": null, "description": null, "edificio": null }, "geometry": { "type": "Polygon", "coordinates": [ [ [ 32.637033161327324, -25.771308033509023 ], [ 32.637033062748763, -25.771279222357037 ], [ 32.637066554984649, -25.771279128401769 ], [ 32.637066645715954, -25.771307939575845 ], [ 32.637033161327324, -25.771308033509023 ] ] ] } },
{ "type": "Feature", "properties": { "id_original": 4, "id_parcela": 657, "linha": 1, "coluna": 9, "area_m2": 10.716506260934588, "code": null, "description": null, "edificio": null }, "geometry": { "type": "Polygon", "coordinates": [ [ [ 32.637033062748763, -25.771279222357037 ], [ 32.637032964170153, -25.77125041120496 ], [ 32.63706646425328, -25.771250317227565 ], [ 32.637066554984649, -25.771279128401769 ], [ 32.637033062748763, -25.771279222357037 ] ] ] } },
{ "type": "Feature", "properties": { "id_original": 4, "id_parcela": 658, "linha": 1, "coluna": 10, "area_m2": 10.719019436326541, "code": null, "description": null, "edificio": null }, "geometry": { "type": "Polygon", "coordinates": [ [ [ 32.637032964170153, -25.77125041120496 ], [ 32.637032865591507, -25.771221600052765 ], [ 32.637066373521883, -25.771221506053276 ], [ 32.63706646425328, -25.771250317227565 ], [ 32.637032964170153, -25.77125041120496 ] ] ] } },
{ "type": "Feature", "properties": { "id_original": 4, "id_parcela": 659, "linha": 1, "coluna": 11, "area_m2": 10.721532616526472, "code": null, "description": null, "edificio": null }, "geometry": { "type": "Polygon", "coordinates": [ [ [ 32.637032865591507, -25.771221600052765 ], [ 32.637032767012819, -25.771192788900436 ], [ 32.637066282790435, -25.771192694878852 ], [ 32.637066373521883, -25.771221506053276 ], [ 32.637032865591507, -25.771221600052765 ] ] ] } },
{ "type": "Feature", "properties": { "id_original": 4, "id_parcela": 660, "linha": 1, "coluna": 12, "area_m2": 10.72404579422469, "code": null, "description": null, "edificio": null }, "geometry": { "type": "Polygon", "coordinates": [ [ [ 32.637032767012819, -25.771192788900436 ], [ 32.637032668434081, -25.771163977748007 ], [ 32.637066192058946, -25.771163883704322 ], [ 32.637066282790435, -25.771192694878852 ], [ 32.637032767012819, -25.771192788900436 ] ] ] } },
{ "type": "Feature", "properties": { "id_original": 4, "id_parcela": 661, "linha": 1, "coluna": 13, "area_m2": 10.726558968297065, "code": null, "description": null, "edificio": null }, "geometry": { "type": "Polygon", "coordinates": [ [ [ 32.637032668434081, -25.771163977748007 ], [ 32.6370325698553, -25.771135166595474 ], [ 32.637066101327392, -25.771135072529681 ], [ 32.637066192058946, -25.771163883704322 ], [ 32.637032668434081, -25.771163977748007 ] ] ] } },
{ "type": "Feature", "properties": { "id_original": 4, "id_parcela": 705, "linha": 3, "coluna": 3, "area_m2": 10.763000038931896, "code": null, "description": null, "edificio": null }, "geometry": { "type": "Polygon", "coordinates": [ [ [ 32.636966371147466, -25.77145227799107 ], [ 32.636966272585369, -25.771423466839792 ], [ 32.636999914113218, -25.771423372481681 ], [ 32.637000012683444, -25.771452183633034 ], [ 32.636966371147466, -25.77145227799107 ] ] ] } },
{ "type": "Feature", "properties": { "id_original": 4, "id_parcela": 706, "linha": 3, "coluna": 4, "area_m2": 10.763000035860738, "code": null, "description": null, "edificio": null }, "geometry": { "type": "Polygon", "coordinates": [ [ [ 32.636966272585369, -25.771423466839792 ], [ 32.636966174023236, -25.771394655688404 ], [ 32.636999815542957, -25.771394561330229 ], [ 32.636999914113218, -25.771423372481681 ], [ 32.636966272585369, -25.771423466839792 ] ] ] } },
{ "type": "Feature", "properties": { "id_original": 4, "id_parcela": 707, "linha": 3, "coluna": 5, "area_m2": 10.763000038931896, "code": null, "description": null, "edificio": null }, "geometry": { "type": "Polygon", "coordinates": [ [ [ 32.636966174023236, -25.771394655688404 ], [ 32.636966075461046, -25.771365844536898 ], [ 32.636999716972646, -25.77136575017866 ], [ 32.636999815542957, -25.771394561330229 ], [ 32.636966174023236, -25.771394655688404 ] ] ] } },
{ "type": "Feature", "properties": { "id_original": 4, "id_parcela": 708, "linha": 3, "coluna": 6, "area_m2": 10.76300003774514, "code": null, "description": null, "edificio": null }, "geometry": { "type": "Polygon", "coordinates": [ [ [ 32.636966075461046, -25.771365844536898 ], [ 32.636965976898829, -25.771337033385283 ], [ 32.636999618402314, -25.771336939026966 ], [ 32.636999716972646, -25.77136575017866 ], [ 32.636966075461046, -25.771365844536898 ] ] ] } },
{ "type": "Feature", "properties": { "id_original": 4, "id_parcela": 709, "linha": 3, "coluna": 7, "area_m2": 10.76300003830594, "code": null, "description": null, "edificio": null }, "geometry": { "type": "Polygon", "coordinates": [ [ [ 32.636965976898829, -25.771337033385283 ], [ 32.636965878336554, -25.771308222233554 ], [ 32.63699951983191, -25.771308127875166 ], [ 32.636999618402314, -25.771336939026966 ], [ 32.636965976898829, -25.771337033385283 ] ] ] } },
{ "type": "Feature", "properties": { "id_original": 4, "id_parcela": 710, "linha": 3, "coluna": 8, "area_m2": 10.76300003830594, "code": null, "description": null, "edificio": null }, "geometry": { "type": "Polygon", "coordinates": [ [ [ 32.636965779774236, -25.771279411081714 ], [ 32.636965681211876, -25.771250599929747 ], [ 32.636999322690983, -25.771250505571246 ], [ 32.636999421261464, -25.771279316723263 ], [ 32.636965779774236, -25.771279411081714 ] ] ] } },
{ "type": "Feature", "properties": { "id_original": 4, "id_parcela": 711, "linha": 3, "coluna": 9, "area_m2": 10.763000037083339, "code": null, "description": null, "edificio": null }, "geometry": { "type": "Polygon", "coordinates": [ [ [ 32.636965681211876, -25.771250599929747 ], [ 32.636965582649474, -25.77122178877768 ], [ 32.636999224120459, -25.771221694419111 ], [ 32.636999322690983, -25.771250505571246 ], [ 32.636965681211876, -25.771250599929747 ] ] ] } },
{ "type": "Feature", "properties": { "id_original": 4, "id_parcela": 712, "linha": 3, "coluna": 10, "area_m2": 10.763000037083339, "code": null, "description": null, "edificio": null }, "geometry": { "type": "Polygon", "coordinates": [ [ [ 32.636965582649474, -25.77122178877768 ], [ 32.636965484087028, -25.771192977625493 ], [ 32.636999125549885, -25.77119288326686 ], [ 32.636999224120459, -25.771221694419111 ], [ 32.636965582649474, -25.77122178877768 ] ] ] } },
{ "type": "Feature", "properties": { "id_original": 4, "id_parcela": 713, "linha": 3, "coluna": 11, "area_m2": 10.76300003774514, "code": null, "description": null, "edificio": null }, "geometry": { "type": "Polygon", "coordinates": [ [ [ 32.636965484087028, -25.771192977625493 ], [ 32.636965385524547, -25.771164166473195 ], [ 32.636999026979282, -25.771164072114505 ], [ 32.636999125549885, -25.77119288326686 ], [ 32.636965484087028, -25.771192977625493 ] ] ] } },
{ "type": "Feature", "properties": { "id_original": 4, "id_parcela": 714, "linha": 3, "coluna": 12, "area_m2": 10.763000038931896, "code": null, "description": null, "edificio": null }, "geometry": { "type": "Polygon", "coordinates": [ [ [ 32.636965385524547, -25.771164166473195 ], [ 32.63696528696201, -25.77113535532078 ], [ 32.636998928408623, -25.771135260962012 ], [ 32.636999026979282, -25.771164072114505 ], [ 32.636965385524547, -25.771164166473195 ] ] ] } },
{ "type": "Feature", "properties": { "id_original": 4, "id_parcela": 732, "linha": 4, "coluna": 3, "area_m2": 10.763000041210759, "code": null, "description": null, "edificio": null }, "geometry": { "type": "Polygon", "coordinates": [ [ [ 32.63693272961153, -25.771452372341344 ], [ 32.636932631057562, -25.771423561190129 ], [ 32.636966272585369, -25.771423466839792 ], [ 32.636966371147466, -25.77145227799107 ], [ 32.63693272961153, -25.771452372341344 ] ] ] } },
{ "type": "Feature", "properties": { "id_original": 4, "id_parcela": 733, "linha": 4, "coluna": 4, "area_m2": 10.763000039988157, "code": null, "description": null, "edificio": null }, "geometry": { "type": "Polygon", "coordinates": [ [ [ 32.636932631057562, -25.771423561190129 ], [ 32.636932532503543, -25.771394750038812 ], [ 32.636966174023236, -25.771394655688404 ], [ 32.636966272585369, -25.771423466839792 ], [ 32.636932631057562, -25.771423561190129 ] ] ] } },
{ "type": "Feature", "properties": { "id_original": 4, "id_parcela": 734, "linha": 4, "coluna": 5, "area_m2": 10.763000041836714, "code": null, "description": null, "edificio": null }, "geometry": { "type": "Polygon", "coordinates": [ [ [ 32.636932532503543, -25.771394750038812 ], [ 32.636932433949482, -25.771365938887367 ], [ 32.636966075461046, -25.771365844536898 ], [ 32.636966174023236, -25.771394655688404 ], [ 32.636932532503543, -25.771394750038812 ] ] ] } },
{ "type": "Feature", "properties": { "id_original": 4, "id_parcela": 735, "linha": 4, "coluna": 6, "area_m2": 10.763000039427357, "code": null, "description": null, "edificio": null }, "geometry": { "type": "Polygon", "coordinates": [ [ [ 32.636932433949482, -25.771365938887367 ], [ 32.636932335395393, -25.771337127735819 ], [ 32.636965976898829, -25.771337033385283 ], [ 32.636966075461046, -25.771365844536898 ], [ 32.636932433949482, -25.771365938887367 ] ] ] } },
{ "type": "Feature", "properties": { "id_original": 4, "id_parcela": 736, "linha": 4, "coluna": 7, "area_m2": 10.763000041836714, "code": null, "description": null, "edificio": null }, "geometry": { "type": "Polygon", "coordinates": [ [ [ 32.636932335395393, -25.771337127735819 ], [ 32.636932236841247, -25.77130831658415 ], [ 32.636965878336554, -25.771308222233554 ], [ 32.636965976898829, -25.771337033385283 ], [ 32.636932335395393, -25.771337127735819 ] ] ] } },
{ "type": "Feature", "properties": { "id_original": 4, "id_parcela": 737, "linha": 4, "coluna": 8, "area_m2": 10.763000041836714, "code": null, "description": null, "edificio": null }, "geometry": { "type": "Polygon", "coordinates": [ [ [ 32.636932138287044, -25.771279505432378 ], [ 32.636932039732812, -25.771250694280472 ], [ 32.636965681211876, -25.771250599929747 ], [ 32.636965779774236, -25.771279411081714 ], [ 32.636932138287044, -25.771279505432378 ] ] ] } },
{ "type": "Feature", "properties": { "id_original": 4, "id_parcela": 738, "linha": 4, "coluna": 9, "area_m2": 10.763000039988157, "code": null, "description": null, "edificio": null }, "geometry": { "type": "Polygon", "coordinates": [ [ [ 32.636932039732812, -25.771250694280472 ], [ 32.636931941178531, -25.771221883128472 ], [ 32.636965582649474, -25.77122178877768 ], [ 32.636965681211876, -25.771250599929747 ], [ 32.636932039732812, -25.771250694280472 ] ] ] } },
{ "type": "Feature", "properties": { "id_original": 4, "id_parcela": 739, "linha": 4, "coluna": 10, "area_m2": 10.763000039988157, "code": null, "description": null, "edificio": null }, "geometry": { "type": "Polygon", "coordinates": [ [ [ 32.636931941178531, -25.771221883128472 ], [ 32.636931842624207, -25.771193071976356 ], [ 32.636965484087028, -25.771192977625493 ], [ 32.636965582649474, -25.77122178877768 ], [ 32.636931941178531, -25.771221883128472 ] ] ] } },
{ "type": "Feature", "properties": { "id_original": 4, "id_parcela": 740, "linha": 4, "coluna": 11, "area_m2": 10.763000042498515, "code": null, "description": null, "edificio": null }, "geometry": { "type": "Polygon", "coordinates": [ [ [ 32.636931842624207, -25.771193071976356 ], [ 32.636931744069848, -25.771164260824122 ], [ 32.636965385524547, -25.771164166473195 ], [ 32.636965484087028, -25.771192977625493 ], [ 32.636931842624207, -25.771193071976356 ] ] ] } },
{ "type": "Feature", "properties": { "id_original": 4, "id_parcela": 741, "linha": 4, "coluna": 12, "area_m2": 10.763000041836714, "code": null, "description": null, "edificio": null }, "geometry": { "type": "Polygon", "coordinates": [ [ [ 32.636931744069848, -25.771164260824122 ], [ 32.636931645515439, -25.771135449671771 ], [ 32.63696528696201, -25.77113535532078 ], [ 32.636965385524547, -25.771164166473195 ], [ 32.636931744069848, -25.771164260824122 ] ] ] } },
{ "type": "Feature", "properties": { "id_original": 4, "id_parcela": 784, "linha": 6, "coluna": 1, "area_m2": 10.643485624183072, "code": null, "description": null, "edificio": null }, "geometry": { "type": "Polygon", "coordinates": [ [ [ 32.636899186621449, -25.771481277834866 ], [ 32.636899284903201, -25.771510011800665 ], [ 32.636865649379324, -25.77151018330423 ], [ 32.636866196327283, -25.771481370343427 ], [ 32.636899186621449, -25.771481277834866 ] ] ] } },
{ "type": "Feature", "properties": { "id_original": 4, "id_parcela": 785, "linha": 6, "coluna": 2, "area_m2": 10.451388831108053, "code": null, "description": null, "edificio": null }, "geometry": { "type": "Polygon", "coordinates": [ [ [ 32.636899088075651, -25.771452466683851 ], [ 32.636899186621449, -25.771481277834866 ], [ 32.636866196327283, -25.771481370343427 ], [ 32.636866743274872, -25.771452557382514 ], [ 32.636899088075651, -25.771452466683851 ] ] ] } },
{ "type": "Feature", "properties": { "id_original": 4, "id_parcela": 786, "linha": 6, "coluna": 3, "area_m2": 10.244877457719342, "code": null, "description": null, "edificio": null }, "geometry": { "type": "Polygon", "coordinates": [ [ [ 32.636898989529797, -25.771423655532693 ], [ 32.636899088075651, -25.771452466683851 ], [ 32.636866743274872, -25.771452557382514 ], [ 32.636867290222128, -25.771423744421476 ], [ 32.636898989529797, -25.771423655532693 ] ] ] } },
{ "type": "Feature", "properties": { "id_original": 4, "id_parcela": 787, "linha": 6, "coluna": 4, "area_m2": 10.038366080182927, "code": null, "description": null, "edificio": null }, "geometry": { "type": "Polygon", "coordinates": [ [ [ 32.636898890983908, -25.771394844381447 ], [ 32.636898989529797, -25.771423655532693 ], [ 32.636867290222128, -25.771423744421476 ], [ 32.636867837169007, -25.771394931460332 ], [ 32.636898890983908, -25.771394844381447 ] ] ] } },
{ "type": "Feature", "properties": { "id_original": 4, "id_parcela": 788, "linha": 6, "coluna": 5, "area_m2": 9.8318547107697505, "code": null, "description": null, "edificio": null }, "geometry": { "type": "Polygon", "coordinates": [ [ [ 32.636898792437968, -25.771366033230063 ], [ 32.636898890983908, -25.771394844381447 ], [ 32.636867837169007, -25.771394931460332 ], [ 32.636868384115537, -25.771366118499049 ], [ 32.636898792437968, -25.771366033230063 ] ] ] } },
{ "type": "Feature", "properties": { "id_original": 4, "id_parcela": 789, "linha": 6, "coluna": 6, "area_m2": 9.6579023976944303, "code": null, "description": null, "edificio": null }, "geometry": { "type": "Polygon", "coordinates": [ [ [ 32.636898693892, -25.771337222078564 ], [ 32.636898792437968, -25.771366033230063 ], [ 32.636868384115537, -25.771366118499049 ], [ 32.636868657049398, -25.77135174042737 ], [ 32.636868524788362, -25.771337306676863 ], [ 32.636898693892, -25.771337222078564 ] ] ] } },
{ "type": "Feature", "properties": { "id_original": 4, "id_parcela": 790, "linha": 6, "coluna": 7, "area_m2": 9.6785360091879937, "code": null, "description": null, "edificio": null }, "geometry": { "type": "Polygon", "coordinates": [ [ [ 32.636898595345976, -25.771308410926967 ], [ 32.636898693892, -25.771337222078564 ], [ 32.636868524788362, -25.771337306676863 ], [ 32.636868260786905, -25.771308495989288 ], [ 32.636898595345976, -25.771308410926967 ] ] ] } },
{ "type": "Feature", "properties": { "id_original": 4, "id_parcela": 791, "linha": 6, "coluna": 8, "area_m2": 9.7314728736622857, "code": null, "description": null, "edificio": null }, "geometry": { "type": "Polygon", "coordinates": [ [ [ 32.636898496799908, -25.771279599775255 ], [ 32.636898595345976, -25.771308410926967 ], [ 32.636868260786905, -25.771308495989288 ], [ 32.636867996785483, -25.771279685301593 ], [ 32.636898496799908, -25.771279599775255 ] ] ] } },
{ "type": "Feature", "properties": { "id_original": 4, "id_parcela": 792, "linha": 6, "coluna": 9, "area_m2": 9.7844097331205901, "code": null, "description": null, "edificio": null }, "geometry": { "type": "Polygon", "coordinates": [ [ [ 32.636898398253791, -25.771250788623423 ], [ 32.636898496799908, -25.771279599775255 ], [ 32.636867996785483, -25.771279685301593 ], [ 32.636867732784111, -25.771250874613788 ], [ 32.636898398253791, -25.771250788623423 ] ] ] } },
{ "type": "Feature", "properties": { "id_original": 4, "id_parcela": 793, "linha": 6, "coluna": 10, "area_m2": 9.8373465969991791, "code": null, "description": null, "edificio": null }, "geometry": { "type": "Polygon", "coordinates": [ [ [ 32.636898299707639, -25.771221977471487 ], [ 32.636898398253791, -25.771250788623423 ], [ 32.636867732784111, -25.771250874613788 ], [ 32.636867468782761, -25.77122206392588 ], [ 32.636898299707639, -25.771221977471487 ] ] ] } },
{ "type": "Feature", "properties": { "id_original": 4, "id_parcela": 794, "linha": 6, "coluna": 11, "area_m2": 9.8902834598886447, "code": null, "description": null, "edificio": null }, "geometry": { "type": "Polygon", "coordinates": [ [ [ 32.636898201161458, -25.771193166319431 ], [ 32.636898299707639, -25.771221977471487 ], [ 32.636867468782761, -25.77122206392588 ], [ 32.636867204781467, -25.771193253237833 ], [ 32.636898201161458, -25.771193166319431 ] ] ] } },
{ "type": "Feature", "properties": { "id_original": 4, "id_parcela": 795, "linha": 6, "coluna": 12, "area_m2": 9.9432203237479833, "code": null, "description": null, "edificio": null }, "geometry": { "type": "Polygon", "coordinates": [ [ [ 32.636898102615206, -25.771164355167258 ], [ 32.636898201161458, -25.771193166319431 ], [ 32.636867204781467, -25.771193253237833 ], [ 32.636866940780187, -25.771164442549683 ], [ 32.636898102615206, -25.771164355167258 ] ] ] } },
{ "type": "Feature", "properties": { "id_original": 4, "id_parcela": 796, "linha": 6, "coluna": 13, "area_m2": 9.996157185415246, "code": null, "description": null, "edificio": null }, "geometry": { "type": "Polygon", "coordinates": [ [ [ 32.636898004068918, -25.771135544014975 ], [ 32.636898102615206, -25.771164355167258 ], [ 32.636866940780187, -25.771164442549683 ], [ 32.636866676778951, -25.771135631861434 ], [ 32.636898004068918, -25.771135544014975 ] ] ] } },
{ "type": "Feature", "properties": { "id_original": 4, "id_parcela": 704, "linha": 3, "coluna": 2, "area_m2": 10.763000038866648, "code": null, "description": null, "edificio": null }, "geometry": { "type": "Polygon", "coordinates": [ [ [ 32.637162944129216, -25.771439470872462 ], [ 32.637196585662018, -25.771439376468933 ], [ 32.637230227194877, -25.771439282057631 ], [ 32.637230325820674, -25.771468093209343 ], [ 32.637196684279694, -25.771468187620592 ], [ 32.637163042738756, -25.77146828202406 ], [ 32.637162944129216, -25.771439470872462 ] ] ] } },
{ "type": "Feature", "properties": { "id_original": 4, "id_parcela": 649, "linha": 1, "coluna": 1, "area_m2": 10.538881032668643, "code": null, "description": null, "edificio": null }, "geometry": { "type": "Polygon", "coordinates": [ [ [ 32.637263967361712, -25.771467998790332 ], [ 32.637297404663627, -25.771467904936827 ], [ 32.637297493992243, -25.771496253419723 ], [ 32.637264064674198, -25.771496423963423 ], [ 32.637263967361712, -25.771467998790332 ] ] ] } },
{ "type": "Feature", "properties": { "id_original": 4, "id_parcela": 650, "linha": 1, "coluna": 2, "area_m2": 10.698914019168775, "code": null, "description": null, "edificio": null }, "geometry": { "type": "Polygon", "coordinates": [ [ [ 32.637263967361712, -25.771467998790332 ], [ 32.637263868727793, -25.771439187638546 ], [ 32.637297313876985, -25.771439093762922 ], [ 32.637297404663627, -25.771467904936827 ], [ 32.637263967361712, -25.771467998790332 ] ] ] } },
{ "type": "Feature", "properties": { "id_original": 4, "id_parcela": 651, "linha": 1, "coluna": 3, "area_m2": 10.701427198080889, "code": null, "description": null, "edificio": null }, "geometry": { "type": "Polygon", "coordinates": [ [ [ 32.637263868727793, -25.771439187638546 ], [ 32.637263770093824, -25.771410376486639 ], [ 32.637297223090293, -25.771410282588906 ], [ 32.637297313876985, -25.771439093762922 ], [ 32.637263868727793, -25.771439187638546 ] ] ] } },
{ "type": "Feature", "properties": { "id_original": 4, "id_parcela": 652, "linha": 1, "coluna": 4, "area_m2": 10.703940375223745, "code": null, "description": null, "edificio": null }, "geometry": { "type": "Polygon", "coordinates": [ [ [ 32.637263770093824, -25.771410376486639 ], [ 32.637263671459806, -25.771381565334629 ], [ 32.637297132303559, -25.771381471414788 ], [ 32.637297223090293, -25.771410282588906 ], [ 32.637263770093824, -25.771410376486639 ] ] ] } },
{ "type": "Feature", "properties": { "id_original": 4, "id_parcela": 653, "linha": 1, "coluna": 5, "area_m2": 10.706453554195559, "code": null, "description": null, "edificio": null }, "geometry": { "type": "Polygon", "coordinates": [ [ [ 32.637263671459806, -25.771381565334629 ], [ 32.637263572825759, -25.771352754182505 ], [ 32.63729704151676, -25.771352660240549 ], [ 32.637297132303559, -25.771381471414788 ], [ 32.637263671459806, -25.771381565334629 ] ] ] } },
{ "type": "Feature", "properties": { "id_original": 4, "id_parcela": 654, "linha": 1, "coluna": 6, "area_m2": 10.708966727191426, "code": null, "description": null, "edificio": null }, "geometry": { "type": "Polygon", "coordinates": [ [ [ 32.637263572825759, -25.771352754182505 ], [ 32.637263474191677, -25.771323943030264 ], [ 32.63729695072994, -25.771323849066189 ], [ 32.63729704151676, -25.771352660240549 ], [ 32.637263572825759, -25.771352754182505 ] ] ] } },
{ "type": "Feature", "properties": { "id_original": 4, "id_parcela": 655, "linha": 1, "coluna": 7, "area_m2": 10.711479908502284, "code": null, "description": null, "edificio": null }, "geometry": { "type": "Polygon", "coordinates": [ [ [ 32.637263474191677, -25.771323943030264 ], [ 32.637263375557531, -25.771295131877903 ], [ 32.637296859943049, -25.771295037891711 ], [ 32.63729695072994, -25.771323849066189 ], [ 32.637263474191677, -25.771323943030264 ] ] ] } },
{ "type": "Feature", "properties": { "id_original": 4, "id_parcela": 656, "linha": 1, "coluna": 8, "area_m2": 10.713993083802627, "code": null, "description": null, "edificio": null }, "geometry": { "type": "Polygon", "coordinates": [ [ [ 32.637263375557531, -25.771295131877903 ], [ 32.637263276923349, -25.771266320725427 ], [ 32.637296769156137, -25.771266226717135 ], [ 32.637296859943049, -25.771295037891711 ], [ 32.637263375557531, -25.771295131877903 ] ] ] } },
{ "type": "Feature", "properties": { "id_original": 4, "id_parcela": 657, "linha": 1, "coluna": 9, "area_m2": 10.716506260934588, "code": null, "description": null, "edificio": null }, "geometry": { "type": "Polygon", "coordinates": [ [ [ 32.637263276923349, -25.771266320725427 ], [ 32.637263178289125, -25.771237509572856 ], [ 32.637296678369133, -25.77123741554243 ], [ 32.637296769156137, -25.771266226717135 ], [ 32.637263276923349, -25.771266320725427 ] ] ] } },
{ "type": "Feature", "properties": { "id_original": 4, "id_parcela": 658, "linha": 1, "coluna": 10, "area_m2": 10.719019436326541, "code": null, "description": null, "edificio": null }, "geometry": { "type": "Polygon", "coordinates": [ [ [ 32.637263178289125, -25.771237509572856 ], [ 32.637263079654851, -25.771208698420164 ], [ 32.637296587582121, -25.771208604367633 ], [ 32.637296678369133, -25.77123741554243 ], [ 32.637263178289125, -25.771237509572856 ] ] ] } },
{ "type": "Feature", "properties": { "id_original": 4, "id_parcela": 659, "linha": 1, "coluna": 11, "area_m2": 10.721532616526472, "code": null, "description": null, "edificio": null }, "geometry": { "type": "Polygon", "coordinates": [ [ [ 32.637263079654851, -25.771208698420164 ], [ 32.637262981020548, -25.771179887267351 ], [ 32.637296496795059, -25.771179793192704 ], [ 32.637296587582121, -25.771208604367633 ], [ 32.637263079654851, -25.771208698420164 ] ] ] } },
{ "type": "Feature", "properties": { "id_original": 4, "id_parcela": 660, "linha": 1, "coluna": 12, "area_m2": 10.72404579422469, "code": null, "description": null, "edificio": null }, "geometry": { "type": "Polygon", "coordinates": [ [ [ 32.637262981020548, -25.771179887267351 ], [ 32.637262882386189, -25.771151076114425 ], [ 32.637296406007948, -25.771150982017673 ], [ 32.637296496795059, -25.771179793192704 ], [ 32.637262981020548, -25.771179887267351 ] ] ] } },
{ "type": "Feature", "properties": { "id_original": 4, "id_parcela": 661, "linha": 1, "coluna": 13, "area_m2": 10.726558968297065, "code": null, "description": null, "edificio": null }, "geometry": { "type": "Polygon", "coordinates": [ [ [ 32.637262882386189, -25.771151076114425 ], [ 32.637262783751787, -25.771122264961402 ], [ 32.637296315220766, -25.771122170842528 ], [ 32.637296406007948, -25.771150982017673 ], [ 32.637262882386189, -25.771151076114425 ] ] ] } },
{ "type": "Feature", "properties": { "id_original": 4, "id_parcela": 705, "linha": 3, "coluna": 3, "area_m2": 10.763000038931896, "code": null, "description": null, "edificio": null }, "geometry": { "type": "Polygon", "coordinates": [ [ [ 32.637196585662018, -25.771439376468933 ], [ 32.637196487044307, -25.771410565317161 ], [ 32.637230128569037, -25.771410470905796 ], [ 32.637230227194877, -25.771439282057631 ], [ 32.637196585662018, -25.771439376468933 ] ] ] } },
{ "type": "Feature", "properties": { "id_original": 4, "id_parcela": 706, "linha": 3, "coluna": 4, "area_m2": 10.763000035860738, "code": null, "description": null, "edificio": null }, "geometry": { "type": "Polygon", "coordinates": [ [ [ 32.637196487044307, -25.771410565317161 ], [ 32.637196388426553, -25.771381754165272 ], [ 32.637230029943147, -25.771381659753843 ], [ 32.637230128569037, -25.771410470905796 ], [ 32.637196487044307, -25.771410565317161 ] ] ] } },
{ "type": "Feature", "properties": { "id_original": 4, "id_parcela": 707, "linha": 3, "coluna": 5, "area_m2": 10.763000038931896, "code": null, "description": null, "edificio": null }, "geometry": { "type": "Polygon", "coordinates": [ [ [ 32.637196388426553, -25.771381754165272 ], [ 32.637196289808742, -25.77135294301328 ], [ 32.637229931317229, -25.771352848601776 ], [ 32.637230029943147, -25.771381659753843 ], [ 32.637196388426553, -25.771381754165272 ] ] ] } },
{ "type": "Feature", "properties": { "id_original": 4, "id_parcela": 708, "linha": 3, "coluna": 6, "area_m2": 10.76300003774514, "code": null, "description": null, "edificio": null }, "geometry": { "type": "Polygon", "coordinates": [ [ [ 32.637196289808742, -25.77135294301328 ], [ 32.637196191190903, -25.771324131861174 ], [ 32.637229832691261, -25.771324037449595 ], [ 32.637229931317229, -25.771352848601776 ], [ 32.637196289808742, -25.77135294301328 ] ] ] } },
{ "type": "Feature", "properties": { "id_original": 4, "id_parcela": 709, "linha": 3, "coluna": 7, "area_m2": 10.76300003830594, "code": null, "description": null, "edificio": null }, "geometry": { "type": "Polygon", "coordinates": [ [ [ 32.637196191190903, -25.771324131861174 ], [ 32.637196092573006, -25.771295320708948 ], [ 32.637229734065244, -25.771295226297305 ], [ 32.637229832691261, -25.771324037449595 ], [ 32.637196191190903, -25.771324131861174 ] ] ] } },
{ "type": "Feature", "properties": { "id_original": 4, "id_parcela": 710, "linha": 3, "coluna": 8, "area_m2": 10.76300003830594, "code": null, "description": null, "edificio": null }, "geometry": { "type": "Polygon", "coordinates": [ [ [ 32.637195993955068, -25.771266509556614 ], [ 32.637195895337094, -25.771237698404171 ], [ 32.637229536813074, -25.771237603992404 ], [ 32.637229635439176, -25.771266415144911 ], [ 32.637195993955068, -25.771266509556614 ] ] ] } },
{ "type": "Feature", "properties": { "id_original": 4, "id_parcela": 711, "linha": 3, "coluna": 9, "area_m2": 10.763000037083339, "code": null, "description": null, "edificio": null }, "geometry": { "type": "Polygon", "coordinates": [ [ [ 32.637195895337094, -25.771237698404171 ], [ 32.637195796719062, -25.771208887251596 ], [ 32.637229438186928, -25.771208792839776 ], [ 32.637229536813074, -25.771237603992404 ], [ 32.637195895337094, -25.771237698404171 ] ] ] } },
{ "type": "Feature", "properties": { "id_original": 4, "id_parcela": 712, "linha": 3, "coluna": 10, "area_m2": 10.763000037083339, "code": null, "description": null, "edificio": null }, "geometry": { "type": "Polygon", "coordinates": [ [ [ 32.637195796719062, -25.771208887251596 ], [ 32.637195698100996, -25.771180076098918 ], [ 32.637229339560733, -25.771179981687034 ], [ 32.637229438186928, -25.771208792839776 ], [ 32.637195796719062, -25.771208887251596 ] ] ] } },
{ "type": "Feature", "properties": { "id_original": 4, "id_parcela": 713, "linha": 3, "coluna": 11, "area_m2": 10.76300003774514, "code": null, "description": null, "edificio": null }, "geometry": { "type": "Polygon", "coordinates": [ [ [ 32.637195698100996, -25.771180076098918 ], [ 32.637195599482894, -25.771151264946127 ], [ 32.637229240934516, -25.771151170534178 ], [ 32.637229339560733, -25.771179981687034 ], [ 32.637195698100996, -25.771180076098918 ] ] ] } },
{ "type": "Feature", "properties": { "id_original": 4, "id_parcela": 714, "linha": 3, "coluna": 12, "area_m2": 10.763000038931896, "code": null, "description": null, "edificio": null }, "geometry": { "type": "Polygon", "coordinates": [ [ [ 32.637195599482894, -25.771151264946127 ], [ 32.637195500864742, -25.771122453793225 ], [ 32.637229142308236, -25.771122359381199 ], [ 32.637229240934509, -25.771151170534178 ], [ 32.637195599482894, -25.771151264946127 ] ] ] } },
{ "type": "Feature", "properties": { "id_original": 4, "id_parcela": 732, "linha": 4, "coluna": 3, "area_m2": 10.763000041210759, "code": null, "description": null, "edificio": null }, "geometry": { "type": "Polygon", "coordinates": [ [ [ 32.637162944129216, -25.771439470872462 ], [ 32.637162845519619, -25.771410659720758 ], [ 32.637196487044307, -25.771410565317161 ], [ 32.637196585662018, -25.771439376468933 ], [ 32.637162944129216, -25.771439470872462 ] ] ] } },
{ "type": "Feature", "properties": { "id_original": 4, "id_parcela": 733, "linha": 4, "coluna": 4, "area_m2": 10.763000039988157, "code": null, "description": null, "edificio": null }, "geometry": { "type": "Polygon", "coordinates": [ [ [ 32.637162845519619, -25.771410659720758 ], [ 32.637162746909986, -25.771381848568943 ], [ 32.637196388426553, -25.771381754165272 ], [ 32.637196487044307, -25.771410565317161 ], [ 32.637162845519619, -25.771410659720758 ] ] ] } },
{ "type": "Feature", "properties": { "id_original": 4, "id_parcela": 734, "linha": 4, "coluna": 5, "area_m2": 10.763000041836714, "code": null, "description": null, "edificio": null }, "geometry": { "type": "Polygon", "coordinates": [ [ [ 32.637162746909986, -25.771381848568943 ], [ 32.637162648300304, -25.771353037417004 ], [ 32.637196289808742, -25.77135294301328 ], [ 32.637196388426553, -25.771381754165272 ], [ 32.637162746909986, -25.771381848568943 ] ] ] } },
{ "type": "Feature", "properties": { "id_original": 4, "id_parcela": 735, "linha": 4, "coluna": 6, "area_m2": 10.763000039427357, "code": null, "description": null, "edificio": null }, "geometry": { "type": "Polygon", "coordinates": [ [ [ 32.637162648300304, -25.771353037417004 ], [ 32.637162549690586, -25.771324226264962 ], [ 32.637196191190903, -25.771324131861174 ], [ 32.637196289808742, -25.77135294301328 ], [ 32.637162648300304, -25.771353037417004 ] ] ] } },
{ "type": "Feature", "properties": { "id_original": 4, "id_parcela": 736, "linha": 4, "coluna": 7, "area_m2": 10.763000041836714, "code": null, "description": null, "edificio": null }, "geometry": { "type": "Polygon", "coordinates": [ [ [ 32.637162549690586, -25.771324226264962 ], [ 32.637162451080819, -25.77129541511281 ], [ 32.637196092573006, -25.771295320708948 ], [ 32.637196191190903, -25.771324131861174 ], [ 32.637162549690586, -25.771324226264962 ] ] ] } },
{ "type": "Feature", "properties": { "id_original": 4, "id_parcela": 737, "linha": 4, "coluna": 8, "area_m2": 10.763000041836714, "code": null, "description": null, "edificio": null }, "geometry": { "type": "Polygon", "coordinates": [ [ [ 32.637162352470995, -25.771266603960537 ], [ 32.637162253861142, -25.771237792808144 ], [ 32.637195895337094, -25.771237698404171 ], [ 32.637195993955068, -25.771266509556614 ], [ 32.637162352470995, -25.771266603960537 ] ] ] } },
{ "type": "Feature", "properties": { "id_original": 4, "id_parcela": 738, "linha": 4, "coluna": 9, "area_m2": 10.763000039988157, "code": null, "description": null, "edificio": null }, "geometry": { "type": "Polygon", "coordinates": [ [ [ 32.637162253861142, -25.771237792808144 ], [ 32.637162155251247, -25.771208981655651 ], [ 32.637195796719062, -25.771208887251596 ], [ 32.637195895337094, -25.771237698404171 ], [ 32.637162253861142, -25.771237792808144 ] ] ] } },
{ "type": "Feature", "properties": { "id_original": 4, "id_parcela": 739, "linha": 4, "coluna": 10, "area_m2": 10.763000039988157, "code": null, "description": null, "edificio": null }, "geometry": { "type": "Polygon", "coordinates": [ [ [ 32.637162155251247, -25.771208981655651 ], [ 32.637162056641301, -25.771180170503044 ], [ 32.637195698100996, -25.771180076098918 ], [ 32.637195796719062, -25.771208887251596 ], [ 32.637162155251247, -25.771208981655651 ] ] ] } },
{ "type": "Feature", "properties": { "id_original": 4, "id_parcela": 740, "linha": 4, "coluna": 11, "area_m2": 10.763000042498515, "code": null, "description": null, "edificio": null }, "geometry": { "type": "Polygon", "coordinates": [ [ [ 32.637162056641301, -25.771180170503044 ], [ 32.637161958031321, -25.771151359350309 ], [ 32.637195599482894, -25.771151264946127 ], [ 32.637195698100996, -25.771180076098918 ], [ 32.637162056641301, -25.771180170503044 ] ] ] } },
{ "type": "Feature", "properties": { "id_original": 4, "id_parcela": 741, "linha": 4, "coluna": 12, "area_m2": 10.763000041836714, "code": null, "description": null, "edificio": null }, "geometry": { "type": "Polygon", "coordinates": [ [ [ 32.637161958031321, -25.771151359350309 ], [ 32.63716185942129, -25.771122548197464 ], [ 32.637195500864742, -25.771122453793225 ], [ 32.637195599482894, -25.771151264946127 ], [ 32.637161958031321, -25.771151359350309 ] ] ] } },
{ "type": "Feature", "properties": { "id_original": 4, "id_parcela": 784, "linha": 6, "coluna": 1, "area_m2": 10.643485624183072, "code": null, "description": null, "edificio": null }, "geometry": { "type": "Polygon", "coordinates": [ [ [ 32.637129401197868, -25.771468376419737 ], [ 32.637129499535092, -25.771497110386022 ], [ 32.637095864014483, -25.771497281942835 ], [ 32.637096410906757, -25.771468468980519 ], [ 32.637129401197868, -25.771468376419737 ] ] ] } },
{ "type": "Feature", "properties": { "id_original": 4, "id_parcela": 785, "linha": 6, "coluna": 2, "area_m2": 10.451388831108053, "code": null, "description": null, "edificio": null }, "geometry": { "type": "Polygon", "coordinates": [ [ [ 32.637129302596449, -25.771439565268224 ], [ 32.637129401197868, -25.771468376419737 ], [ 32.637096410906757, -25.771468468980519 ], [ 32.637096957798676, -25.771439656018096 ], [ 32.637129302596449, -25.771439565268224 ] ] ] } },
{ "type": "Feature", "properties": { "id_original": 4, "id_parcela": 786, "linha": 6, "coluna": 3, "area_m2": 10.244877457719342, "code": null, "description": null, "edificio": null }, "geometry": { "type": "Polygon", "coordinates": [ [ [ 32.637129203994981, -25.77141075411658 ], [ 32.637129302596449, -25.771439565268224 ], [ 32.637096957798676, -25.771439656018096 ], [ 32.637097504690246, -25.771410843055541 ], [ 32.637129203994981, -25.77141075411658 ] ] ] } },
{ "type": "Feature", "properties": { "id_original": 4, "id_parcela": 787, "linha": 6, "coluna": 4, "area_m2": 10.038366080182927, "code": null, "description": null, "edificio": null }, "geometry": { "type": "Polygon", "coordinates": [ [ [ 32.63712910539347, -25.77138194296483 ], [ 32.637129203994981, -25.77141075411658 ], [ 32.637097504690246, -25.771410843055541 ], [ 32.637098051581447, -25.771382030092873 ], [ 32.63712910539347, -25.77138194296483 ] ] ] } },
{ "type": "Feature", "properties": { "id_original": 4, "id_parcela": 788, "linha": 6, "coluna": 5, "area_m2": 9.8318547107697505, "code": null, "description": null, "edificio": null }, "geometry": { "type": "Polygon", "coordinates": [ [ [ 32.637129006791909, -25.771353131812962 ], [ 32.63712910539347, -25.77138194296483 ], [ 32.637098051581447, -25.771382030092873 ], [ 32.637098598472299, -25.771353217130081 ], [ 32.637129006791909, -25.771353131812962 ] ] ] } },
{ "type": "Feature", "properties": { "id_original": 4, "id_parcela": 789, "linha": 6, "coluna": 6, "area_m2": 9.6579023976944303, "code": null, "description": null, "edificio": null }, "geometry": { "type": "Polygon", "coordinates": [ [ [ 32.637128908190313, -25.771324320660966 ], [ 32.637129006791909, -25.771353131812962 ], [ 32.637098598472299, -25.771353217130081 ], [ 32.63709887137837, -25.771338839057645 ], [ 32.637098739089481, -25.771324405307023 ], [ 32.637128908190313, -25.771324320660966 ] ] ] } },
{ "type": "Feature", "properties": { "id_original": 4, "id_parcela": 790, "linha": 6, "coluna": 7, "area_m2": 9.6785360091879937, "code": null, "description": null, "edificio": null }, "geometry": { "type": "Polygon", "coordinates": [ [ [ 32.637128809588674, -25.771295509508874 ], [ 32.637128908190313, -25.771324320660966 ], [ 32.637098739089481, -25.771324405307023 ], [ 32.637098475032417, -25.771295594619218 ], [ 32.637128809588674, -25.771295509508874 ] ] ] } },
{ "type": "Feature", "properties": { "id_original": 4, "id_parcela": 791, "linha": 6, "coluna": 8, "area_m2": 9.7314728736622857, "code": null, "description": null, "edificio": null }, "geometry": { "type": "Polygon", "coordinates": [ [ [ 32.637128710986985, -25.771266698356673 ], [ 32.637128809588674, -25.771295509508874 ], [ 32.637098475032417, -25.771295594619218 ], [ 32.637098210975388, -25.771266783931289 ], [ 32.637128710986985, -25.771266698356673 ] ] ] } },
{ "type": "Feature", "properties": { "id_original": 4, "id_parcela": 792, "linha": 6, "coluna": 9, "area_m2": 9.7844097331205901, "code": null, "description": null, "edificio": null }, "geometry": { "type": "Polygon", "coordinates": [ [ [ 32.637128612385247, -25.77123788720435 ], [ 32.637128710986985, -25.771266698356673 ], [ 32.637098210975388, -25.771266783931289 ], [ 32.637097946918409, -25.771237973243259 ], [ 32.637128612385247, -25.77123788720435 ] ] ] } },
{ "type": "Feature", "properties": { "id_original": 4, "id_parcela": 793, "linha": 6, "coluna": 10, "area_m2": 9.8373465969991791, "code": null, "description": null, "edificio": null }, "geometry": { "type": "Polygon", "coordinates": [ [ [ 32.637128513783473, -25.771209076051914 ], [ 32.637128612385247, -25.77123788720435 ], [ 32.637097946918409, -25.771237973243259 ], [ 32.637097682861445, -25.77120916255512 ], [ 32.637128513783473, -25.771209076051914 ] ] ] } },
{ "type": "Feature", "properties": { "id_original": 4, "id_parcela": 794, "linha": 6, "coluna": 11, "area_m2": 9.8902834598886447, "code": null, "description": null, "edificio": null }, "geometry": { "type": "Polygon", "coordinates": [ [ [ 32.637128415181664, -25.771180264899364 ], [ 32.637128513783473, -25.771209076051914 ], [ 32.637097682861445, -25.77120916255512 ], [ 32.637097418804551, -25.771180351866843 ], [ 32.637128415181664, -25.771180264899364 ] ] ] } },
{ "type": "Feature", "properties": { "id_original": 4, "id_parcela": 795, "linha": 6, "coluna": 12, "area_m2": 9.9432203237479833, "code": null, "description": null, "edificio": null }, "geometry": { "type": "Polygon", "coordinates": [ [ [ 32.637128316579805, -25.771151453746707 ], [ 32.637128415181664, -25.771180264899364 ], [ 32.637097418804551, -25.771180351866843 ], [ 32.637097154747671, -25.771151541178455 ], [ 32.637128316579805, -25.771151453746707 ] ] ] } },
{ "type": "Feature", "properties": { "id_original": 4, "id_parcela": 796, "linha": 6, "coluna": 13, "area_m2": 9.996157185415246, "code": null, "description": null, "edificio": null }, "geometry": { "type": "Polygon", "coordinates": [ [ [ 32.637128217977896, -25.77112264259393 ], [ 32.637128316579805, -25.771151453746707 ], [ 32.637097154747671, -25.771151541178455 ], [ 32.637096890690835, -25.771122730489981 ], [ 32.637128217977896, -25.77112264259393 ] ] ] } },
{ "type": "Feature", "properties": { "id_original": null, "id_parcela": null, "linha": null, "coluna": null, "area_m2": null, "code": null, "description": "WC", "edificio": null }, "geometry": { "type": "Polygon", "coordinates": [ [ [ 32.637611891409222, -25.773348926288016 ], [ 32.637547671624532, -25.773350264200204 ], [ 32.637549678492803, -25.773270658425428 ], [ 32.637613898277493, -25.773270658425421 ], [ 32.637611891409222, -25.773348926288016 ] ] ] } },
{ "type": "Feature", "properties": { "id_original": null, "id_parcela": null, "linha": null, "coluna": null, "area_m2": null, "code": null, "description": "WC", "edificio": null }, "geometry": { "type": "Polygon", "coordinates": [ [ [ 32.6372081, -25.7721366 ], [ 32.6372063, -25.772063899999988 ], [ 32.6372903, -25.7720627 ], [ 32.6372899, -25.772137599999986 ], [ 32.6372081, -25.7721366 ] ] ] } },
{ "type": "Feature", "properties": { "id_original": null, "id_parcela": null, "linha": null, "coluna": null, "area_m2": null, "code": null, "description": "WC", "edificio": null }, "geometry": { "type": "Polygon", "coordinates": [ [ [ 32.636027134430776, -25.773503455144922 ], [ 32.635944183875552, -25.773507468881462 ], [ 32.63594284596337, -25.77341782876535 ], [ 32.636024458606414, -25.773415152940977 ], [ 32.636027134430776, -25.773503455144922 ] ] ] } },
{ "type": "Feature", "properties": { "id_original": null, "id_parcela": null, "linha": null, "coluna": null, "area_m2": null, "code": null, "description": "WC", "edificio": null }, "geometry": { "type": "Polygon", "coordinates": [ [ [ 32.635925453105017, -25.773499441408394 ], [ 32.635925453105017, -25.773437897448062 ], [ 32.635842502549792, -25.773441911184602 ], [ 32.635845178374154, -25.773498103496202 ], [ 32.635925453105017, -25.773499441408394 ] ] ] } },
{ "type": "Feature", "properties": { "id_original": null, "id_parcela": null, "linha": null, "coluna": null, "area_m2": null, "code": "", "description": "WC", "edificio": null }, "geometry": { "type": "Polygon", "coordinates": [ [ [ 32.635419722300583, -25.77192204294693 ], [ 32.635356840428074, -25.771924718771302 ], [ 32.635355502515893, -25.77172536985632 ], [ 32.63541570856404, -25.77172536985632 ], [ 32.635419722300583, -25.77192204294693 ] ] ] } },
{ "type": "Feature", "properties": { "id_original": null, "id_parcela": null, "linha": null, "coluna": null, "area_m2": null, "code": "", "description": "Quickbuild (Perdidos e achados)", "edificio": null }, "geometry": { "type": "Polygon", "coordinates": [ [ [ 32.635435777246755, -25.772055834165041 ], [ 32.635360854164617, -25.772055834165037 ], [ 32.635356840428074, -25.771960842400187 ], [ 32.635434439334574, -25.771955490751459 ], [ 32.635435777246755, -25.772055834165041 ] ] ] } }
]
}
